id,source,lang,url,date,title,window,fuel_hits,fuel_in_title,about_fuel,global_market,global_market_hits,govt_failure,govt_failure_hits,corruption_syndicate,corruption_syndicate_hits,india,india_hits,fairness_payscale,fairness_payscale_hits,apology_empathy,apology_empathy_hits,fiscal_loss,fiscal_loss_hits,protest,protest_hits
dailystar:https://www.thedailystar.net/news/bangladesh/news/energy-crisis-shutting-diesel-run-plants-wont-do-much-3075386,dailystar,en,https://www.thedailystar.net/news/bangladesh/news/energy-crisis-shutting-diesel-run-plants-wont-do-much-3075386,2022-07-21,Energy Crisis: Shutting diesel-run plants won’t do much,2022,4,True,True,0,0,0,0,0,0,0,0,1,2,0,0,0,0,0,0
dailystar:https://www.thedailystar.net/business/global-economy/news/oil-price-windfall-tests-gulfs-fiscal-discipline-3075496,dailystar,en,https://www.thedailystar.net/business/global-economy/news/oil-price-windfall-tests-gulfs-fiscal-discipline-3075496,2022-07-21,Oil price windfall tests Gulf’s fiscal discipline,2022,4,True,True,0,0,0,0,0,0,0,0,0,0,0,0,0,1,0,0
dailystar:https://www.thedailystar.net/business/global-economy/news/oil-price-rises-3079506,dailystar,en,https://www.thedailystar.net/business/global-economy/news/oil-price-rises-3079506,2022-07-26,Oil price rises,2022,2,True,True,0,1,0,0,0,0,0,0,0,0,0,0,0,0,0,0
dailystar:https://www.thedailystar.net/environment/natural-resources/energy/news/bpc-chairman-says-current-stock-normal-petrol-pumps-not-told-limit-fuel-sales-3080756,dailystar,en,https://www.thedailystar.net/environment/natural-resources/energy/news/bpc-chairman-says-current-stock-normal-petrol-pumps-not-told-limit-fuel-sales-3080756,2022-07-27,"BPC chairman says current stock normal, petrol pumps not told to limit fuel sales",2022,16,True,True,0,0,0,0,0,0,0,0,0,0,0,0,0,0,0,0
dailystar:https://www.thedailystar.net/environment/natural-resources/energy/news/fuel-price-cap-trust-filling-station-served-show-cause-notice-3080976,dailystar,en,https://www.thedailystar.net/environment/natural-resources/energy/news/fuel-price-cap-trust-filling-station-served-show-cause-notice-3080976,2022-07-27,Fuel sale cap: Trust Filling Station served show-cause notice,2022,7,False,True,0,0,0,0,0,0,0,0,0,0,0,0,0,1,0,0
dailystar:https://www.thedailystar.net/environment/natural-resources/energy/news/no-shortage-fuel-stock-dont-pay-heed-rumours-3081036,dailystar,en,https://www.thedailystar.net/environment/natural-resources/energy/news/no-shortage-fuel-stock-dont-pay-heed-rumours-3081036,2022-07-28,"“No shortage in fuel stock, don’t pay heed to rumours”",2022,10,False,True,0,0,0,0,0,0,0,0,0,0,0,0,0,1,0,0
dailystar:https://www.thedailystar.net/news/bangladesh/news/no-worries-over-fuel-stock-3081266,dailystar,en,https://www.thedailystar.net/news/bangladesh/news/no-worries-over-fuel-stock-3081266,2022-07-28,No worries over fuel stock,2022,28,False,True,0,1,0,0,0,0,0,0,0,0,0,0,1,2,0,0
dailystar:https://www.thedailystar.net/opinion/news/dont-let-fuel-shortage-undo-rmg-success-3084266,dailystar,en,https://www.thedailystar.net/opinion/news/dont-let-fuel-shortage-undo-rmg-success-3084266,2022-08-01,Don't let fuel shortage undo RMG success,2022,4,False,True,0,1,0,0,0,0,0,0,0,0,0,1,0,1,0,0
dailystar:https://www.thedailystar.net/business/news/uae-cuts-fuel-oil-prices-3085121,dailystar,en,https://www.thedailystar.net/business/news/uae-cuts-fuel-oil-prices-3085121,2022-08-01,UAE cuts fuel oil prices,2022,17,True,True,0,1,0,0,0,0,0,0,0,0,0,0,0,0,0,0
dailystar:https://www.thedailystar.net/business/global-economy/news/uae-cuts-fuel-oil-prices-3085431,dailystar,en,https://www.thedailystar.net/business/global-economy/news/uae-cuts-fuel-oil-prices-3085431,2022-08-02,UAE cuts fuel oil prices,2022,11,True,True,0,1,0,0,0,0,0,0,0,0,0,0,0,0,0,0
dailystar:https://www.thedailystar.net/shout/news/millionaires-son-buys-electric-car-following-closure-local-petrol-pumps-3087571,dailystar,en,https://www.thedailystar.net/shout/news/millionaires-son-buys-electric-car-following-closure-local-petrol-pumps-3087571,2022-08-04,Millionaire’s son buys electric car following closure of local petrol pumps,2022,1,True,True,0,0,0,0,0,0,0,0,0,0,0,0,0,0,0,0
dailystar:https://www.thedailystar.net/business/global-economy/europe/news/oil-prices-stabilise-after-massive-drop-3088151,dailystar,en,https://www.thedailystar.net/business/global-economy/europe/news/oil-prices-stabilise-after-massive-drop-3088151,2022-08-05,Oil prices stabilise after massive drop,2022,2,True,True,0,1,0,0,0,0,0,0,0,0,0,0,0,0,0,0
dailystar:https://www.thedailystar.net/environment/natural-resources/energy/news/fuel-price-goes-octane-tk-135-litre-petrol-tk-130-effective-tomorrow-3088646,dailystar,en,https://www.thedailystar.net/environment/natural-resources/energy/news/fuel-price-goes-octane-tk-135-litre-petrol-tk-130-effective-tomorrow-3088646,2022-08-06,"Diesel Tk 114 per litre, Octane Tk 135 from today",2022,17,True,True,0,1,0,0,0,0,0,1,0,0,0,0,1,2,0,0
dailystar:https://www.thedailystar.net/news/bangladesh/news/govt-raises-fuel-prices-517pc-3088736,dailystar,en,https://www.thedailystar.net/news/bangladesh/news/govt-raises-fuel-prices-517pc-3088736,2022-08-06,Record hike in fuel prices,2022,22,True,True,1,3,0,0,0,0,1,2,0,0,0,0,1,5,0,0
dailystar:https://www.thedailystar.net/environment/natural-resources/energy/news/hike-fuel-price-motorcyclists-block-dhaka-rajshahi-highway-petrol-pumps-stop-selling-3088891,dailystar,en,https://www.thedailystar.net/environment/natural-resources/energy/news/hike-fuel-price-motorcyclists-block-dhaka-rajshahi-highway-petrol-pumps-stop-selling-3088891,2022-08-06,Fuel price hike: Bikers block highway in Rajshahi as petrol pumps stop selling,2022,6,True,True,0,0,0,0,0,0,0,0,0,0,0,0,0,0,1,3
dailystar:https://www.thedailystar.net/news/bangladesh/transport/news/fuel-price-hike-ctg-transport-owners-demand-new-fares-suspend-services-3088896,dailystar,en,https://www.thedailystar.net/news/bangladesh/transport/news/fuel-price-hike-ctg-transport-owners-demand-new-fares-suspend-services-3088896,2022-08-06,"Fuel price hike: Ctg transport owners demand new fares, suspend services",2022,3,True,True,0,0,0,0,0,0,0,0,0,0,0,0,0,1,0,0
dailystar:https://www.thedailystar.net/news/bangladesh/transport/news/fuel-price-hike-commuters-suffer-ctg-buses-stay-roads-3088931,dailystar,en,https://www.thedailystar.net/news/bangladesh/transport/news/fuel-price-hike-commuters-suffer-ctg-buses-stay-roads-3088931,2022-08-06,Fuel price hike: Commuters suffer as Ctg buses go off roads,2022,8,True,True,0,0,0,0,0,0,0,0,0,0,0,0,0,0,1,3
dailystar:https://www.thedailystar.net/youth/education/campus/news/fuel-price-hike-bcl-men-try-bar-torch-procession-du-campus-3088956,dailystar,en,https://www.thedailystar.net/youth/education/campus/news/fuel-price-hike-bcl-men-try-bar-torch-procession-du-campus-3088956,2022-08-06,"Fuel price hike: ""BCL men try to bar torch procession on DU campus""",2022,2,True,True,0,0,0,0,0,0,0,0,0,0,0,0,0,0,1,5
dailystar:https://www.thedailystar.net/news/bangladesh/transport/news/fuel-price-hike-transport-crisis-dhaka-3088991,dailystar,en,https://www.thedailystar.net/news/bangladesh/transport/news/fuel-price-hike-transport-crisis-dhaka-3088991,2022-08-06,Fuel price hike: Transport crisis in Dhaka,2022,4,True,True,0,0,0,0,0,0,0,0,0,0,0,0,0,0,0,0
dailystar:https://www.thedailystar.net/star-multimedia/news-multimedia/news/why-fuel-prices-hiked-bangladesh-despite-fall-intl-market-3089076,dailystar,en,https://www.thedailystar.net/star-multimedia/news-multimedia/news/why-fuel-prices-hiked-bangladesh-despite-fall-intl-market-3089076,2022-08-06,Why fuel prices hiked in Bangladesh despite fall in int'l market,2022,3,True,True,0,1,0,0,0,0,0,0,0,0,0,0,0,0,0,0
dailystar:https://www.thedailystar.net/news/bangladesh/news/51-fuel-price-hike-proves-govt-shows-no-mercy-people-gm-quader-3089091,dailystar,en,https://www.thedailystar.net/news/bangladesh/news/51-fuel-price-hike-proves-govt-shows-no-mercy-people-gm-quader-3089091,2022-08-06,51% fuel price hike proves govt shows no mercy to people: GM Quader,2022,6,True,True,0,1,0,1,0,0,0,0,0,0,0,0,0,0,0,0
dailystar:https://www.thedailystar.net/news/bangladesh/transport/news/meeting-going-readjust-bus-fares-following-fuel-price-hike-3089101,dailystar,en,https://www.thedailystar.net/news/bangladesh/transport/news/meeting-going-readjust-bus-fares-following-fuel-price-hike-3089101,2022-08-06,Meeting going on to readjust bus fares following fuel price hike,2022,1,True,True,0,0,0,0,0,0,0,0,0,0,0,0,0,0,0,0
dailystar:https://www.thedailystar.net/environment/natural-resources/energy/news/selling-diesel-tk-114-litre-bpc-will-still-incur-loss-3089121,dailystar,en,https://www.thedailystar.net/environment/natural-resources/energy/news/selling-diesel-tk-114-litre-bpc-will-still-incur-loss-3089121,2022-08-06,"“Selling diesel at Tk 114 per litre, BPC will still incur loss”",2022,20,True,True,1,2,0,0,0,0,0,1,0,0,0,1,1,6,0,0
dailystar:https://www.thedailystar.net/opinion/views/news/governments-decision-hike-fuel-prices-will-injure-every-section-society-3089141,dailystar,en,https://www.thedailystar.net/opinion/views/news/governments-decision-hike-fuel-prices-will-injure-every-section-society-3089141,2022-08-08,Government’s decision to hike fuel prices will hurt every section of society,2022,10,True,True,0,1,0,0,1,2,0,0,0,0,0,1,1,2,0,1
dailystar:https://www.thedailystar.net/opinion/editorial/news/black-day-the-history-fuel-prices-3089146,dailystar,en,https://www.thedailystar.net/opinion/editorial/news/black-day-the-history-fuel-prices-3089146,2022-08-07,A black day in the history of fuel prices,2022,10,True,True,0,1,1,2,0,1,0,1,0,0,0,1,1,8,0,0
dailystar:https://www.thedailystar.net/business/global-economy/news/fuel-prices-major-economies-and-neighbouring-countries-3089161,dailystar,en,https://www.thedailystar.net/business/global-economy/news/fuel-prices-major-economies-and-neighbouring-countries-3089161,2022-08-06,Fuel prices in major economies and neighbouring countries,2022,27,True,True,0,0,0,0,0,0,0,1,0,0,0,0,0,0,0,0
dailystar:https://www.thedailystar.net/star-multimedia/news-multimedia/news/limited-public-transport-first-day-fuel-price-hike-3089221,dailystar,en,https://www.thedailystar.net/star-multimedia/news-multimedia/news/limited-public-transport-first-day-fuel-price-hike-3089221,2022-08-06,Limited public transport on first day of fuel price hike,2022,2,True,True,0,0,0,0,0,0,0,0,0,0,0,0,0,0,0,0
dailystar:https://www.thedailystar.net/business/news/industries-fear-severe-impacts-fuel-price-hike-3089266,dailystar,en,https://www.thedailystar.net/business/news/industries-fear-severe-impacts-fuel-price-hike-3089266,2022-08-06,Industries fear severe impacts of fuel price hike,2022,17,True,True,1,5,0,0,0,0,0,0,0,0,0,1,0,1,0,0
dailystar:https://www.thedailystar.net/news/bangladesh/transport/news/raising-fuel-prices-appease-imf-anti-people-jatri-kalyan-samity-3089271,dailystar,en,https://www.thedailystar.net/news/bangladesh/transport/news/raising-fuel-prices-appease-imf-anti-people-jatri-kalyan-samity-3089271,2022-08-06,Raising fuel prices to appease IMF is anti-people: Jatri Kalyan Samity,2022,8,True,True,0,1,1,2,0,0,0,0,0,0,0,0,0,0,0,0
dailystar:https://www.thedailystar.net/environment/natural-resources/energy/news/went-fuel-price-hike-i-dont-want-exhaust-funds-3089276,dailystar,en,https://www.thedailystar.net/environment/natural-resources/energy/news/went-fuel-price-hike-i-dont-want-exhaust-funds-3089276,2022-08-07,“Went for fuel price hike as I don’t want to exhaust funds”,2022,38,True,True,0,1,0,0,0,0,1,5,0,0,0,0,1,13,0,0
dailystar:https://www.thedailystar.net/news/bangladesh/news/bpc-profits-spent-dev-projects-3089291,dailystar,en,https://www.thedailystar.net/news/bangladesh/news/bpc-profits-spent-dev-projects-3089291,2022-08-07,BPC profits spent on dev projects,2022,23,True,True,1,2,0,0,0,0,0,1,0,0,0,0,1,5,0,0
dailystar:https://www.thedailystar.net/business/global-economy/news/oil-prices-hit-multi-month-lows-3089346,dailystar,en,https://www.thedailystar.net/business/global-economy/news/oil-prices-hit-multi-month-lows-3089346,2022-08-07,Oil prices hit multi-month lows,2022,2,True,True,0,1,0,0,0,0,0,0,0,0,0,0,0,1,0,0
dailystar:https://www.thedailystar.net/business/economy/news/industries-fear-severe-impacts-fuel-price-hike-3089486,dailystar,en,https://www.thedailystar.net/business/economy/news/industries-fear-severe-impacts-fuel-price-hike-3089486,2022-08-07,Industries fear severe impacts of fuel price hike,2022,17,True,True,1,5,0,0,0,0,0,0,0,0,0,1,0,1,0,0
dailystar:https://www.thedailystar.net/business/economy/news/costlier-fuel-hit-farmers-hard-3089466,dailystar,en,https://www.thedailystar.net/business/economy/news/costlier-fuel-hit-farmers-hard-3089466,2022-08-07,Costlier fuel to hit farmers hard,2022,17,False,True,0,0,0,0,0,0,0,0,0,1,0,0,1,2,0,0
dailystar:https://www.thedailystar.net/news/bangladesh/news/rising-cost-living-fuel-price-hike-not-the-last-nail-3089386,dailystar,en,https://www.thedailystar.net/news/bangladesh/news/rising-cost-living-fuel-price-hike-not-the-last-nail-3089386,2022-08-07,Rising cost of living: Fuel price hike not the last nail,2022,6,True,True,1,3,0,1,0,0,0,0,0,0,0,0,0,0,0,0
dailystar:https://www.thedailystar.net/news/bangladesh/transport/news/tank-lorry-owners-want-fare-hike-halt-fuel-supply-14-districts-3089731,dailystar,en,https://www.thedailystar.net/news/bangladesh/transport/news/tank-lorry-owners-want-fare-hike-halt-fuel-supply-14-districts-3089731,2022-08-07,"Tank-lorry owners want fare hike, halt fuel supply in 14 dists",2022,5,False,True,0,0,0,0,0,0,0,0,0,0,0,0,0,0,1,3
dailystar:https://www.thedailystar.net/business/news/fuel-price-hike-have-negative-impact-economy-dhaka-chamber-3089801,dailystar,en,https://www.thedailystar.net/business/news/fuel-price-hike-have-negative-impact-economy-dhaka-chamber-3089801,2022-08-07,Fuel price hike to have a negative impact on economy: Dhaka chamber,2022,15,True,True,1,2,0,0,0,0,0,0,0,0,0,0,0,0,0,0
dailystar:https://www.thedailystar.net/news/bangladesh/transport/news/trains-dinajpur-rangpur-routes-see-20-passenger-increase-after-fuel-price-hike-3089806,dailystar,en,https://www.thedailystar.net/news/bangladesh/transport/news/trains-dinajpur-rangpur-routes-see-20-passenger-increase-after-fuel-price-hike-3089806,2022-08-07,"Trains on Dinajpur, Rangpur routes see 20% passenger rise after fuel price hike",2022,5,True,True,0,0,0,0,0,0,0,0,0,0,0,1,0,0,0,0
dailystar:https://www.thedailystar.net/news/bangladesh/transport/news/train-fares-might-require-re-fixing-adjust-fuel-price-hike-minister-3089991,dailystar,en,https://www.thedailystar.net/news/bangladesh/transport/news/train-fares-might-require-re-fixing-adjust-fuel-price-hike-minister-3089991,2022-08-07,Train fares might require re-fixing to adjust fuel price hike: Minister,2022,2,True,True,0,0,0,0,0,0,0,0,0,0,0,0,0,0,0,0
dailystar:https://www.thedailystar.net/news/bangladesh/transport/news/fuel-price-hike-launch-owners-demand-double-fares-3090061,dailystar,en,https://www.thedailystar.net/news/bangladesh/transport/news/fuel-price-hike-launch-owners-demand-double-fares-3090061,2022-08-08,Fuel price hike: Launch owners demand double fares,2022,6,True,True,0,1,0,0,0,0,0,0,0,0,0,0,0,0,0,0
dailystar:https://www.thedailystar.net/news/bangladesh/news/12-injured-police-charge-batons-rally-protesting-fuel-price-hike-shahbagh-3090081,dailystar,en,https://www.thedailystar.net/news/bangladesh/news/12-injured-police-charge-batons-rally-protesting-fuel-price-hike-shahbagh-3090081,2022-08-07,12 injured as police charge batons on rally protesting fuel price hike at Shahbagh,2022,4,True,True,0,0,0,0,0,0,0,0,0,0,0,0,0,0,1,11
dailystar:https://www.thedailystar.net/business/news/fuel-prices-falling-global-market-consumers-will-be-benefitted-finance-minister-3090091,dailystar,en,https://www.thedailystar.net/business/news/fuel-prices-falling-global-market-consumers-will-be-benefitted-finance-minister-3090091,2022-08-07,"Fuel prices falling in global market, consumers will be benefitted: Finance Minister",2022,2,True,True,1,2,0,0,0,0,0,0,0,0,0,0,0,0,0,0
dailystar:https://www.thedailystar.net/business/economy/news/fuel-price-hike-have-domino-effect-economy-dcci-3090241,dailystar,en,https://www.thedailystar.net/business/economy/news/fuel-price-hike-have-domino-effect-economy-dcci-3090241,2022-08-08,Fuel price hike to have domino effect on economy: DCCI,2022,19,True,True,1,2,0,0,0,0,0,0,0,0,0,0,0,1,0,0
dailystar:https://www.thedailystar.net/business/global-economy/news/syria-doubles-petrol-prices-3090251,dailystar,en,https://www.thedailystar.net/business/global-economy/news/syria-doubles-petrol-prices-3090251,2022-08-08,Syria doubles petrol prices,2022,3,True,True,0,1,0,0,0,1,0,0,0,0,0,0,1,3,0,1
dailystar:https://www.thedailystar.net/business/economy/news/fuel-price-hike-lifts-energy-stocks-3090331,dailystar,en,https://www.thedailystar.net/business/economy/news/fuel-price-hike-lifts-energy-stocks-3090331,2022-08-08,Fuel price hike lifts energy stocks,2022,4,True,True,0,0,0,0,0,0,0,0,0,0,0,0,0,1,0,0
dailystar:https://www.thedailystar.net/news/bangladesh/news/writ-filed-challenging-fuel-price-hike-3090516,dailystar,en,https://www.thedailystar.net/news/bangladesh/news/writ-filed-challenging-fuel-price-hike-3090516,2022-08-08,Writ filed challenging fuel price hike,2022,10,True,True,0,0,0,0,0,0,0,0,0,0,0,0,0,0,0,0
dailystar:https://www.thedailystar.net/environment/natural-resources/energy/news/fuel-prices-top-fossil-fuel-producing-countries-3090811,dailystar,en,https://www.thedailystar.net/environment/natural-resources/energy/news/fuel-prices-top-fossil-fuel-producing-countries-3090811,2022-08-08,Fuel prices in top fossil fuel producing countries,2022,21,True,True,0,1,0,0,0,0,0,0,0,0,0,0,0,0,0,0
dailystar:https://www.thedailystar.net/news/bangladesh/politics/news/fuel-price-hike-its-nothing-insanity-3091006,dailystar,en,https://www.thedailystar.net/news/bangladesh/politics/news/fuel-price-hike-its-nothing-insanity-3091006,2022-08-09,Fuel price hike: ‘It’s nothing but insanity’,2022,5,True,True,0,0,0,0,0,0,0,0,0,0,0,0,0,1,0,0
dailystar:https://www.thedailystar.net/business/economy/news/fuel-price-hike-pulls-down-stocks-turnover-3091111,dailystar,en,https://www.thedailystar.net/business/economy/news/fuel-price-hike-pulls-down-stocks-turnover-3091111,2022-08-09,"Fuel price hike pulls down stocks, turnover",2022,11,True,True,0,0,0,0,0,0,0,0,0,0,0,0,0,1,0,0
dailystar:https://www.thedailystar.net/news/bangladesh/news/al-ranks-irked-over-fuel-price-surge-3090931,dailystar,en,https://www.thedailystar.net/news/bangladesh/news/al-ranks-irked-over-fuel-price-surge-3090931,2022-08-09,AL ranks irked over hike in fuel prices,2022,13,True,True,0,0,0,1,0,0,0,0,1,2,0,0,0,0,0,0
dailystar:https://www.thedailystar.net/health/food/price-essentials/news/fuel-fueling-price-hike-vegetables-3090946,dailystar,en,https://www.thedailystar.net/health/food/price-essentials/news/fuel-fueling-price-hike-vegetables-3090946,2022-08-09,Diesel driving up prices of vegetables,2022,4,True,True,0,0,0,0,0,0,1,2,0,0,0,0,0,0,0,0
dailystar:https://www.thedailystar.net/environment/natural-resources/energy/news/half-million-metric-tonnes-diesel-could-be-saved-if-solar-irrigation-pumps-introduced-3091436,dailystar,en,https://www.thedailystar.net/environment/natural-resources/energy/news/half-million-metric-tonnes-diesel-could-be-saved-if-solar-irrigation-pumps-introduced-3091436,2022-08-10,“Half a million metric tonnes of diesel could be saved if solar irrigation pumps introduced”,2022,5,True,True,0,0,0,0,0,0,0,0,0,0,0,0,0,0,0,0
dailystar:https://www.thedailystar.net/world/europe/news/germany-will-lose-over-265bn-added-value-2030-due-war-high-energy-prices-3091441,dailystar,en,https://www.thedailystar.net/world/europe/news/germany-will-lose-over-265bn-added-value-2030-due-war-high-energy-prices-3091441,2022-08-09,"Germany will lose over $265bn in added value by 2030 due to war, high energy prices",2022,3,True,True,0,0,0,0,0,0,0,0,0,0,0,0,0,0,0,0
dailystar:https://www.thedailystar.net/news/bangladesh/news/2013-video-being-circulated-recent-fuel-price-hike-protests-bangladesh-3091476,dailystar,en,https://www.thedailystar.net/news/bangladesh/news/2013-video-being-circulated-recent-fuel-price-hike-protests-bangladesh-3091476,2022-08-10,2013 video being circulated as “recent fuel price hike protests in Bangladesh”,2022,6,True,True,0,0,0,0,0,0,1,5,0,0,0,0,0,0,1,9
dailystar:https://www.thedailystar.net/environment/natural-resources/energy/news/9-petrol-cng-pumps-fined-ctg-3091496,dailystar,en,https://www.thedailystar.net/environment/natural-resources/energy/news/9-petrol-cng-pumps-fined-ctg-3091496,2022-08-09,"9 petrol, CNG pumps fined in Ctg",2022,4,True,True,0,0,0,0,1,3,0,0,0,0,0,0,0,0,0,1
dailystar:https://www.thedailystar.net/environment/natural-resources/energy/news/oil-prices-lower-us-crude-stockpile-rises-3091621,dailystar,en,https://www.thedailystar.net/environment/natural-resources/energy/news/oil-prices-lower-us-crude-stockpile-rises-3091621,2022-08-10,Crude oil prices lower in US as stockpile rises,2022,4,True,True,0,1,0,0,0,0,1,6,0,0,0,0,0,0,0,0
dailystar:https://www.thedailystar.net/news/bangladesh/news/impact-fuel-price-hike-being-assessed-finance-minister-3092026,dailystar,en,https://www.thedailystar.net/news/bangladesh/news/impact-fuel-price-hike-being-assessed-finance-minister-3092026,2022-08-10,Impact of fuel price hike being assessed: Finance Minister,2022,1,True,True,0,0,0,0,0,0,0,0,1,2,0,0,0,0,0,0
dailystar:https://www.thedailystar.net/environment/natural-resources/energy/news/bpcs-tk48000cr-profit-overstated-now-earn-tk-205cr-month-fuel-prices-raisedbpc-chairman-abm-azad-3092091,dailystar,en,https://www.thedailystar.net/environment/natural-resources/energy/news/bpcs-tk48000cr-profit-overstated-now-earn-tk-205cr-month-fuel-prices-raisedbpc-chairman-abm-azad-3092091,2022-08-11,"''BPC's Tk 48,000cr profit overstated; now to make Tk 205cr per month""",2022,21,True,True,1,3,0,0,0,0,0,0,0,0,0,0,1,2,0,0
dailystar:https://www.thedailystar.net/news/bangladesh/news/fuel-price-hike-was-avoidable-3092056,dailystar,en,https://www.thedailystar.net/news/bangladesh/news/fuel-price-hike-was-avoidable-3092056,2022-08-11,Fuel price hike was avoidable,2022,25,True,True,0,1,0,1,0,1,1,2,0,0,0,0,1,6,0,0
dailystar:https://www.thedailystar.net/news/bangladesh/news/bpc-may-now-profit-tk-205-crore-month-3092061,dailystar,en,https://www.thedailystar.net/news/bangladesh/news/bpc-may-now-profit-tk-205-crore-month-3092061,2022-08-11,BPC may now profit Tk 205cr a month,2022,27,True,True,1,5,0,0,0,0,0,0,0,0,0,0,1,3,0,0
dailystar:https://www.thedailystar.net/business/economy/news/riders-feel-the-pinch-fuel-price-hike-3092331,dailystar,en,https://www.thedailystar.net/business/economy/news/riders-feel-the-pinch-fuel-price-hike-3092331,2022-08-11,Riders feel the pinch of fuel price hike,2022,9,True,True,0,0,0,0,0,0,0,1,0,0,0,0,0,1,0,0
dailystar:https://www.thedailystar.net/business/news/tariff-commission-discuss-edible-oil-price-adjustment-tipu-munshi-3092591,dailystar,en,https://www.thedailystar.net/business/news/tariff-commission-discuss-edible-oil-price-adjustment-tipu-munshi-3092591,2022-08-11,Tariff commission to discuss edible oil price adjustment: Tipu Munshi,2022,5,True,True,0,1,0,0,0,0,0,0,0,0,0,0,1,3,0,0
dailystar:https://www.thedailystar.net/environment/natural-resources/energy/news/pm-asks-energy-ministry-bpc-explain-reasons-behind-fuel-price-hike-3092666,dailystar,en,https://www.thedailystar.net/environment/natural-resources/energy/news/pm-asks-energy-ministry-bpc-explain-reasons-behind-fuel-price-hike-3092666,2022-08-11,"PM asks energy ministry, BPC to explain reasons behind fuel price hike",2022,7,True,True,0,0,0,0,0,0,0,0,0,0,0,0,0,0,0,0
dailystar:https://www.thedailystar.net/news/bangladesh/crime-justice/news/man-arrested-under-dsa-over-insulting-pm-facebook-live-fuel-price-hike-3092676,dailystar,en,https://www.thedailystar.net/news/bangladesh/crime-justice/news/man-arrested-under-dsa-over-insulting-pm-facebook-live-fuel-price-hike-3092676,2022-08-11,Man arrested under DSA over “insulting PM on Facebook live for fuel price hike”,2022,2,True,True,0,0,0,0,0,0,0,0,0,0,0,0,0,0,0,0
dailystar:https://www.thedailystar.net/news/bangladesh/news/tell-people-why-fuel-prices-went-3093026,dailystar,en,https://www.thedailystar.net/news/bangladesh/news/tell-people-why-fuel-prices-went-3093026,2022-08-12,Tell people why fuel prices were raised,2022,9,True,True,0,0,0,0,0,0,0,0,0,0,0,0,0,1,0,0
dailystar:https://www.thedailystar.net/business/economy/news/lighters-fare-raised-15-22pc-fuel-price-hike-3093181,dailystar,en,https://www.thedailystar.net/business/economy/news/lighters-fare-raised-15-22pc-fuel-price-hike-3093181,2022-08-12,Lighters’ fare raised by 15-22pc for fuel price hike,2022,3,True,True,0,0,0,0,0,0,0,0,0,0,0,0,0,0,0,0
dailystar:https://www.thedailystar.net/business/economy/news/rise-fuel-price-now-icds-raise-service-charge-3093241,dailystar,en,https://www.thedailystar.net/business/economy/news/rise-fuel-price-now-icds-raise-service-charge-3093241,2022-08-12,Rise in fuel price: Now ICDs raise service charge,2022,8,True,True,0,0,0,0,0,0,0,0,0,0,0,0,0,0,0,0
dailystar:https://www.thedailystar.net/news/bangladesh/news/price-hike-fuel-regulators-mandate-ignored-3093021,dailystar,en,https://www.thedailystar.net/news/bangladesh/news/price-hike-fuel-regulators-mandate-ignored-3093021,2022-08-12,Price hike of fuel: Regulator’s mandate ignored,2022,11,False,True,0,0,0,0,0,0,0,0,0,0,0,0,0,0,0,0
dailystar:https://www.thedailystar.net/news/bangladesh/accidents-fires/news/2-dead-petrol-pump-fire-kushtia-3093546,dailystar,en,https://www.thedailystar.net/news/bangladesh/accidents-fires/news/2-dead-petrol-pump-fire-kushtia-3093546,2022-08-12,2 dead at petrol pump fire in Kushtia,2022,1,True,True,0,0,0,0,0,0,0,0,0,0,0,0,0,0,0,0
dailystar:https://www.thedailystar.net/business/global-economy/news/oil-price-falls-2pc-3094426,dailystar,en,https://www.thedailystar.net/business/global-economy/news/oil-price-falls-2pc-3094426,2022-08-14,Oil price falls 2pc,2022,3,True,True,1,2,0,0,0,0,1,3,0,0,0,0,0,0,0,0
dailystar:https://www.thedailystar.net/news/bangladesh/news/can-govt-hike-fuel-prices-sans-hearing-3095086,dailystar,en,https://www.thedailystar.net/news/bangladesh/news/can-govt-hike-fuel-prices-sans-hearing-3095086,2022-08-15,Can govt hike fuel prices sans hearing?,2022,11,True,True,0,0,0,0,0,0,0,0,0,0,0,0,0,0,0,0
dailystar:https://www.thedailystar.net/business/economy/news/saudi-aramco-profit-soars-higher-oil-prices-3095216,dailystar,en,https://www.thedailystar.net/business/economy/news/saudi-aramco-profit-soars-higher-oil-prices-3095216,2022-08-15,Saudi Aramco profit soars on higher oil prices,2022,3,True,True,0,1,0,0,0,0,0,0,0,0,0,0,0,0,0,0
dailystar:https://www.thedailystar.net/business/economy/news/entrepreneurs-demand-fuel-price-cut-3095246,dailystar,en,https://www.thedailystar.net/business/economy/news/entrepreneurs-demand-fuel-price-cut-3095246,2022-08-15,Entrepreneurs demand fuel price cut,2022,9,True,True,1,3,0,0,0,0,0,0,0,0,0,0,0,0,0,0
dailystar:https://www.thedailystar.net/star-multimedia/news-multimedia/news/how-fuel-price-bangladesh-goes-and-down-3095706,dailystar,en,https://www.thedailystar.net/star-multimedia/news-multimedia/news/how-fuel-price-bangladesh-goes-and-down-3095706,2022-08-15,How fuel price in Bangladesh goes up and down,2022,2,True,True,0,0,0,0,0,0,0,0,0,0,0,0,0,0,0,0
dailystar:https://www.thedailystar.net/business/global-economy/news/how-china-manages-refined-fuel-exports-3095966,dailystar,en,https://www.thedailystar.net/business/global-economy/news/how-china-manages-refined-fuel-exports-3095966,2022-08-16,How China manages refined fuel exports,2022,7,False,True,0,1,0,0,0,0,0,1,0,0,0,0,0,0,0,0
dailystar:https://www.thedailystar.net/business/global-economy/news/chinas-2022-fuel-exports-drop-7-year-low-3096016,dailystar,en,https://www.thedailystar.net/business/global-economy/news/chinas-2022-fuel-exports-drop-7-year-low-3096016,2022-08-16,China’s 2022 fuel exports to drop to 7-year low,2022,8,False,True,0,1,0,0,0,0,1,2,0,0,0,0,0,1,0,0
dailystar:https://www.thedailystar.net/business/economy/news/petroleum-remains-nbrs-major-source-revenue-3096051,dailystar,en,https://www.thedailystar.net/business/economy/news/petroleum-remains-nbrs-major-source-revenue-3096051,2022-08-16,Petroleum remains NBR’s major source of revenue,2022,25,True,True,1,2,0,0,0,0,0,0,0,0,0,0,1,5,0,0
dailystar:https://www.thedailystar.net/news/bangladesh/news/explain-why-fuel-price-hike-shouldnt-be-declared-illegal-hc-govt-3096281,dailystar,en,https://www.thedailystar.net/news/bangladesh/news/explain-why-fuel-price-hike-shouldnt-be-declared-illegal-hc-govt-3096281,2022-08-16,Explain why fuel price hike shouldn't be declared illegal: HC to govt,2022,7,True,True,0,0,0,0,0,0,0,0,0,0,0,0,0,0,0,0
dailystar:https://www.thedailystar.net/business/news/fbcci-urges-pm-readjust-fuel-prices-3096401,dailystar,en,https://www.thedailystar.net/business/news/fbcci-urges-pm-readjust-fuel-prices-3096401,2022-08-16,FBCCI urges PM to readjust fuel prices,2022,11,True,True,0,1,0,0,0,0,0,0,0,0,0,0,0,0,0,0
dailystar:https://www.thedailystar.net/business/global-economy/news/oil-prices-extend-loss-3096696,dailystar,en,https://www.thedailystar.net/business/global-economy/news/oil-prices-extend-loss-3096696,2022-08-17,Oil prices extend loss,2022,4,True,True,1,5,0,0,0,0,0,0,0,0,0,0,1,2,0,0
dailystar:https://www.thedailystar.net/business/economy/stock/news/stocks-rise-falling-global-oil-prices-3096706,dailystar,en,https://www.thedailystar.net/business/economy/stock/news/stocks-rise-falling-global-oil-prices-3096706,2022-08-17,Stocks rise on falling global oil prices,2022,3,True,True,1,4,0,0,0,0,0,0,0,0,0,0,0,0,0,0
dailystar:https://www.thedailystar.net/business/organisation-news/news/fbcci-urges-pm-readjust-fuel-prices-3096736,dailystar,en,https://www.thedailystar.net/business/organisation-news/news/fbcci-urges-pm-readjust-fuel-prices-3096736,2022-08-17,FBCCI urges PM to readjust fuel prices,2022,11,True,True,0,1,0,0,0,0,0,0,0,0,0,0,0,0,0,0
dailystar:https://www.thedailystar.net/news/bangladesh/news/hc-questions-price-hike-fuel-water-3096786,dailystar,en,https://www.thedailystar.net/news/bangladesh/news/hc-questions-price-hike-fuel-water-3096786,2022-08-17,"HC questions price hike of fuel, water",2022,5,False,True,0,0,0,0,0,0,0,0,0,0,0,0,0,0,0,0
dailystar:https://www.thedailystar.net/business/news/analysis-oil-prices-turn-more-volatile-investors-exit-the-market-3096986,dailystar,en,https://www.thedailystar.net/business/news/analysis-oil-prices-turn-more-volatile-investors-exit-the-market-3096986,2022-08-17,Analysis: Oil prices turn more volatile as investors exit the market,2022,3,True,True,1,3,0,0,0,0,0,0,0,0,0,0,0,0,0,1
dailystar:https://www.thedailystar.net/business/global-economy/news/oil-prices-turn-more-volatile-investors-exit-market-3097591,dailystar,en,https://www.thedailystar.net/business/global-economy/news/oil-prices-turn-more-volatile-investors-exit-market-3097591,2022-08-18,Oil prices turn more volatile as investors exit market,2022,3,True,True,1,3,0,0,0,0,0,0,0,0,0,0,0,0,0,1
dailystar:https://www.thedailystar.net/business/news/oil-prices-hold-steady-recession-worries-offset-lower-us-stocks-3097811,dailystar,en,https://www.thedailystar.net/business/news/oil-prices-hold-steady-recession-worries-offset-lower-us-stocks-3097811,2022-08-18,Oil prices hold steady as recession worries offset lower US stocks,2022,2,True,True,1,5,0,0,0,0,0,0,0,0,0,0,0,0,0,0
dailystar:https://www.thedailystar.net/business/global-economy/news/oil-price-rises-3098251,dailystar,en,https://www.thedailystar.net/business/global-economy/news/oil-price-rises-3098251,2022-08-19,Oil price rises,2022,2,True,True,1,2,0,0,0,0,0,0,0,0,0,0,0,0,0,0
dailystar:https://www.thedailystar.net/business/news/oil-prices-down-15-the-week-recession-jitters-3099051,dailystar,en,https://www.thedailystar.net/business/news/oil-prices-down-15-the-week-recession-jitters-3099051,2022-08-20,Oil prices down 1.5% for the week on recession jitters,2022,4,True,True,1,2,0,0,0,0,0,0,0,0,0,0,0,0,0,0
dailystar:https://www.thedailystar.net/wide-angle/bangladesh/news/khulna-fuel-oil-traders-strike-demand-commission-hike-3100411,dailystar,en,https://www.thedailystar.net/wide-angle/bangladesh/news/khulna-fuel-oil-traders-strike-demand-commission-hike-3100411,2022-08-22,Khulna fuel traders strike demanding commission hike,2022,8,False,True,0,0,0,0,0,0,0,0,0,0,0,0,0,0,1,6
dailystar:https://www.thedailystar.net/youth/education/campus/news/student-alleges-bcl-activists-forced-him-leave-du-hall-facebook-post-fuel-price-hike-3100706,dailystar,en,https://www.thedailystar.net/youth/education/campus/news/student-alleges-bcl-activists-forced-him-leave-du-hall-facebook-post-fuel-price-hike-3100706,2022-08-22,Student alleges BCL activists forced him to leave DU hall for Facebook post on fuel price hike,2022,3,True,True,0,0,0,0,0,0,0,0,0,0,0,1,0,0,0,0
dailystar:https://www.thedailystar.net/news/bangladesh/news/bpc-plans-import-diesel-jet-fuel-russia-3100831,dailystar,en,https://www.thedailystar.net/news/bangladesh/news/bpc-plans-import-diesel-jet-fuel-russia-3100831,2022-08-23,"BPC plans to import discounted Russian diesel, jet fuel",2022,15,True,True,1,2,0,0,0,0,0,1,0,0,0,0,0,0,0,0
dailystar:https://www.thedailystar.net/business/news/soybean-oil-price-increased-tk-192-litre-3101251,dailystar,en,https://www.thedailystar.net/business/news/soybean-oil-price-increased-tk-192-litre-3101251,2022-08-23,Soybean oil price increased to Tk 192 per litre,2022,1,True,True,0,0,0,0,0,0,0,0,0,0,0,0,0,0,0,0
dailystar:https://www.thedailystar.net/environment/natural-resources/energy/news/parliamentary-body-shocked-bangladesh-petroleum-corporation-irregularities-3101461,dailystar,en,https://www.thedailystar.net/environment/natural-resources/energy/news/parliamentary-body-shocked-bangladesh-petroleum-corporation-irregularities-3101461,2022-08-23,"JS body shocked by Bangladesh Petroleum Corporation irregularities, audit objections",2022,13,True,True,1,2,0,1,1,7,0,0,0,0,0,0,1,2,0,0
dailystar:https://www.thedailystar.net/news/bangladesh/news/bpc-irregularities-js-committee-stunned-3101586,dailystar,en,https://www.thedailystar.net/news/bangladesh/news/bpc-irregularities-js-committee-stunned-3101586,2022-08-24,BPC irregularities: JS committee stunned,2022,29,True,True,0,0,1,2,1,7,0,0,0,0,0,0,0,1,0,0
dailystar:https://www.thedailystar.net/news/bangladesh/news/petrol-pump-owners-strike-aug-31-increase-fuel-sales-commission-3102071,dailystar,en,https://www.thedailystar.net/news/bangladesh/news/petrol-pump-owners-strike-aug-31-increase-fuel-sales-commission-3102071,2022-08-24,Petrol pump owners’ strike on Aug 31 for increase in fuel sales commission,2022,6,True,True,0,0,0,0,0,0,0,0,0,0,0,0,0,0,1,2
dailystar:https://www.thedailystar.net/opinion/editorial/news/who-will-rein-bangladesh-petroleum-corporation-3102221,dailystar,en,https://www.thedailystar.net/opinion/editorial/news/who-will-rein-bangladesh-petroleum-corporation-3102221,2022-08-25,Who will rein in Bangladesh Petroleum Corporation?,2022,11,True,True,0,0,1,3,1,6,0,0,0,0,0,0,0,1,0,0
dailystar:https://www.thedailystar.net/star-multimedia/news-multimedia/news/bpc-irregularities-parliamentary-committees-shocked-3102316,dailystar,en,https://www.thedailystar.net/star-multimedia/news-multimedia/news/bpc-irregularities-parliamentary-committees-shocked-3102316,2022-08-24,BPC irregularities: Parliamentary committees shocked,2022,4,True,True,0,0,0,0,1,5,0,0,0,0,0,0,0,0,0,0
dailystar:https://www.thedailystar.net/news/bangladesh/news/commission-hike-petrol-pump-owners-call-token-strike-aug-31-3102556,dailystar,en,https://www.thedailystar.net/news/bangladesh/news/commission-hike-petrol-pump-owners-call-token-strike-aug-31-3102556,2022-08-25,Commission Hike: Petrol pump owners call token strike on Aug 31,2022,9,True,True,0,0,0,0,0,0,0,0,0,0,0,0,0,0,1,2
dailystar:https://www.thedailystar.net/business/news/oil-prices-rise-potential-opec-supply-cuts-bp-shuts-us-refinery-units-3102821,dailystar,en,https://www.thedailystar.net/business/news/oil-prices-rise-potential-opec-supply-cuts-bp-shuts-us-refinery-units-3102821,2022-08-25,Oil prices rise on potential OPEC+ supply cuts,2022,4,True,True,1,7,0,0,0,0,0,1,0,0,0,0,0,0,0,0
dailystar:https://www.thedailystar.net/business/global-economy/news/oil-prices-rise-signals-opec-might-cut-output-3104516,dailystar,en,https://www.thedailystar.net/business/global-economy/news/oil-prices-rise-signals-opec-might-cut-output-3104516,2022-08-28,Oil prices rise on signals Opec might cut output,2022,3,True,True,1,3,0,0,0,0,0,0,0,0,0,0,0,0,0,0
dailystar:https://www.thedailystar.net/news/bangladesh/news/import-demand-diesel-high-ever-3104566,dailystar,en,https://www.thedailystar.net/news/bangladesh/news/import-demand-diesel-high-ever-3104566,2022-08-28,Import demand for diesel high as ever,2022,19,True,True,0,1,0,0,0,0,0,0,0,0,0,0,0,1,0,0
dailystar:https://www.thedailystar.net/business/news/import-tariff-diesel-cut-1125-percentage-points-3105176,dailystar,en,https://www.thedailystar.net/business/news/import-tariff-diesel-cut-1125-percentage-points-3105176,2022-08-28,Govt cuts diesel import tariff,2022,5,True,True,0,1,0,0,0,0,0,0,0,0,0,0,0,1,0,0
dailystar:https://www.thedailystar.net/news/bangladesh/news/govt-cuts-import-tariff-diesel-3105431,dailystar,en,https://www.thedailystar.net/news/bangladesh/news/govt-cuts-import-tariff-diesel-3105431,2022-08-29,Govt to cut diesel price,2022,14,True,True,0,0,0,0,0,0,0,0,0,0,0,0,0,1,0,0
dailystar:https://www.thedailystar.net/environment/natural-resources/energy/news/fuel-prices-may-be-adjusted-nasrul-hamid-3105891,dailystar,en,https://www.thedailystar.net/environment/natural-resources/energy/news/fuel-prices-may-be-adjusted-nasrul-hamid-3105891,2022-08-29,Fuel prices may be adjusted: Nasrul Hamid,2022,7,True,True,0,1,0,0,0,0,0,0,0,0,0,0,0,0,0,0
dailystar:https://www.thedailystar.net/environment/natural-resources/energy/news/fuel-prices-cut-tk-5-litre-3106031,dailystar,en,https://www.thedailystar.net/environment/natural-resources/energy/news/fuel-prices-cut-tk-5-litre-3106031,2022-08-30,Fuel prices cut by Tk 5 per litre,2022,12,True,True,0,0,0,0,0,0,0,0,0,0,0,0,0,0,0,0
dailystar:https://www.thedailystar.net/news/bangladesh/news/fuel-prices-cut-tk-5-litre-3106191,dailystar,en,https://www.thedailystar.net/news/bangladesh/news/fuel-prices-cut-tk-5-litre-3106191,2022-08-30,Fuel prices cut by Tk 5 per litre,2022,18,True,True,1,4,0,0,0,0,0,0,0,0,0,0,1,5,0,0
dailystar:https://www.thedailystar.net/news/bangladesh/news/khulna-fuel-traders-strike-again-demanding-commission-hike-3106736,dailystar,en,https://www.thedailystar.net/news/bangladesh/news/khulna-fuel-traders-strike-again-demanding-commission-hike-3106736,2022-08-30,Khulna fuel traders on strike again demanding commission hike,2022,4,False,True,0,0,0,0,0,0,0,0,0,0,0,0,0,0,1,7
dailystar:https://www.thedailystar.net/opinion/editorial/news/reducing-fuel-prices-tk-5-wont-ease-peoples-suffering-3106861,dailystar,en,https://www.thedailystar.net/opinion/editorial/news/reducing-fuel-prices-tk-5-wont-ease-peoples-suffering-3106861,2022-08-30,Reducing fuel prices by Tk 5 won't ease people’s suffering,2022,18,True,True,0,1,0,1,0,0,0,0,0,0,0,0,0,1,0,0
dailystar:https://www.thedailystar.net/business/economy/stock/news/fuel-price-cut-sends-stock-higher-3106881,dailystar,en,https://www.thedailystar.net/business/economy/stock/news/fuel-price-cut-sends-stock-higher-3106881,2022-08-30,Fuel price cut sends stock higher,2022,10,True,True,0,0,0,0,0,0,0,0,0,0,0,0,0,1,0,0
dailystar:https://www.thedailystar.net/business/news/govt-could-have-cut-fuel-prices-over-tk-5-litre-3107001,dailystar,en,https://www.thedailystar.net/business/news/govt-could-have-cut-fuel-prices-over-tk-5-litre-3107001,2022-08-30,"""Govt could have cut fuel prices by over Tk 5 a litre""",2022,12,True,True,0,0,0,0,0,0,0,0,0,0,0,0,0,0,0,0
dailystar:https://www.thedailystar.net/news/bangladesh/politics/news/opposition-mps-blast-govt-over-price-hike-essentials-fuel-corruption-3107446,dailystar,en,https://www.thedailystar.net/news/bangladesh/politics/news/opposition-mps-blast-govt-over-price-hike-essentials-fuel-corruption-3107446,2022-08-31,"Opposition MPs blast govt over price hike of essentials, fuel, corruption",2022,4,False,True,0,0,1,2,1,6,0,1,0,0,0,0,0,0,0,1
dailystar:https://www.thedailystar.net/business/economy/news/fuel-cut-could-have-been-more-fbcci-3107196,dailystar,en,https://www.thedailystar.net/business/economy/news/fuel-cut-could-have-been-more-fbcci-3107196,2022-08-31,Fuel cut could have been more: FBCCI,2022,15,False,True,0,1,0,0,0,0,0,0,0,0,0,0,1,2,0,0
dailystar:https://www.thedailystar.net/business/economy/stock/news/fuel-price-cut-sends-stock-higher-3107176,dailystar,en,https://www.thedailystar.net/business/economy/stock/news/fuel-price-cut-sends-stock-higher-3107176,2022-08-31,Fuel price cut sends stock higher,2022,10,True,True,0,0,0,0,0,0,0,0,0,0,0,0,0,1,0,0
dailystar:https://www.thedailystar.net/environment/natural-resources/energy/news/reducing-fuel-price-tk-5-has-no-impact-tawfiq-e-elahi-3107701,dailystar,en,https://www.thedailystar.net/environment/natural-resources/energy/news/reducing-fuel-price-tk-5-has-no-impact-tawfiq-e-elahi-3107701,2022-08-31,Reducing fuel price by Tk 5 has no impact: Tawfiq-e-Elahi,2022,5,True,True,0,1,0,0,0,0,0,0,0,0,0,0,0,0,0,0
dailystar:https://www.thedailystar.net/health/food/price-essentials/news/fuel-price-cut-tk-5-was-not-needed-3107956,dailystar,en,https://www.thedailystar.net/health/food/price-essentials/news/fuel-price-cut-tk-5-was-not-needed-3107956,2022-09-01,Fuel price cut by Tk 5 was not needed,2022,11,True,True,0,1,0,0,0,0,0,0,0,0,0,0,0,1,0,0
dailystar:https://www.thedailystar.net/business/global-economy/news/how-could-europe-cap-surging-energy-prices-3108191,dailystar,en,https://www.thedailystar.net/business/global-economy/news/how-could-europe-cap-surging-energy-prices-3108191,2022-09-01,How could Europe cap surging energy prices?,2022,2,True,True,0,0,0,0,0,0,0,0,0,0,0,0,0,0,0,0
dailystar:https://www.thedailystar.net/environment/natural-resources/energy/news/govt-may-consider-subsidies-diesel-agriculture-minister-3108581,dailystar,en,https://www.thedailystar.net/environment/natural-resources/energy/news/govt-may-consider-subsidies-diesel-agriculture-minister-3108581,2022-09-01,Govt may subsidise diesel for farmers: Agriculture Minister,2022,5,True,True,0,0,0,0,0,0,0,0,0,0,0,0,1,4,0,0
dailystar:https://www.thedailystar.net/news/bangladesh/agriculture/news/farmers-may-get-diesel-subsidised-rate-3108831,dailystar,en,https://www.thedailystar.net/news/bangladesh/agriculture/news/farmers-may-get-diesel-subsidised-rate-3108831,2022-09-02,Farmers may get diesel at subsidised rate,2022,7,True,True,0,0,0,0,0,0,0,0,0,0,0,0,1,5,0,0
dailystar:https://www.thedailystar.net/news/asia/news/indonesia-hikes-fuel-prices-governments-last-option-3109926,dailystar,en,https://www.thedailystar.net/news/asia/news/indonesia-hikes-fuel-prices-governments-last-option-3109926,2022-09-03,Indonesia hikes fuel prices as “government's last option”,2022,8,True,True,0,0,0,0,0,0,0,0,0,0,0,0,1,11,1,4
dailystar:https://www.thedailystar.net/business/news/indonesia-bites-the-bullet-fuel-prices-subsidies-soar-3110016,dailystar,en,https://www.thedailystar.net/business/news/indonesia-bites-the-bullet-fuel-prices-subsidies-soar-3110016,2022-09-03,Indonesia bites the bullet on fuel prices as subsidies soar,2022,9,True,True,0,0,0,0,0,0,0,0,0,0,0,0,1,12,1,4
dailystar:https://www.thedailystar.net/business/global-economy/news/indonesia-hikes-fuel-prices-rein-subsidies-3110341,dailystar,en,https://www.thedailystar.net/business/global-economy/news/indonesia-hikes-fuel-prices-rein-subsidies-3110341,2022-09-04,Indonesia hikes fuel prices to rein in subsidies,2022,9,True,True,0,0,0,0,0,0,0,0,0,0,0,0,1,12,1,4
dailystar:https://www.thedailystar.net/business/global-economy/news/cap-russian-oil-prices-g7-eyes-untried-risky-plan-3111126,dailystar,en,https://www.thedailystar.net/business/global-economy/news/cap-russian-oil-prices-g7-eyes-untried-risky-plan-3111126,2022-09-05,"A cap on Russian oil prices? G7 eyes untried, risky plan",2022,8,True,True,0,1,0,0,0,0,1,3,0,0,0,0,0,0,0,0
dailystar:https://www.thedailystar.net/business/news/oil-prices-climb-over-2bbl-ahead-opec-meeting-3111511,dailystar,en,https://www.thedailystar.net/business/news/oil-prices-climb-over-2bbl-ahead-opec-meeting-3111511,2022-09-05,Oil prices climb over $2/bbl ahead of OPEC+ meeting,2022,5,True,True,1,4,0,0,0,0,0,0,0,0,0,0,0,0,0,0
dailystar:https://www.thedailystar.net/world/europe/news/how-will-europe-cap-surging-energy-prices-3112571,dailystar,en,https://www.thedailystar.net/world/europe/news/how-will-europe-cap-surging-energy-prices-3112571,2022-09-06,How will Europe cap surging energy prices?,2022,3,True,True,0,0,0,0,0,0,0,0,1,2,0,0,0,1,0,0
dailystar:https://www.thedailystar.net/business/economy/news/autogas-consumption-rising-amid-higher-fuel-costs-3112806,dailystar,en,https://www.thedailystar.net/business/economy/news/autogas-consumption-rising-amid-higher-fuel-costs-3112806,2022-09-07,Autogas consumption rising amid higher fuel costs,2022,11,False,True,0,1,0,0,0,0,0,1,0,0,0,0,0,0,0,0
dailystar:https://www.thedailystar.net/business/global-economy/news/oil-price-rises-russia-threatens-halt-supply-3113916,dailystar,en,https://www.thedailystar.net/business/global-economy/news/oil-price-rises-russia-threatens-halt-supply-3113916,2022-09-08,Oil price rises as Russia threatens to halt supply,2022,2,True,True,0,1,0,0,0,0,0,0,0,0,0,0,0,1,0,0
dailystar:https://www.thedailystar.net/business/news/oil-prices-climb-tight-supply-worries-3114241,dailystar,en,https://www.thedailystar.net/business/news/oil-prices-climb-tight-supply-worries-3114241,2022-09-08,Oil prices climb on tight supply worries,2022,4,True,True,1,3,0,0,0,0,0,1,0,0,0,0,0,0,0,0
dailystar:https://www.thedailystar.net/business/news/fuel-prices-be-cut-further-soon-planning-minister-3114401,dailystar,en,https://www.thedailystar.net/business/news/fuel-prices-be-cut-further-soon-planning-minister-3114401,2022-09-08,Fuel prices will be cut further soon: planning minister,2022,7,True,True,1,3,0,0,0,0,0,0,0,0,0,0,0,0,0,0
dailystar:https://www.thedailystar.net/news/world/uk/news/uk-domestic-energy-prices-will-be-capped-ease-cost-living-crisis-truss-3114421,dailystar,en,https://www.thedailystar.net/news/world/uk/news/uk-domestic-energy-prices-will-be-capped-ease-cost-living-crisis-truss-3114421,2022-09-08,UK domestic energy prices will be capped to ease cost-of-living crisis: Truss,2022,3,True,True,0,0,0,0,0,0,0,0,0,0,0,0,0,0,0,0
dailystar:https://www.thedailystar.net/business/economy/news/fuel-prices-be-cut-further-soon-3114976,dailystar,en,https://www.thedailystar.net/business/economy/news/fuel-prices-be-cut-further-soon-3114976,2022-09-09,Fuel prices to be cut further soon,2022,7,True,True,1,3,0,0,0,0,0,0,0,0,0,0,0,0,0,0
dailystar:https://www.thedailystar.net/business/news/oil-prices-drop-amid-china-covid-curbs-possible-rate-hikes-3117456,dailystar,en,https://www.thedailystar.net/business/news/oil-prices-drop-amid-china-covid-curbs-possible-rate-hikes-3117456,2022-09-12,"Oil prices drop amid China Covid curbs, possible rate hikes",2022,4,True,True,1,2,0,0,0,0,0,0,0,0,0,0,0,0,0,0
dailystar:https://www.thedailystar.net/business/global-economy/news/oil-prices-rise-3118856,dailystar,en,https://www.thedailystar.net/business/global-economy/news/oil-prices-rise-3118856,2022-09-14,Oil prices rise,2022,7,True,True,1,2,0,0,0,0,0,0,0,0,0,0,0,0,0,0
dailystar:https://www.thedailystar.net/world/europe/news/eu-unveils-plan-curb-energy-price-hike-3119296,dailystar,en,https://www.thedailystar.net/world/europe/news/eu-unveils-plan-curb-energy-price-hike-3119296,2022-09-14,EU unveils plan to curb energy price hike,2022,4,True,True,0,1,0,0,0,0,0,0,0,0,0,0,0,0,0,0
dailystar:https://www.thedailystar.net/business/economy/news/big-lpg-importers-sidelined-emerging-players-gain-ground-4118296,dailystar,en,https://www.thedailystar.net/business/economy/news/big-lpg-importers-sidelined-emerging-players-gain-ground-4118296,2026-03-02,Big LPG importers sidelined as emerging players gain ground,2026,3,False,True,1,2,0,0,0,0,0,0,0,0,0,0,0,0,0,0
dailystar:https://www.thedailystar.net/business/global-economy/news/asian-airline-shares-fall-us-iran-conflict-disrupts-travel-raises-oil-prices-4118491,dailystar,en,https://www.thedailystar.net/business/global-economy/news/asian-airline-shares-fall-us-iran-conflict-disrupts-travel-raises-oil-prices-4118491,2026-03-02,"Asian airline shares fall as US-Iran conflict disrupts travel, raises oil prices",2026,3,True,True,1,5,0,0,0,0,0,0,0,0,0,0,0,1,0,1
dailystar:https://www.thedailystar.net/business/global-economy/news/oil-prices-jump-stocks-skid-middle-east-turmoil-4118496,dailystar,en,https://www.thedailystar.net/business/global-economy/news/oil-prices-jump-stocks-skid-middle-east-turmoil-4118496,2026-03-02,"Oil prices jump, stocks skid on Middle East turmoil",2026,4,True,True,1,6,0,0,0,1,0,0,0,0,0,0,0,1,0,1
dailystar:https://www.thedailystar.net/news/bangladesh/news/fuel-stocks-adequate-short-term-4119261,dailystar,en,https://www.thedailystar.net/news/bangladesh/news/fuel-stocks-adequate-short-term-4119261,2026-03-03,Fuel stocks adequate for short term,2026,14,False,True,1,6,0,0,0,0,0,0,0,0,0,0,0,0,0,0
dailystar:https://www.thedailystar.net/business/news/oil-prices-rise-1-iran-crisis-disrupts-middle-east-supply-4120341,dailystar,en,https://www.thedailystar.net/business/news/oil-prices-rise-1-iran-crisis-disrupts-middle-east-supply-4120341,2026-03-04,Oil prices rise 1% as Iran crisis disrupts Middle East supply,2026,4,True,True,1,11,0,0,0,0,0,1,0,0,0,0,0,0,0,1
dailystar:https://www.thedailystar.net/news/world/news/oil-prices-inch-higher-early-asian-trade-4120406,dailystar,en,https://www.thedailystar.net/news/world/news/oil-prices-inch-higher-early-asian-trade-4120406,2026-03-04,Oil prices inch higher in early Asian trade,2026,2,True,True,1,4,0,0,0,0,0,0,0,0,0,0,0,0,0,0
dailystar:https://www.thedailystar.net/business/news/us-strike-iran-ahead-game-plan-global-markets-rattled-energy-prices-soar-4120441,dailystar,en,https://www.thedailystar.net/business/news/us-strike-iran-ahead-game-plan-global-markets-rattled-energy-prices-soar-4120441,2026-03-04,"US strike on Iran 'ahead of game plan' but global markets rattled, energy prices soar",2026,3,True,True,1,21,0,0,0,0,0,0,0,0,0,0,0,0,1,6
dailystar:https://www.thedailystar.net/business/economy/news/10-oil-price-rise-could-add-80m-monthly-bill-4121086,dailystar,en,https://www.thedailystar.net/business/economy/news/10-oil-price-rise-could-add-80m-monthly-bill-4121086,2026-03-05,$10 oil price rise could add $80m to monthly bill,2026,10,True,True,1,6,0,0,0,0,0,0,0,0,0,0,0,1,1,4
dailystar:https://www.thedailystar.net/business/news/oil-prices-rise-iran-conflict-widens-4121296,dailystar,en,https://www.thedailystar.net/business/news/oil-prices-rise-iran-conflict-widens-4121296,2026-03-05,Oil prices rise as Iran conflict widens,2026,4,True,True,1,11,0,0,0,0,0,0,0,0,0,0,0,0,0,1
dailystar:https://www.thedailystar.net/news/bangladesh/news/govt-urges-fuel-saving-lng-import-cost-doubles-4122011,dailystar,en,https://www.thedailystar.net/news/bangladesh/news/govt-urges-fuel-saving-lng-import-cost-doubles-4122011,2026-03-07,Govt urges fuel saving as LNG import cost doubles,2026,19,False,True,1,4,0,0,1,2,0,0,0,0,0,0,0,0,0,0
dailystar:https://www.thedailystar.net/environment/natural-resources/energy/news/bpc-imposes-daily-purchase-limits-how-much-fuel-can-you-buy-now-4122231,dailystar,en,https://www.thedailystar.net/environment/natural-resources/energy/news/bpc-imposes-daily-purchase-limits-how-much-fuel-can-you-buy-now-4122231,2026-03-06,BPC imposes daily purchase limits: How much fuel can you buy now?,2026,13,True,True,0,0,0,0,0,0,0,0,0,0,0,0,0,0,0,0
dailystar:https://www.thedailystar.net/news/bangladesh/news/bgb-tightens-patrols-along-jashore-border-prevent-fuel-smuggling-4122306,dailystar,en,https://www.thedailystar.net/news/bangladesh/news/bgb-tightens-patrols-along-jashore-border-prevent-fuel-smuggling-4122306,2026-03-06,BGB tightens patrols along Jashore border to prevent fuel smuggling,2026,7,False,True,0,0,0,0,0,0,1,7,0,0,0,0,0,0,0,0
dailystar:https://www.thedailystar.net/news/world/usa/news/rising-us-fuel-prices-risk-sparking-domestic-wildfire-trump-4122661,dailystar,en,https://www.thedailystar.net/news/world/usa/news/rising-us-fuel-prices-risk-sparking-domestic-wildfire-trump-4122661,2026-03-07,Rising US fuel prices risk sparking domestic wildfire for Trump,2026,9,True,True,1,2,0,0,0,0,0,0,1,2,0,0,0,0,0,1
dailystar:https://www.thedailystar.net/business/news/oil-prices-surge-mideast-war-rages-stocks-fall-us-jobs-4122726,dailystar,en,https://www.thedailystar.net/business/news/oil-prices-surge-mideast-war-rages-stocks-fall-us-jobs-4122726,2026-03-07,"Oil prices surge as Mideast war rages, stocks fall on US jobs",2026,4,True,True,1,8,0,0,0,0,0,0,0,0,0,0,0,1,0,0
dailystar:https://www.thedailystar.net/opinion/editorial/news/panic-buying-may-only-deepen-fuel-crisis-4122901,dailystar,en,https://www.thedailystar.net/opinion/editorial/news/panic-buying-may-only-deepen-fuel-crisis-4122901,2026-03-08,Panic buying may only deepen fuel crisis,2026,11,True,True,1,3,0,0,1,2,0,0,0,0,0,0,0,0,0,0
dailystar:https://www.thedailystar.net/business/global-economy/news/rising-us-fuel-prices-risk-sparking-domestic-wildfire-trump-4123151,dailystar,en,https://www.thedailystar.net/business/global-economy/news/rising-us-fuel-prices-risk-sparking-domestic-wildfire-trump-4123151,2026-03-07,Rising US fuel prices risk sparking domestic wildfire for Trump,2026,9,True,True,1,2,0,0,0,0,0,0,1,2,0,0,0,0,0,1
dailystar:https://www.thedailystar.net/news/bangladesh/news/unable-buy-diesel-rmg-factories-losing-steam-4123336,dailystar,en,https://www.thedailystar.net/news/bangladesh/news/unable-buy-diesel-rmg-factories-losing-steam-4123336,2026-03-08,"Unable to buy diesel, RMG factories losing steam",2026,7,True,True,0,0,0,0,0,0,0,0,0,0,0,0,0,1,0,0
dailystar:https://www.thedailystar.net/business/news/six-fuel-vessels-arrive-ctg-easing-energy-supply-fears-4123746,dailystar,en,https://www.thedailystar.net/business/news/six-fuel-vessels-arrive-ctg-easing-energy-supply-fears-4123746,2026-03-08,"Six fuel vessels arrive in Ctg, easing energy supply fears",2026,5,False,True,1,3,0,0,0,0,0,0,0,0,0,0,0,0,0,1
dailystar:https://www.thedailystar.net/news/bangladesh/transport/news/fuel-prices-not-increasing-eid-transport-minister-4123881,dailystar,en,https://www.thedailystar.net/news/bangladesh/transport/news/fuel-prices-not-increasing-eid-transport-minister-4123881,2026-03-08,Fuel prices not increasing before Eid: Transport minister,2026,2,True,True,0,0,0,0,0,0,0,0,0,0,0,0,0,0,0,0
dailystar:https://www.thedailystar.net/environment/natural-resources/energy/news/bpc-seeks-stronger-police-patrols-filling-stations-amid-fuel-rush-4123906,dailystar,en,https://www.thedailystar.net/environment/natural-resources/energy/news/bpc-seeks-stronger-police-patrols-filling-stations-amid-fuel-rush-4123906,2026-03-08,BPC seeks stronger police patrols at filling stations amid fuel rush,2026,10,True,True,0,0,0,0,1,3,1,2,0,0,0,0,0,0,0,0
dailystar:https://www.thedailystar.net/tech-startup/news/website-lets-you-track-fuel-price-and-availability-real-time-4124071,dailystar,en,https://www.thedailystar.net/tech-startup/news/website-lets-you-track-fuel-price-and-availability-real-time-4124071,2026-03-09,This website lets you track fuel price and availability real time,2026,6,True,True,0,0,0,0,0,0,0,0,0,0,0,0,0,0,0,0
dailystar:https://www.thedailystar.net/news/bangladesh/news/edible-oil-prices-surge-despite-ample-stock-4124256,dailystar,en,https://www.thedailystar.net/news/bangladesh/news/edible-oil-prices-surge-despite-ample-stock-4124256,2026-03-09,Edible oil prices surge despite ample stock,2026,4,True,True,0,1,0,0,0,0,0,0,0,0,0,0,0,0,0,0
dailystar:https://www.thedailystar.net/business/news/oil-prices-surge-20-supply-fears-us-israeli-war-iran-expands-4124291,dailystar,en,https://www.thedailystar.net/business/news/oil-prices-surge-20-supply-fears-us-israeli-war-iran-expands-4124291,2026-03-09,Oil prices surge 20% on supply fears as US-Israeli war with Iran expands,2026,6,True,True,1,9,0,0,0,0,0,0,0,0,0,0,1,2,0,0
dailystar:https://www.thedailystar.net/business/global-economy/news/history-oil-price-swings-century-4124326,dailystar,en,https://www.thedailystar.net/business/global-economy/news/history-oil-price-swings-century-4124326,2026-03-09,A history of oil price swings this century,2026,3,True,True,1,8,0,0,0,0,0,0,0,0,0,0,0,0,1,3
dailystar:https://www.thedailystar.net/business/news/oil-prices-surge-highest-2022-over-119-barrel-4124616,dailystar,en,https://www.thedailystar.net/business/news/oil-prices-surge-highest-2022-over-119-barrel-4124616,2026-03-09,Oil prices surge to highest since 2022 at over $119 a barrel,2026,1,True,True,0,0,0,0,0,0,0,0,0,0,0,0,0,0,0,0
dailystar:https://www.thedailystar.net/news/bangladesh/news/fuel-rationing-bhairab-depots-leaves-hundreds-tankers-waiting-queues-4124656,dailystar,en,https://www.thedailystar.net/news/bangladesh/news/fuel-rationing-bhairab-depots-leaves-hundreds-tankers-waiting-queues-4124656,2026-03-09,Fuel rationing at Bhairab depots leaves hundreds of tankers waiting in queues,2026,6,False,True,0,0,0,0,0,0,0,0,0,0,0,0,0,0,0,0
dailystar:https://www.thedailystar.net/news/bangladesh/news/fuel-shortage-halts-sandwip-ctg-speedboat-services-4124681,dailystar,en,https://www.thedailystar.net/news/bangladesh/news/fuel-shortage-halts-sandwip-ctg-speedboat-services-4124681,2026-03-09,Fuel shortage halts Sandwip-Ctg speedboat services,2026,4,False,True,0,0,0,0,0,0,0,0,0,0,0,1,0,0,0,0
dailystar:https://www.thedailystar.net/business/news/private-depots-lighter-vessel-operators-warn-fuel-crisis-4124781,dailystar,en,https://www.thedailystar.net/business/news/private-depots-lighter-vessel-operators-warn-fuel-crisis-4124781,2026-03-10,"Private depots, lighter vessel operators warn of fuel crisis",2026,11,True,True,0,0,0,0,0,0,0,0,0,0,0,0,0,0,0,0
dailystar:https://www.thedailystar.net/news/bangladesh/accidents-fires/news/refused-fuel-iftar-customer-returns-stab-worker-sylhet-petrol-pump-4124971,dailystar,en,https://www.thedailystar.net/news/bangladesh/accidents-fires/news/refused-fuel-iftar-customer-returns-stab-worker-sylhet-petrol-pump-4124971,2026-03-10,"Refused fuel before iftar, customer returns to stab worker at Sylhet petrol pump",2026,4,True,True,0,0,0,0,0,0,0,0,0,0,0,0,0,0,1,3
dailystar:https://www.thedailystar.net/news/bangladesh/news/diesel-crunch-hits-farm-heartlands-4125026,dailystar,en,https://www.thedailystar.net/news/bangladesh/news/diesel-crunch-hits-farm-heartlands-4125026,2026-03-10,Diesel crunch hits farm heartlands,2026,18,True,True,0,0,0,0,0,0,0,0,0,0,0,0,0,1,0,0
dailystar:https://www.thedailystar.net/news/bangladesh/news/forex-reserves-focus-global-oil-price-surges-4125036,dailystar,en,https://www.thedailystar.net/news/bangladesh/news/forex-reserves-focus-global-oil-price-surges-4125036,2026-03-10,Forex reserves in focus as global oil price surges,2026,13,True,True,1,3,0,0,0,0,0,0,0,0,0,0,0,1,0,1
dailystar:https://www.thedailystar.net/news/bangladesh/news/icds-lighter-vessels-face-diesel-crisis-4125091,dailystar,en,https://www.thedailystar.net/news/bangladesh/news/icds-lighter-vessels-face-diesel-crisis-4125091,2026-03-10,"ICDs, lighter vessels face diesel crisis",2026,6,True,True,0,0,0,0,0,0,0,0,0,0,0,0,0,0,0,0
dailystar:https://www.thedailystar.net/news/asia/news/airlines-begin-hike-fares-due-higher-fuel-prices-shares-stabilise-4125116,dailystar,en,https://www.thedailystar.net/news/asia/news/airlines-begin-hike-fares-due-higher-fuel-prices-shares-stabilise-4125116,2026-03-10,"Airlines begin to hike fares due to higher fuel prices, shares stabilise",2026,9,True,True,0,1,0,0,0,0,0,0,0,0,0,0,0,0,0,0
dailystar:https://www.thedailystar.net/news/bangladesh/news/ride-sharing-motorcycles-will-get-5-litres-fuel-day-now-4125256,dailystar,en,https://www.thedailystar.net/news/bangladesh/news/ride-sharing-motorcycles-will-get-5-litres-fuel-day-now-4125256,2026-03-10,Ride‑sharing motorcycles will get 5 litres of fuel per day from now on,2026,5,False,True,0,0,0,0,0,0,0,0,0,0,0,0,0,0,0,0
dailystar:https://www.thedailystar.net/environment/natural-resources/energy/news/5000-tonnes-diesel-reach-parbatipur-india-bangladesh-pipeline-4125601,dailystar,en,https://www.thedailystar.net/environment/natural-resources/energy/news/5000-tonnes-diesel-reach-parbatipur-india-bangladesh-pipeline-4125601,2026-03-11,"5,000 tonnes of diesel reach Parbatipur via India-Bangladesh pipeline",2026,9,True,True,0,0,0,0,0,0,1,10,0,0,0,0,0,0,0,0
dailystar:https://www.thedailystar.net/business/global-economy/news/trump-has-limited-options-curb-war-driven-oil-price-surge-4125736,dailystar,en,https://www.thedailystar.net/business/global-economy/news/trump-has-limited-options-curb-war-driven-oil-price-surge-4125736,2026-03-10,Trump has limited options to curb war-driven oil price surge,2026,4,True,True,1,6,0,0,0,0,0,1,0,0,0,0,0,1,0,0
dailystar:https://www.thedailystar.net/news/bangladesh/news/govt-looking-fuel-source-options-4125831,dailystar,en,https://www.thedailystar.net/news/bangladesh/news/govt-looking-fuel-source-options-4125831,2026-04-01,Govt looking at fuel source options,2026,19,False,True,1,4,0,0,0,0,1,5,0,0,0,0,0,0,0,0
dailystar:https://www.thedailystar.net/news/bangladesh/news/drive-smart-save-fuel-4126086,dailystar,en,https://www.thedailystar.net/news/bangladesh/news/drive-smart-save-fuel-4126086,2026-03-11,"Drive smart, save fuel",2026,7,False,True,0,1,0,0,0,0,0,0,0,0,0,0,0,0,0,0
dailystar:https://www.thedailystar.net/environment/natural-resources/energy/news/fuel-supply-divisional-cities-raised-amid-public-demand-4126091,dailystar,en,https://www.thedailystar.net/environment/natural-resources/energy/news/fuel-supply-divisional-cities-raised-amid-public-demand-4126091,2026-03-11,Fuel supply in divisional cities raised amid public demand,2026,6,False,True,0,0,0,0,0,0,0,0,0,0,0,0,0,0,0,0
dailystar:https://www.thedailystar.net/business/global-economy/news/oil-prices-seesaw-4126666,dailystar,en,https://www.thedailystar.net/business/global-economy/news/oil-prices-seesaw-4126666,2026-03-12,Oil prices seesaw,2026,5,True,True,1,11,0,0,0,0,0,0,0,0,0,0,0,1,1,2
dailystar:https://www.thedailystar.net/news/bangladesh/diplomacy/news/india-considering-bangladeshs-request-additional-diesel-4127341,dailystar,en,https://www.thedailystar.net/news/bangladesh/diplomacy/news/india-considering-bangladeshs-request-additional-diesel-4127341,2026-03-12,India considering Bangladesh’s request for additional diesel,2026,6,True,True,1,2,0,0,0,0,1,8,0,0,0,0,0,0,0,0
dailystar:https://www.thedailystar.net/business/economy/news/fuel-panic-buying-slashes-ride-sharing-income-4127551,dailystar,en,https://www.thedailystar.net/business/economy/news/fuel-panic-buying-slashes-ride-sharing-income-4127551,2026-03-13,Fuel panic buying slashes ride-sharing income,2026,7,False,True,0,1,0,0,0,0,0,0,0,0,0,0,0,1,0,0
dailystar:https://www.thedailystar.net/news/bangladesh/news/considering-bangladeshs-call-fuel-4127676,dailystar,en,https://www.thedailystar.net/news/bangladesh/news/considering-bangladeshs-call-fuel-4127676,2026-03-13,‘Considering Bangladesh’s call for fuel’,2026,7,False,True,1,6,0,0,0,0,1,10,0,0,0,0,0,0,0,0
dailystar:https://www.thedailystar.net/news/bangladesh/news/no-fuel-crisis-price-hike-ahead-eid-4128096,dailystar,en,https://www.thedailystar.net/news/bangladesh/news/no-fuel-crisis-price-hike-ahead-eid-4128096,2026-03-14,"No fuel crisis, price hike ahead of Eid",2026,2,True,True,0,0,0,0,0,0,0,0,0,0,0,0,0,0,0,0
dailystar:https://www.thedailystar.net/news/bangladesh/news/fuel-lifting-khulna-depots-halted-over-supply-shortage-4128476,dailystar,en,https://www.thedailystar.net/news/bangladesh/news/fuel-lifting-khulna-depots-halted-over-supply-shortage-4128476,2026-03-14,Fuel lifting from Khulna depots halted over supply shortage,2026,12,False,True,0,0,0,0,0,0,0,0,0,0,0,0,0,1,0,0
dailystar:https://www.thedailystar.net/business/news/global-fuel-price-hike-wont-hit-eid-travel-cost-minister-4128546,dailystar,en,https://www.thedailystar.net/business/news/global-fuel-price-hike-wont-hit-eid-travel-cost-minister-4128546,2026-03-14,Global fuel price hike won’t hit Eid travel cost: minister,2026,2,True,True,0,0,0,0,0,0,0,0,0,0,0,0,0,0,0,0
dailystar:https://www.thedailystar.net/business/economy/news/global-fuel-price-hike-wont-hit-eid-travel-cost-minister-4128681,dailystar,en,https://www.thedailystar.net/business/economy/news/global-fuel-price-hike-wont-hit-eid-travel-cost-minister-4128681,2026-03-15,Global fuel price hike won’t hit Eid travel cost: minister,2026,2,True,True,0,0,0,0,0,0,0,0,0,0,0,0,0,0,0,0
dailystar:https://www.thedailystar.net/environment/natural-resources/energy/news/govt-likely-relax-fuel-purchase-caps-today-4128766,dailystar,en,https://www.thedailystar.net/environment/natural-resources/energy/news/govt-likely-relax-fuel-purchase-caps-today-4128766,2026-03-15,Govt likely to relax fuel purchase caps from today,2026,4,False,True,1,2,0,0,0,0,0,0,0,0,0,0,0,0,0,0
dailystar:https://www.thedailystar.net/news/bangladesh/news/govt-may-relax-fuel-purchase-caps-today-4128876,dailystar,en,https://www.thedailystar.net/news/bangladesh/news/govt-may-relax-fuel-purchase-caps-today-4128876,2026-03-15,Govt may relax fuel purchase caps from today,2026,4,False,True,1,2,0,0,0,0,0,0,0,0,0,0,0,0,0,0
dailystar:https://www.thedailystar.net/slow-reads/geopolitical-insights/news/beyond-the-panic-the-petrol-pump-4128941,dailystar,en,https://www.thedailystar.net/slow-reads/geopolitical-insights/news/beyond-the-panic-the-petrol-pump-4128941,2026-03-15,Beyond the panic at the petrol pump,2026,14,True,True,1,7,0,0,0,1,0,0,0,0,0,1,0,0,0,0
dailystar:https://www.thedailystar.net/opinion/editorial/news/strictly-monitor-edible-oil-prices-and-supply-4129346,dailystar,en,https://www.thedailystar.net/opinion/editorial/news/strictly-monitor-edible-oil-prices-and-supply-4129346,2026-03-16,Strictly monitor edible oil prices and supply,2026,3,True,True,1,2,0,0,0,1,0,0,0,0,0,0,0,1,0,0
dailystar:https://www.thedailystar.net/news/bangladesh/news/diesel-shortage-leaves-trawlers-idle-patuakhalis-kalapara-4129371,dailystar,en,https://www.thedailystar.net/news/bangladesh/news/diesel-shortage-leaves-trawlers-idle-patuakhalis-kalapara-4129371,2026-03-15,Diesel shortage leaves trawlers idle in Patuakhali’s Kalapara,2026,12,True,True,0,1,0,0,0,1,0,0,0,0,0,1,1,2,0,0
dailystar:https://www.thedailystar.net/business/news/what-are-asian-countries-doing-offset-the-oil-price-rise-4130096,dailystar,en,https://www.thedailystar.net/business/news/what-are-asian-countries-doing-offset-the-oil-price-rise-4130096,2026-03-16,What are Asian countries doing to offset the oil-price rise?,2026,16,False,True,1,6,0,0,0,1,1,7,0,0,0,0,1,4,0,1
dailystar:https://www.thedailystar.net/environment/natural-resources/energy/news/cap-lifted-dhaka-pumps-still-rationing-fuel-4130436,dailystar,en,https://www.thedailystar.net/environment/natural-resources/energy/news/cap-lifted-dhaka-pumps-still-rationing-fuel-4130436,2026-03-17,"Cap lifted, but Dhaka pumps still rationing fuel",2026,12,False,True,0,1,0,0,0,0,0,0,0,0,0,0,0,0,0,0
dailystar:https://www.thedailystar.net/business/global-economy/news/asean-states-working-fuel-sharing-deal-4130496,dailystar,en,https://www.thedailystar.net/business/global-economy/news/asean-states-working-fuel-sharing-deal-4130496,2026-03-17,Asean states working on fuel-sharing deal,2026,15,False,True,1,3,0,0,0,0,0,0,0,0,0,0,1,2,0,0
dailystar:https://www.thedailystar.net/news/world/news/iran-war-abject-lesson-fossil-fuel-dependence-4130531,dailystar,en,https://www.thedailystar.net/news/world/news/iran-war-abject-lesson-fossil-fuel-dependence-4130531,2026-03-17,Iran war an ‘abject lesson’ on fossil fuel dependence,2026,3,False,True,1,3,0,0,0,0,0,0,0,0,0,0,0,0,0,0
dailystar:https://www.thedailystar.net/news/bangladesh/news/cap-lifted-city-pumps-still-short-fuel-4130566,dailystar,en,https://www.thedailystar.net/news/bangladesh/news/cap-lifted-city-pumps-still-short-fuel-4130566,2026-03-17,"Cap lifted, but Dhaka pumps still rationing fuel",2026,12,False,True,0,1,0,0,0,0,0,0,0,0,0,0,0,0,0,0
dailystar:https://www.thedailystar.net/business/news/oil-prices-jump-again-worries-grow-over-hormuz-4130791,dailystar,en,https://www.thedailystar.net/business/news/oil-prices-jump-again-worries-grow-over-hormuz-4130791,2026-03-17,Oil prices jump again as worries grow over Hormuz,2026,2,True,True,1,8,0,0,0,0,0,0,0,0,0,0,0,1,1,3
dailystar:https://www.thedailystar.net/business/news/us-average-diesel-prices-cross-5-gallon-middle-east-war-tests-global-economy-4130801,dailystar,en,https://www.thedailystar.net/business/news/us-average-diesel-prices-cross-5-gallon-middle-east-war-tests-global-economy-4130801,2026-03-17,US average diesel prices cross $5 a gallon as Middle East War tests global economy,2026,11,True,True,1,5,0,0,0,0,0,0,0,0,0,0,0,0,0,1
dailystar:https://www.thedailystar.net/news/world/middle-east/news/oil-prices-spike-more-5-worries-grow-over-hormuz-4130816,dailystar,en,https://www.thedailystar.net/news/world/middle-east/news/oil-prices-spike-more-5-worries-grow-over-hormuz-4130816,2026-03-17,Oil prices spike more than 5% as worries grow over Hormuz,2026,3,True,True,1,9,0,0,0,0,0,0,0,0,0,0,0,1,1,3
dailystar:https://www.thedailystar.net/business/economy/news/iran-war-sparks-fuel-fears-slows-eid-motorcycle-sales-4131366,dailystar,en,https://www.thedailystar.net/business/economy/news/iran-war-sparks-fuel-fears-slows-eid-motorcycle-sales-4131366,2026-03-18,"Iran war sparks fuel fears, slows Eid motorcycle sales",2026,5,False,True,1,2,0,0,0,0,0,0,0,0,0,0,0,0,0,0
dailystar:https://www.thedailystar.net/business/economy/news/artificial-shortage-pushes-edible-oil-prices-4131391,dailystar,en,https://www.thedailystar.net/business/economy/news/artificial-shortage-pushes-edible-oil-prices-4131391,2026-03-18,‘Artificial shortage’ pushes up edible oil prices,2026,5,True,True,1,3,0,0,0,0,0,0,0,0,0,0,0,0,0,0
dailystar:https://www.thedailystar.net/news/bangladesh/news/fuel-shortage-forces-buses-limit-eid-trips-4131451,dailystar,en,https://www.thedailystar.net/news/bangladesh/news/fuel-shortage-forces-buses-limit-eid-trips-4131451,2026-03-18,Fuel shortage forces buses to limit Eid trips,2026,10,False,True,0,0,0,0,0,0,0,1,0,0,0,0,0,0,0,0
dailystar:https://www.thedailystar.net/environment/natural-resources/energy/news/berc-backtracks-earlier-decision-raise-jet-fuel-prices-4132191,dailystar,en,https://www.thedailystar.net/environment/natural-resources/energy/news/berc-backtracks-earlier-decision-raise-jet-fuel-prices-4132191,2026-03-19,BERC backtracks on earlier decision to raise jet fuel prices,2026,5,True,True,1,2,0,0,0,0,0,0,0,0,0,0,0,0,0,1
dailystar:https://www.thedailystar.net/news/bangladesh/news/fuel-supply-holds-steady-despite-import-concerns-4132356,dailystar,en,https://www.thedailystar.net/news/bangladesh/news/fuel-supply-holds-steady-despite-import-concerns-4132356,2026-03-19,Fuel supply holds steady despite import concerns,2026,21,False,True,1,4,0,0,0,0,0,1,0,0,0,0,0,0,0,0
dailystar:https://www.thedailystar.net/news/world/us-israel-war-iran/news/work-home-avoid-air-travel-deal-higher-energy-prices-iea-says-4133131,dailystar,en,https://www.thedailystar.net/news/world/us-israel-war-iran/news/work-home-avoid-air-travel-deal-higher-energy-prices-iea-says-4133131,2026-03-20,"Work from home, avoid air travel to deal with higher energy prices, IEA says",2026,4,True,True,1,2,0,0,0,0,0,0,0,0,0,0,0,0,0,0
dailystar:https://www.thedailystar.net/environment/natural-resources/energy/news/fuel-supply-shortage-strains-petrol-pumps-4133976,dailystar,en,https://www.thedailystar.net/environment/natural-resources/energy/news/fuel-supply-shortage-strains-petrol-pumps-4133976,2026-03-23,Fuel supply shortage strains petrol pumps,2026,5,True,True,0,0,0,0,0,0,0,0,0,0,0,0,0,0,0,0
dailystar:https://www.thedailystar.net/environment/natural-resources/energy/news/fuel-pumps-run-dry-across-districts-4134061,dailystar,en,https://www.thedailystar.net/environment/natural-resources/energy/news/fuel-pumps-run-dry-across-districts-4134061,2026-03-23,Fuel pumps run dry across districts,2026,44,False,True,0,0,0,0,0,0,0,0,0,0,1,3,0,1,0,0
dailystar:https://www.thedailystar.net/environment/natural-resources/energy/news/fuel-stocks-tight-amid-geopolitical-tensions-relief-sight-4134121,dailystar,en,https://www.thedailystar.net/environment/natural-resources/energy/news/fuel-stocks-tight-amid-geopolitical-tensions-relief-sight-4134121,2026-03-24,"Fuel stocks tight amid geopolitical tensions, but relief in sight",2026,15,False,True,1,4,0,0,0,0,0,1,0,0,0,0,0,0,0,0
dailystar:https://www.thedailystar.net/star-multimedia/news/even-during-eid-holidays-pressure-persists-petrol-pumps-4134216,dailystar,en,https://www.thedailystar.net/star-multimedia/news/even-during-eid-holidays-pressure-persists-petrol-pumps-4134216,2026-03-24,"Even during Eid holidays, pressure persists at petrol pumps",2026,3,True,True,0,0,0,0,0,0,0,0,0,0,0,0,0,0,0,0
dailystar:https://www.thedailystar.net/news/asia/news/vietnam-cut-domestic-flights-over-jet-fuel-shortage-4134346,dailystar,en,https://www.thedailystar.net/news/asia/news/vietnam-cut-domestic-flights-over-jet-fuel-shortage-4134346,2026-03-24,Vietnam to cut domestic flights over jet fuel shortage,2026,5,False,True,0,1,0,0,0,0,0,0,0,0,0,0,0,0,0,0
dailystar:https://www.thedailystar.net/news/bangladesh/news/fuel-supply-disrupted-amid-surge-demand-energy-minister-4134366,dailystar,en,https://www.thedailystar.net/news/bangladesh/news/fuel-supply-disrupted-amid-surge-demand-energy-minister-4134366,2026-03-24,Fuel supply disrupted amid surge in demand: Energy minister,2026,4,False,True,0,0,0,0,0,1,0,0,0,0,0,0,0,0,0,1
dailystar:https://www.thedailystar.net/news/bangladesh/news/commuters-struggle-fuel-runs-short-khulna-4134401,dailystar,en,https://www.thedailystar.net/news/bangladesh/news/commuters-struggle-fuel-runs-short-khulna-4134401,2026-03-24,Commuters struggle as fuel 'runs short' in Khulna,2026,19,False,True,0,0,0,0,1,4,0,0,0,0,0,0,0,0,0,0
dailystar:https://www.thedailystar.net/news/bangladesh/news/berc-raises-jet-fuel-prices-domestic-tk-8988litre-international-058-4134406,dailystar,en,https://www.thedailystar.net/news/bangladesh/news/berc-raises-jet-fuel-prices-domestic-tk-8988litre-international-058-4134406,2026-03-24,"BERC raises jet fuel prices: Domestic up Tk 89.88/litre, international up $0.58",2026,3,True,True,1,2,0,0,0,0,0,0,0,0,0,0,0,1,0,0
dailystar:https://www.thedailystar.net/environment/natural-resources/energy/news/80-jet-fuel-price-hike-may-halt-domestic-flights-warns-aoab-4134451,dailystar,en,https://www.thedailystar.net/environment/natural-resources/energy/news/80-jet-fuel-price-hike-may-halt-domestic-flights-warns-aoab-4134451,2026-03-24,"80% jet fuel price hike may halt domestic flights, warns AOAB",2026,6,True,True,1,2,0,0,0,0,0,1,0,1,0,0,0,0,0,0
dailystar:https://www.thedailystar.net/business/global-economy/news/vietnam-cut-domestic-flights-over-jet-fuel-shortage-4134756,dailystar,en,https://www.thedailystar.net/business/global-economy/news/vietnam-cut-domestic-flights-over-jet-fuel-shortage-4134756,2026-03-25,Vietnam to cut domestic flights over jet fuel shortage,2026,5,False,True,0,1,0,0,0,0,0,0,0,0,0,0,0,0,0,0
dailystar:https://www.thedailystar.net/news/bangladesh/news/jet-fuel-prices-hiked-80-4134861,dailystar,en,https://www.thedailystar.net/news/bangladesh/news/jet-fuel-prices-hiked-80-4134861,2026-03-25,Jet fuel prices hiked by 80%,2026,10,True,True,1,6,0,0,0,0,0,1,0,1,0,0,1,2,0,0
dailystar:https://www.thedailystar.net/news/bangladesh/news/supply-crunch-worsens-fuel-pumps-4134871,dailystar,en,https://www.thedailystar.net/news/bangladesh/news/supply-crunch-worsens-fuel-pumps-4134871,2026-03-25,Supply crunch worsens at fuel pumps,2026,21,False,True,0,1,0,0,1,2,1,3,0,0,0,0,0,0,0,0
dailystar:https://www.thedailystar.net/news/bangladesh/news/dhaka-got-green-signal-getting-more-diesel-pipeline-4134916,dailystar,en,https://www.thedailystar.net/news/bangladesh/news/dhaka-got-green-signal-getting-more-diesel-pipeline-4134916,2026-03-25,Dhaka ‘got green signal’ for getting more diesel via pipeline,2026,2,True,True,0,1,0,0,0,0,1,22,0,0,0,0,0,0,0,0
dailystar:https://www.thedailystar.net/news/governance/news/pm-chairs-meeting-fuel-situation-amid-global-oil-price-surge-4135131,dailystar,en,https://www.thedailystar.net/news/governance/news/pm-chairs-meeting-fuel-situation-amid-global-oil-price-surge-4135131,2026-03-25,PM chairs meeting on fuel situation amid global oil price surge,2026,2,True,True,0,0,0,0,0,0,0,0,0,0,0,0,0,0,0,0
dailystar:https://www.thedailystar.net/news/world/us-israel-war-iran/news/price-hikes-outlook-cuts-what-airlines-are-doing-fuel-costs-surge-4135211,dailystar,en,https://www.thedailystar.net/news/world/us-israel-war-iran/news/price-hikes-outlook-cuts-what-airlines-are-doing-fuel-costs-surge-4135211,2026-03-25,"Price hikes, outlook cuts: What airlines are doing as fuel costs surge",2026,10,False,True,0,1,0,0,0,0,1,4,0,0,0,0,0,0,0,0
dailystar:https://www.thedailystar.net/business/news/asia-looks-covid-era-playbook-tackle-fuel-crisis-4135231,dailystar,en,https://www.thedailystar.net/business/news/asia-looks-covid-era-playbook-tackle-fuel-crisis-4135231,2026-03-25,Asia looks to Covid-era playbook to tackle fuel crisis,2026,8,True,True,1,3,0,0,0,0,0,0,0,1,0,0,0,1,0,0
dailystar:https://www.thedailystar.net/news/bangladesh/news/fuel-shortage-disrupts-boro-irrigation-khulna-farmers-fear-major-losses-4135261,dailystar,en,https://www.thedailystar.net/news/bangladesh/news/fuel-shortage-disrupts-boro-irrigation-khulna-farmers-fear-major-losses-4135261,2026-03-25,"Fuel shortage disrupts Boro irrigation in Khulna, farmers fear major losses",2026,14,False,True,0,0,0,0,0,1,0,0,0,0,0,1,1,2,0,0
dailystar:https://www.thedailystar.net/news/world/news/asia-looks-covid-era-playbook-tackle-fuel-crisis-4135311,dailystar,en,https://www.thedailystar.net/news/world/news/asia-looks-covid-era-playbook-tackle-fuel-crisis-4135311,2026-03-25,Asia looks to COVID-era playbook to tackle fuel crisis,2026,10,True,True,1,3,0,0,0,0,0,0,0,1,0,0,0,1,0,0
dailystar:https://www.thedailystar.net/news/bangladesh/crime-justice/news/11-detained-3000-litres-petrol-jamalpur-4135401,dailystar,en,https://www.thedailystar.net/news/bangladesh/crime-justice/news/11-detained-3000-litres-petrol-jamalpur-4135401,2026-03-25,"11 detained with 3,000 litres of petrol in Jamalpur",2026,4,True,True,0,0,0,0,0,1,0,0,0,0,0,0,0,0,0,0
dailystar:https://www.thedailystar.net/business/global-economy/news/asia-looks-covid-era-playbook-tackle-fuel-crisis-4135586,dailystar,en,https://www.thedailystar.net/business/global-economy/news/asia-looks-covid-era-playbook-tackle-fuel-crisis-4135586,2026-03-26,Asia looks to Covid-era playbook to tackle fuel crisis,2026,8,True,True,1,3,0,0,0,0,0,0,0,1,0,0,0,1,0,0
dailystar:https://www.thedailystar.net/business/global-economy/news/uk-annual-inflation-steady-oil-price-surge-4135646,dailystar,en,https://www.thedailystar.net/business/global-economy/news/uk-annual-inflation-steady-oil-price-surge-4135646,2026-03-26,UK annual inflation steady before oil price surge,2026,4,True,True,0,1,0,0,0,0,0,0,0,0,0,0,0,0,0,0
dailystar:https://www.thedailystar.net/news/bangladesh/news/fuel-queues-eating-earning-hours-4135731,dailystar,en,https://www.thedailystar.net/news/bangladesh/news/fuel-queues-eating-earning-hours-4135731,2026-03-26,Fuel queues eating into earning hours,2026,5,False,True,0,1,0,0,0,0,0,0,0,0,0,0,0,0,0,0
dailystar:https://www.thedailystar.net/news/bangladesh/news/no-hike-fuel-prices-now-4135741,dailystar,en,https://www.thedailystar.net/news/bangladesh/news/no-hike-fuel-prices-now-4135741,2026-03-26,No hike in fuel prices for now,2026,7,True,True,0,1,0,0,1,3,0,0,0,0,0,0,0,0,0,0
dailystar:https://www.thedailystar.net/news/bangladesh/news/jet-fuel-price-hike-domestic-airfare-go-least-tk-1000-4135746,dailystar,en,https://www.thedailystar.net/news/bangladesh/news/jet-fuel-price-hike-domestic-airfare-go-least-tk-1000-4135746,2026-03-26,"Jet fuel price hike: Domestic airfare to go up by at least Tk 1,000",2026,4,True,True,0,0,0,0,0,0,0,0,0,0,0,0,0,0,0,0
dailystar:https://www.thedailystar.net/news/world/europe/news/oil-prices-tumble-stocks-rally-peace-hopes-4135761,dailystar,en,https://www.thedailystar.net/news/world/europe/news/oil-prices-tumble-stocks-rally-peace-hopes-4135761,2026-03-26,"Oil prices tumble, stocks rally on peace hopes",2026,4,True,True,1,9,0,0,0,0,0,0,0,0,0,0,0,0,1,3
dailystar:https://www.thedailystar.net/news/bangladesh/news/mobile-court-seizes-5180-litres-illegally-stored-fuel-tangail-4136071,dailystar,en,https://www.thedailystar.net/news/bangladesh/news/mobile-court-seizes-5180-litres-illegally-stored-fuel-tangail-4136071,2026-03-26,"Mobile court seizes 5,180 litres of illegally stored fuel in Tangail",2026,6,False,True,0,0,0,0,0,0,0,0,0,0,0,0,0,0,0,0
dailystar:https://www.thedailystar.net/news-0/news/man-dies-while-waiting-long-queue-dinajpur-petrol-pump-4136171,dailystar,en,https://www.thedailystar.net/news-0/news/man-dies-while-waiting-long-queue-dinajpur-petrol-pump-4136171,2026-03-26,Man dies while waiting in long queue at Dinajpur petrol pump,2026,3,True,True,0,0,0,0,0,0,0,0,0,0,0,0,0,0,0,0
dailystar:https://www.thedailystar.net/business/news/govt-approves-emergency-purchase-300000-tonnes-diesel-4136256,dailystar,en,https://www.thedailystar.net/business/news/govt-approves-emergency-purchase-300000-tonnes-diesel-4136256,2026-03-26,"Govt approves emergency purchase of 300,000 tonnes of diesel",2026,9,True,True,1,3,0,0,0,0,0,0,0,0,0,0,0,0,0,0
dailystar:https://www.thedailystar.net/news/bangladesh/agriculture/news/diesel-shortage-disrupts-boro-irrigation-4136396,dailystar,en,https://www.thedailystar.net/news/bangladesh/agriculture/news/diesel-shortage-disrupts-boro-irrigation-4136396,2026-03-27,Diesel shortage disrupts Boro irrigation,2026,13,True,True,0,0,0,0,0,1,0,0,0,0,0,1,0,1,0,0
dailystar:https://www.thedailystar.net/news/bangladesh/news/govt-approves-emergency-diesel-import-4136496,dailystar,en,https://www.thedailystar.net/news/bangladesh/news/govt-approves-emergency-diesel-import-4136496,2026-03-27,Govt approves emergency diesel import,2026,9,True,True,1,3,0,0,0,0,0,0,0,0,0,0,0,0,0,0
dailystar:https://www.thedailystar.net/news/world/europe/news/peace-talks-confusion-fuels-oil-price-surge-market-turmoil-4136516,dailystar,en,https://www.thedailystar.net/news/world/europe/news/peace-talks-confusion-fuels-oil-price-surge-market-turmoil-4136516,2026-03-27,"Peace talks confusion fuels oil price surge, market turmoil",2026,6,True,True,1,10,0,0,0,0,0,0,0,0,0,0,0,1,1,2
dailystar:https://www.thedailystar.net/opinion/views/news/building-strategic-capacity-fossil-fuels-isnt-the-answer-our-energy-crisis-4136271,dailystar,en,https://www.thedailystar.net/opinion/views/news/building-strategic-capacity-fossil-fuels-isnt-the-answer-our-energy-crisis-4136271,2026-03-27,Building ‘strategic capacity’ in fossil fuels isn't the answer to our energy crisis,2026,15,False,True,1,2,0,1,0,0,1,2,0,0,0,0,0,0,0,0
dailystar:https://www.thedailystar.net/news/bangladesh/news/hoarding-diesel-6000-litres-seized-ctg-illegal-tank-found-sherpur-4136826,dailystar,en,https://www.thedailystar.net/news/bangladesh/news/hoarding-diesel-6000-litres-seized-ctg-illegal-tank-found-sherpur-4136826,2026-03-27,"Hoarding diesel: 6,000 litres seized in Ctg, illegal tank found in Sherpur",2026,7,True,True,0,0,0,0,1,1,0,0,0,0,0,0,0,0,0,0
dailystar:https://www.thedailystar.net/environment/natural-resources/energy/news/fuel-secured-until-april-govt-paying-tk-167-crore-subsidy-daily-state-minister-4136831,dailystar,en,https://www.thedailystar.net/environment/natural-resources/energy/news/fuel-secured-until-april-govt-paying-tk-167-crore-subsidy-daily-state-minister-4136831,2026-03-27,"Fuel secured until April, govt paying Tk 167 crore subsidy daily: State minister",2026,9,False,True,1,2,0,0,0,0,0,0,0,0,0,0,1,2,0,0
dailystar:https://www.thedailystar.net/news/bangladesh/news/chapainawabganj-pump-fined-tk-20000-refusing-sell-fuel-4136886,dailystar,en,https://www.thedailystar.net/news/bangladesh/news/chapainawabganj-pump-fined-tk-20000-refusing-sell-fuel-4136886,2026-03-27,"Chapainawabganj pump fined Tk 20,000 for refusing to sell fuel",2026,3,False,True,0,0,0,0,0,0,0,0,0,0,0,0,0,0,0,0
dailystar:https://www.thedailystar.net/news/bangladesh/news/price-shock-threatens-bpcs-profit-streak-4137106,dailystar,en,https://www.thedailystar.net/news/bangladesh/news/price-shock-threatens-bpcs-profit-streak-4137106,2026-03-28,Price shock threatens BPC’s profit streak,2026,22,True,True,1,7,0,0,0,0,0,0,0,0,0,0,1,10,0,0
dailystar:https://www.thedailystar.net/news/asia/south-asia/news/sri-lanka-jails-man-hoarding-4-litres-fuel-4137116,dailystar,en,https://www.thedailystar.net/news/asia/south-asia/news/sri-lanka-jails-man-hoarding-4-litres-fuel-4137116,2026-03-28,Sri Lanka jails man for hoarding 4 litres of fuel,2026,5,False,True,0,1,0,0,1,4,0,0,0,0,0,0,0,0,0,0
dailystar:https://www.thedailystar.net/news/bangladesh/crime-justice/news/6000-litres-diesel-seized-chattogram-4137166,dailystar,en,https://www.thedailystar.net/news/bangladesh/crime-justice/news/6000-litres-diesel-seized-chattogram-4137166,2026-03-28,"6,000 litres of diesel seized in Chattogram",2026,11,True,True,0,0,0,0,0,0,0,0,0,0,0,0,0,0,0,0
dailystar:https://www.thedailystar.net/news/governance/news/govt-decides-appoint-tag-officers-all-petrol-pumps-4137411,dailystar,en,https://www.thedailystar.net/news/governance/news/govt-decides-appoint-tag-officers-all-petrol-pumps-4137411,2026-03-28,Govt decides to appoint tag officers for all petrol pumps,2026,8,True,True,0,0,0,0,0,0,0,0,0,0,0,0,0,0,0,0
dailystar:https://www.thedailystar.net/news/bangladesh/news/jamalpur-filling-station-manager-fined-tk-50000-hoarding-petrol-4137426,dailystar,en,https://www.thedailystar.net/news/bangladesh/news/jamalpur-filling-station-manager-fined-tk-50000-hoarding-petrol-4137426,2026-03-28,"Jamalpur filling station manager fined Tk 50,000 for hoarding petrol",2026,4,True,True,0,0,0,0,1,2,0,0,0,0,0,0,0,0,0,0
dailystar:https://www.thedailystar.net/news/bangladesh/news/govt-assures-fuel-stock-and-supply-are-normal-4137501,dailystar,en,https://www.thedailystar.net/news/bangladesh/news/govt-assures-fuel-stock-and-supply-are-normal-4137501,2026-03-28,Govt assures fuel stock and supply are normal,2026,4,False,True,0,1,0,0,1,2,0,0,0,0,0,0,0,0,0,0
dailystar:https://www.thedailystar.net/news/governance/news/additional-diesel-requested-hospitals-health-minister-4137506,dailystar,en,https://www.thedailystar.net/news/governance/news/additional-diesel-requested-hospitals-health-minister-4137506,2026-03-28,Additional diesel requested for hospitals: Health minister,2026,5,True,True,0,0,0,0,0,0,0,0,0,0,0,0,0,0,0,0
dailystar:https://www.thedailystar.net/environment/natural-resources/energy/news/diesel-crisis-leaves-thousands-fishermen-idle-shariatpur-4137661,dailystar,en,https://www.thedailystar.net/environment/natural-resources/energy/news/diesel-crisis-leaves-thousands-fishermen-idle-shariatpur-4137661,2026-03-28,Diesel crisis leaves thousands of fishermen idle in Shariatpur,2026,8,True,True,0,0,0,0,0,1,0,0,0,0,0,0,0,0,0,0
dailystar:https://www.thedailystar.net/news/bangladesh/news/two-men-jailed-hoarding-fuel-home-shop-dinajpur-4137726,dailystar,en,https://www.thedailystar.net/news/bangladesh/news/two-men-jailed-hoarding-fuel-home-shop-dinajpur-4137726,2026-03-28,"Two men jailed for hoarding fuel at home, shop in Dinajpur",2026,6,False,True,0,0,0,0,1,4,0,0,0,0,0,0,0,0,0,0
dailystar:https://www.thedailystar.net/business/economy/news/fuel-queues-pushing-transport-costs-4137751,dailystar,en,https://www.thedailystar.net/business/economy/news/fuel-queues-pushing-transport-costs-4137751,2026-03-29,Fuel queues pushing up transport costs,2026,4,False,True,0,1,0,0,0,0,0,0,0,0,0,0,0,1,0,0
dailystar:https://www.thedailystar.net/business/economy/news/rain-brings-relief-boro-farmers-amid-fuel-crunch-4137756,dailystar,en,https://www.thedailystar.net/business/economy/news/rain-brings-relief-boro-farmers-amid-fuel-crunch-4137756,2026-03-29,Rain brings relief to Boro farmers amid fuel crunch,2026,8,False,True,0,0,0,0,0,0,0,0,0,0,0,0,0,1,0,1
dailystar:https://www.thedailystar.net/news/bangladesh/news/fuel-hoarders-face-mobile-court-heat-4137936,dailystar,en,https://www.thedailystar.net/news/bangladesh/news/fuel-hoarders-face-mobile-court-heat-4137936,2026-03-29,Fuel hoarders face mobile court heat,2026,10,False,True,0,0,0,0,1,3,0,0,0,0,0,0,0,0,0,0
dailystar:https://www.thedailystar.net/news/bangladesh/news/govt-moves-digitise-fuel-sale-4137941,dailystar,en,https://www.thedailystar.net/news/bangladesh/news/govt-moves-digitise-fuel-sale-4137941,2026-03-29,Govt moves to digitise fuel sale,2026,23,False,True,0,0,0,0,1,5,0,0,0,0,0,0,0,0,0,1
dailystar:https://www.thedailystar.net/news/bangladesh/news/gazipur-fuel-trader-fined-illegally-stockpiling-3000-litres-diesel-4138206,dailystar,en,https://www.thedailystar.net/news/bangladesh/news/gazipur-fuel-trader-fined-illegally-stockpiling-3000-litres-diesel-4138206,2026-03-29,"Gazipur fuel trader fined for illegally stockpiling 3,000 litres of diesel",2026,3,True,True,0,0,0,0,0,0,0,0,0,0,0,0,0,0,0,0
dailystar:https://www.thedailystar.net/news/bangladesh/transport/news/tanker-strike-halts-fuel-supply-across-8-northern-districts-4138491,dailystar,en,https://www.thedailystar.net/news/bangladesh/transport/news/tanker-strike-halts-fuel-supply-across-8-northern-districts-4138491,2026-03-29,Tanker strike halts fuel supply across 8 northern districts,2026,4,False,True,0,0,0,1,0,0,0,0,0,0,0,0,0,0,1,8
dailystar:https://www.thedailystar.net/news/bangladesh/news/fuel-crisis-deepens-amid-persistent-hoarding-4138886,dailystar,en,https://www.thedailystar.net/news/bangladesh/news/fuel-crisis-deepens-amid-persistent-hoarding-4138886,2026-03-30,Fuel crisis deepens amid persistent hoarding,2026,10,True,True,0,0,0,0,1,2,0,1,0,0,0,0,0,0,1,5
dailystar:https://www.thedailystar.net/news/world/news/australia-halve-fuel-tax-response-middle-east-war-4138941,dailystar,en,https://www.thedailystar.net/news/world/news/australia-halve-fuel-tax-response-middle-east-war-4138941,2026-03-30,Australia to halve fuel tax in response to Middle East war,2026,9,False,True,1,2,0,0,0,0,0,0,0,0,0,1,0,0,0,0
dailystar:https://www.thedailystar.net/news/bangladesh/news/govt-offers-tk-1-lakh-reward-information-illegal-fuel-hoarding-4139056,dailystar,en,https://www.thedailystar.net/news/bangladesh/news/govt-offers-tk-1-lakh-reward-information-illegal-fuel-hoarding-4139056,2026-03-30,Govt offers up to Tk 1 lakh reward for information on illegal fuel hoarding,2026,4,False,True,0,0,0,0,1,5,1,2,0,0,0,0,0,0,0,0
dailystar:https://www.thedailystar.net/news/bangladesh/news/tangail-filling-station-fined-tk-25000-excess-fuel-storage-4139171,dailystar,en,https://www.thedailystar.net/news/bangladesh/news/tangail-filling-station-fined-tk-25000-excess-fuel-storage-4139171,2026-03-30,"Tangail filling station fined Tk 25,000 for excess fuel storage",2026,4,False,True,0,0,0,0,0,0,0,0,0,0,0,0,0,0,0,0
dailystar:https://www.thedailystar.net/business/news/airlines-face-fare-dilemma-fuel-spike-threatens-travel-demand-4139186,dailystar,en,https://www.thedailystar.net/business/news/airlines-face-fare-dilemma-fuel-spike-threatens-travel-demand-4139186,2026-03-30,Airlines face fare dilemma as fuel spike threatens travel demand,2026,3,False,True,1,3,0,0,0,0,0,1,0,0,0,0,0,0,0,0
dailystar:https://www.thedailystar.net/news/environment/natural-resources/energy/news/crackdown-fuel-hoarding-recovered-28-lakh-litres-across-bangladesh-energy-ministry-4139226,dailystar,en,https://www.thedailystar.net/news/environment/natural-resources/energy/news/crackdown-fuel-hoarding-recovered-28-lakh-litres-across-bangladesh-energy-ministry-4139226,2026-03-30,Crackdown on fuel hoarding recovered 2.8 lakh litres across Bangladesh: Energy ministry,2026,3,False,True,0,0,0,0,1,4,0,0,0,0,0,0,0,0,0,0
dailystar:https://www.thedailystar.net/news/environment/natural-resources/energy/news/fuel-hoarding-not-supply-shortage-now-the-bigger-concern-energy-minister-4139291,dailystar,en,https://www.thedailystar.net/news/environment/natural-resources/energy/news/fuel-hoarding-not-supply-shortage-now-the-bigger-concern-energy-minister-4139291,2026-03-30,"Fuel hoarding, not supply shortage, is now the bigger concern: Energy minister",2026,9,False,True,0,0,0,0,1,3,0,0,0,0,0,0,1,2,0,0
dailystar:https://www.thedailystar.net/news/bangladesh/news/transport-livelihoods-take-hit-fuel-crisis-4139481,dailystar,en,https://www.thedailystar.net/news/bangladesh/news/transport-livelihoods-take-hit-fuel-crisis-4139481,2026-03-31,"Transport, livelihoods take a hit in fuel crisis",2026,9,True,True,0,0,0,0,1,5,0,1,0,0,0,1,0,0,1,2
dailystar:https://www.thedailystar.net/news/bangladesh/news/govt-hunting-fuel-worldwide-4139606,dailystar,en,https://www.thedailystar.net/news/bangladesh/news/govt-hunting-fuel-worldwide-4139606,2026-03-31,Govt hunting for fuel worldwide,2026,12,False,True,1,7,0,0,0,0,1,7,0,0,0,0,0,0,1,2
dailystar:https://www.thedailystar.net/news/bangladesh/news/tk-31000cr-fuel-subsidies-needed-till-june-energy-minister-4139616,dailystar,en,https://www.thedailystar.net/news/bangladesh/news/tk-31000cr-fuel-subsidies-needed-till-june-energy-minister-4139616,2026-03-31,"Tk 31,000cr in fuel subsidies needed till June: Energy minister",2026,18,True,True,1,2,0,0,0,0,0,0,0,0,0,0,1,5,0,0
dailystar:https://www.thedailystar.net/opinion/news/how-bangladesh-can-manage-fuel-shocks-economic-stability-4139506,dailystar,en,https://www.thedailystar.net/opinion/news/how-bangladesh-can-manage-fuel-shocks-economic-stability-4139506,2026-03-31,How Bangladesh can manage fuel shocks for economic stability,2026,10,False,True,1,2,0,0,0,0,0,0,0,1,0,0,1,5,0,1
dailystar:https://www.thedailystar.net/news/bangladesh/news/nationwide-mobile-court-crackdown-nets-191-cases-over-fuel-irregularities-4139806,dailystar,en,https://www.thedailystar.net/news/bangladesh/news/nationwide-mobile-court-crackdown-nets-191-cases-over-fuel-irregularities-4139806,2026-03-31,Nationwide mobile court crackdown nets 191 cases over fuel irregularities,2026,3,False,True,0,0,0,0,1,2,0,0,0,0,0,0,0,0,0,0
dailystar:https://www.thedailystar.net/news/bangladesh/news/fuel-crisis-cripples-motorcycle-transport-southwest-riders-incomes-plunge-4139936,dailystar,en,https://www.thedailystar.net/news/bangladesh/news/fuel-crisis-cripples-motorcycle-transport-southwest-riders-incomes-plunge-4139936,2026-03-31,Fuel crisis cripples motorcycle transport in southwest; riders’ incomes plunge,2026,4,True,True,0,0,0,0,0,0,0,0,0,0,0,1,0,0,0,0
dailystar:https://www.thedailystar.net/news/bangladesh/news/fuel-dealers-demand-security-filling-stations-rational-supply-4139996,dailystar,en,https://www.thedailystar.net/news/bangladesh/news/fuel-dealers-demand-security-filling-stations-rational-supply-4139996,2026-03-31,"Fuel dealers demand security at filling stations, rational supply",2026,5,False,True,0,1,0,0,0,0,0,0,0,0,0,0,0,0,0,1
dailystar:https://www.thedailystar.net/business/news/govt-approves-import-26-lakh-more-tonnes-fuel-4140061,dailystar,en,https://www.thedailystar.net/business/news/govt-approves-import-26-lakh-more-tonnes-fuel-4140061,2026-03-31,Govt approves import of 2.6 lakh more tonnes of fuel,2026,5,False,True,1,5,0,0,0,0,0,1,0,0,0,0,0,0,0,0
dailystar:https://www.thedailystar.net/news/environment/natural-resources/energy/news/fuel-prices-unchanged-april-despite-rising-import-costs-4140101,dailystar,en,https://www.thedailystar.net/news/environment/natural-resources/energy/news/fuel-prices-unchanged-april-despite-rising-import-costs-4140101,2026-03-31,Fuel prices unchanged for April despite rising import costs,2026,7,True,True,1,3,0,0,0,0,0,0,0,0,0,0,0,0,0,0
dailystar:https://www.thedailystar.net/business/news/inland-cargo-transport-risk-lighters-starved-fuel-4140181,dailystar,en,https://www.thedailystar.net/business/news/inland-cargo-transport-risk-lighters-starved-fuel-4140181,2026-03-31,Inland cargo transport at risk as lighters starved of fuel,2026,4,False,True,0,0,0,0,0,0,0,0,0,0,0,0,0,0,0,0
dailystar:https://www.thedailystar.net/business/economy/news/inland-cargo-transport-risk-lighters-starved-fuel-4140471,dailystar,en,https://www.thedailystar.net/business/economy/news/inland-cargo-transport-risk-lighters-starved-fuel-4140471,2026-04-01,Inland cargo transport at risk as lighters starved of fuel,2026,4,False,True,0,0,0,0,0,0,0,0,0,0,0,0,0,0,0,0
dailystar:https://www.thedailystar.net/business/economy/news/govt-approves-import-26-lakh-tonnes-fuel-oil-4140476,dailystar,en,https://www.thedailystar.net/business/economy/news/govt-approves-import-26-lakh-tonnes-fuel-oil-4140476,2026-04-01,Govt approves import of 2.6 lakh tonnes of fuel oil,2026,6,True,True,1,5,0,0,0,0,0,1,0,0,0,0,0,0,0,0
dailystar:https://www.thedailystar.net/news/bangladesh/news/fuel-prices-hold-steady-april-4140521,dailystar,en,https://www.thedailystar.net/news/bangladesh/news/fuel-prices-hold-steady-april-4140521,2026-04-01,Fuel prices hold steady for April,2026,23,True,True,1,6,0,0,1,4,0,0,0,0,0,0,1,9,0,0
dailystar:https://www.thedailystar.net/news/bangladesh/news/digital-fuel-pass-system-begin-april-4140636,dailystar,en,https://www.thedailystar.net/news/bangladesh/news/digital-fuel-pass-system-begin-april-4140636,2026-04-01,Digital ‘fuel pass’ system to begin in April,2026,13,False,True,0,0,0,0,0,1,0,0,0,0,0,0,0,0,0,0
dailystar:https://www.thedailystar.net/news/bangladesh/news/trader-fined-tk-30000-tungipara-hoarding-diesel-4140676,dailystar,en,https://www.thedailystar.net/news/bangladesh/news/trader-fined-tk-30000-tungipara-hoarding-diesel-4140676,2026-04-01,"Trader fined Tk 30,000 in Tungipara for hoarding diesel",2026,5,True,True,0,0,0,0,1,2,0,0,0,0,0,0,0,0,0,0
dailystar:https://www.thedailystar.net/news/bangladesh/news/diesel-shortage-stalls-boat-movement-jamalpur-4140721,dailystar,en,https://www.thedailystar.net/news/bangladesh/news/diesel-shortage-stalls-boat-movement-jamalpur-4140721,2026-04-01,Diesel ‘shortage’ stalls boat movement in Jamalpur,2026,4,True,True,0,0,0,0,0,0,0,0,0,0,0,1,0,0,0,0
dailystar:https://www.thedailystar.net/news/asia/india/news/india-hikes-jet-fuel-commercial-lpg-cost-4140766,dailystar,en,https://www.thedailystar.net/news/asia/india/news/india-hikes-jet-fuel-commercial-lpg-cost-4140766,2026-04-01,"India hikes jet fuel, commercial LPG cost",2026,3,False,True,1,2,0,0,0,0,1,4,0,0,0,0,0,0,0,0
dailystar:https://www.thedailystar.net/news/environment/natural-resources/energy/news/man-sentenced-jail-panchagarh-hoarding-and-overcharging-petrol-4140806,dailystar,en,https://www.thedailystar.net/news/environment/natural-resources/energy/news/man-sentenced-jail-panchagarh-hoarding-and-overcharging-petrol-4140806,2026-04-01,Man sentenced to jail in Panchagarh for hoarding and overcharging petrol,2026,4,True,True,0,0,0,0,1,2,0,0,0,0,0,0,0,0,0,0
dailystar:https://www.thedailystar.net/news/environment/natural-resources/energy/news/us-signals-openness-bangladeshs-request-waiver-russian-fuel-4141061,dailystar,en,https://www.thedailystar.net/news/environment/natural-resources/energy/news/us-signals-openness-bangladeshs-request-waiver-russian-fuel-4141061,2026-04-01,US signals openness to Bangladesh’s request for waiver on Russian fuel,2026,4,False,True,1,2,0,0,0,0,0,0,0,0,0,0,0,0,0,0
dailystar:https://www.thedailystar.net/news/environment/natural-resources/energy/news/fuel-crisis-deepens-thakurgaon-bikers-queue-hours-4141126,dailystar,en,https://www.thedailystar.net/news/environment/natural-resources/energy/news/fuel-crisis-deepens-thakurgaon-bikers-queue-hours-4141126,2026-04-01,"Fuel crisis deepens in Thakurgaon, bikers queue for hours",2026,7,True,True,0,0,0,0,1,3,0,0,0,0,0,0,0,0,0,1
dailystar:https://www.thedailystar.net/news/bangladesh/news/fuel-shortage-navigation-suspended-several-dists-4141176,dailystar,en,https://www.thedailystar.net/news/bangladesh/news/fuel-shortage-navigation-suspended-several-dists-4141176,2026-04-02,Fuel shortage: Navigation suspended in several dists,2026,5,False,True,0,0,0,0,1,3,0,0,0,0,0,0,0,0,0,0
dailystar:https://www.thedailystar.net/news/asia/india/news/india-hikes-jet-fuel-commercial-lpg-prices-4141481,dailystar,en,https://www.thedailystar.net/news/asia/india/news/india-hikes-jet-fuel-commercial-lpg-prices-4141481,2026-04-02,"India hikes jet fuel, commercial LPG prices",2026,6,False,True,0,1,0,0,0,0,1,5,0,0,0,0,0,0,0,0
dailystar:https://www.thedailystar.net/news/bangladesh/news/sylhet-rail-link-still-halted-after-fuel-laden-freight-train-derailment-4141581,dailystar,en,https://www.thedailystar.net/news/bangladesh/news/sylhet-rail-link-still-halted-after-fuel-laden-freight-train-derailment-4141581,2026-04-02,Sylhet rail link still halted after fuel-laden freight train derailment,2026,3,False,True,0,0,0,0,0,0,0,0,0,0,0,0,0,0,0,0
dailystar:https://www.thedailystar.net/news/world/us-israel-war-iran/news/hopes-dim-swift-end-iran-war-after-trump-speech-oil-prices-surge-anew-4141621,dailystar,en,https://www.thedailystar.net/news/world/us-israel-war-iran/news/hopes-dim-swift-end-iran-war-after-trump-speech-oil-prices-surge-anew-4141621,2026-04-02,"Hopes dim for swift end to Iran war after Trump speech, oil prices surge anew",2026,2,True,True,1,23,0,0,0,0,0,0,0,0,0,0,0,0,1,4
dailystar:https://www.thedailystar.net/news/environment/natural-resources/energy/news/sylhet-petrol-pumps-resume-operations-4141646,dailystar,en,https://www.thedailystar.net/news/environment/natural-resources/energy/news/sylhet-petrol-pumps-resume-operations-4141646,2026-04-02,Sylhet petrol pumps resume operations,2026,4,True,True,0,0,0,0,0,0,0,0,0,0,0,0,0,0,1,3
dailystar:https://www.thedailystar.net/news/bangladesh/news/372-lakh-litres-illegally-stored-fuel-seized-march-energy-division-4141751,dailystar,en,https://www.thedailystar.net/news/bangladesh/news/372-lakh-litres-illegally-stored-fuel-seized-march-energy-division-4141751,2026-04-02,3.72 lakh litres of illegally stored fuel seized in March: Energy Division,2026,6,False,True,0,0,0,0,0,0,0,0,0,0,0,0,0,0,0,0
dailystar:https://www.thedailystar.net/business/agriculture/news/march-rainfall-31-above-average-crops-damaged-diesel-irrigation-saved-4141791,dailystar,en,https://www.thedailystar.net/business/agriculture/news/march-rainfall-31-above-average-crops-damaged-diesel-irrigation-saved-4141791,2026-04-02,March rainfall 31% above average; crops damaged but diesel for irrigation saved,2026,4,True,True,0,0,0,0,0,0,0,0,0,0,0,0,1,2,0,0
dailystar:https://www.thedailystar.net/news/crime-justice/news/crackdown-fuel-hoarding-intensifies-4142246,dailystar,en,https://www.thedailystar.net/news/crime-justice/news/crackdown-fuel-hoarding-intensifies-4142246,2026-04-03,Crackdown on fuel hoarding intensifies,2026,10,False,True,0,0,0,0,1,2,0,0,0,0,0,0,0,0,0,0
dailystar:https://www.thedailystar.net/business/column/news/fuel-subsidy-without-strategy-4142171,dailystar,en,https://www.thedailystar.net/business/column/news/fuel-subsidy-without-strategy-4142171,2026-04-03,Fuel subsidy without strategy,2026,11,True,True,0,1,0,0,0,0,1,2,0,1,0,0,1,8,0,1
dailystar:https://www.thedailystar.net/news/bangladesh/news/consumers-worsening-lpg-woes-4142276,dailystar,en,https://www.thedailystar.net/news/bangladesh/news/consumers-worsening-lpg-woes-4142276,2026-04-04,Consumers in for worsening LPG woes,2026,3,False,True,1,6,0,0,0,0,0,0,0,0,0,0,0,1,1,2
dailystar:https://www.thedailystar.net/news/bangladesh/news/oil-prices-surge-hope-fades-swift-end-war-4142281,dailystar,en,https://www.thedailystar.net/news/bangladesh/news/oil-prices-surge-hope-fades-swift-end-war-4142281,2026-04-04,Oil prices surge as hope fades for swift end to war,2026,2,True,True,1,35,0,0,0,0,0,0,0,1,0,0,0,0,1,6
dailystar:https://www.thedailystar.net/opinion/views/news/renewables-are-natural-hedge-against-fossil-fuel-shocks-4142081,dailystar,en,https://www.thedailystar.net/opinion/views/news/renewables-are-natural-hedge-against-fossil-fuel-shocks-4142081,2026-04-03,Renewables are a natural hedge against fossil fuel shocks,2026,13,False,True,1,2,0,0,0,0,0,0,0,0,0,0,1,8,0,0
dailystar:https://www.thedailystar.net/news/environment/natural-resources/energy/news/eastern-refinery-shutdown-risk-how-secure-bangladeshs-fuel-supply-4142416,dailystar,en,https://www.thedailystar.net/news/environment/natural-resources/energy/news/eastern-refinery-shutdown-risk-how-secure-bangladeshs-fuel-supply-4142416,2026-04-07,Eastern Refinery shutdown risk: How secure is Bangladesh’s fuel supply?,2026,18,False,True,1,4,0,0,0,1,0,1,0,0,0,0,0,0,0,0
dailystar:https://www.thedailystar.net/news/environment/natural-resources/energy/news/27300-tonnes-diesel-arrive-ctg-singapore-4142566,dailystar,en,https://www.thedailystar.net/news/environment/natural-resources/energy/news/27300-tonnes-diesel-arrive-ctg-singapore-4142566,2026-04-03,"27,300 tonnes of diesel arrive in Ctg from Singapore",2026,5,True,True,0,0,0,0,0,0,0,1,0,0,0,0,0,0,0,0
dailystar:https://www.thedailystar.net/news/environment/natural-resources/energy/news/some-point-fuel-price-adjustment-will-be-inevitable-finance-minister-4142666,dailystar,en,https://www.thedailystar.net/news/environment/natural-resources/energy/news/some-point-fuel-price-adjustment-will-be-inevitable-finance-minister-4142666,2026-04-03,"At some point, a fuel price adjustment will be inevitable: Finance minister",2026,3,True,True,0,1,0,0,0,0,0,1,0,0,0,1,1,3,0,0
dailystar:https://www.thedailystar.net/news/bangladesh/news/fogging-operations-go-amid-diesel-shortage-concerns-4142941,dailystar,en,https://www.thedailystar.net/news/bangladesh/news/fogging-operations-go-amid-diesel-shortage-concerns-4142941,2026-04-04,Fogging operations go on amid diesel shortage concerns,2026,12,True,True,0,0,0,0,0,0,0,0,0,0,0,0,0,0,0,0
dailystar:https://www.thedailystar.net/news/bangladesh/news/15-hours-queue-fuel-worth-tk-2000-4142806,dailystar,en,https://www.thedailystar.net/news/bangladesh/news/15-hours-queue-fuel-worth-tk-2000-4142806,2026-04-04,"15 hours in queue for fuel worth Tk 2,000!",2026,11,False,True,0,1,0,0,0,0,0,1,0,0,0,1,0,1,0,1
dailystar:https://www.thedailystar.net/news/asia/south-asia/news/pakistan-hikes-fuel-prices-sharply-4142856,dailystar,en,https://www.thedailystar.net/news/asia/south-asia/news/pakistan-hikes-fuel-prices-sharply-4142856,2026-04-04,Pakistan hikes fuel prices sharply,2026,15,True,True,1,3,0,0,1,2,1,3,0,0,0,0,1,2,0,0
dailystar:https://www.thedailystar.net/news/world/us-israel-war-iran/news/how-high-can-oil-prices-go-after-fresh-surge-4142906,dailystar,en,https://www.thedailystar.net/news/world/us-israel-war-iran/news/how-high-can-oil-prices-go-after-fresh-surge-4142906,2026-04-04,How high can oil prices go after fresh surge?,2026,4,True,True,1,3,0,0,0,0,0,0,0,1,0,0,0,0,0,0
dailystar:https://www.thedailystar.net/news/crime-justice/news/anti-hoarding-drive-1550-litres-fuel-seized-tk-10000-fine-imposed-4143006,dailystar,en,https://www.thedailystar.net/news/crime-justice/news/anti-hoarding-drive-1550-litres-fuel-seized-tk-10000-fine-imposed-4143006,2026-04-04,"Anti-hoarding drive: 1,550 litres of fuel seized, Tk 10,000 fine imposed",2026,5,False,True,0,0,0,0,1,3,0,0,0,0,0,0,0,0,0,0
dailystar:https://www.thedailystar.net/opinion/views/blowin-the-wind/news/austerity-and-the-crisis-fuel-confidence-and-coordination-4142771,dailystar,en,https://www.thedailystar.net/opinion/views/blowin-the-wind/news/austerity-and-the-crisis-fuel-confidence-and-coordination-4142771,2026-04-04,"Austerity and the crisis of fuel, confidence and coordination",2026,4,False,True,1,2,0,0,0,1,0,0,0,1,1,2,1,3,1,2
dailystar:https://www.thedailystar.net/news/crime-justice/news/1600-litres-illegally-stored-diesel-seized-moulvibazar-drive-4143091,dailystar,en,https://www.thedailystar.net/news/crime-justice/news/1600-litres-illegally-stored-diesel-seized-moulvibazar-drive-4143091,2026-04-04,"1,600 litres of illegally stored diesel seized in Moulvibazar drive",2026,4,True,True,0,0,0,0,0,1,0,0,0,0,0,0,0,0,0,0
dailystar:https://www.thedailystar.net/news/tech-startup/news/amazon-adds-fuel-surcharge-sellers-iran-war-drives-oil-prices-4143121,dailystar,en,https://www.thedailystar.net/news/tech-startup/news/amazon-adds-fuel-surcharge-sellers-iran-war-drives-oil-prices-4143121,2026-04-04,Amazon adds fuel surcharge for sellers as Iran war drives up oil prices,2026,3,True,True,1,3,0,0,0,0,0,0,0,0,0,0,0,0,0,0
dailystar:https://www.thedailystar.net/news/environment/natural-resources/energy/news/bangladesh-import-100000-tonnes-diesel-kazakhstan-4143361,dailystar,en,https://www.thedailystar.net/news/environment/natural-resources/energy/news/bangladesh-import-100000-tonnes-diesel-kazakhstan-4143361,2026-04-04,"Bangladesh to import 100,000 tonnes diesel from Kazakhstan",2026,8,True,True,1,8,0,0,0,0,0,0,0,0,0,0,0,0,0,0
dailystar:https://www.thedailystar.net/news/bangladesh/news/diesel-kazakhstan-govt-import-another-1-lakh-tonnes-4143776,dailystar,en,https://www.thedailystar.net/news/bangladesh/news/diesel-kazakhstan-govt-import-another-1-lakh-tonnes-4143776,2026-04-05,Diesel from Kazakhstan: Govt to import another 1 lakh tonnes,2026,10,True,True,1,2,0,0,0,0,0,0,0,0,0,0,0,0,0,0
dailystar:https://www.thedailystar.net/news/bangladesh/news/fuel-supply-relief-brings-irrigation-back-track-jamalpur-4144076,dailystar,en,https://www.thedailystar.net/news/bangladesh/news/fuel-supply-relief-brings-irrigation-back-track-jamalpur-4144076,2026-04-05,Fuel supply relief brings irrigation back on track in Jamalpur,2026,9,False,True,0,0,0,0,0,0,0,0,0,0,0,0,0,0,0,0
dailystar:https://www.thedailystar.net/news/bangladesh/news/motorcyclists-struggle-fuel-thakurgaon-despite-card-based-distribution-4144276,dailystar,en,https://www.thedailystar.net/news/bangladesh/news/motorcyclists-struggle-fuel-thakurgaon-despite-card-based-distribution-4144276,2026-04-05,Motorcyclists struggle for fuel in Thakurgaon despite card-based distribution,2026,7,False,True,0,0,0,0,0,0,0,0,0,0,0,0,0,0,0,0
dailystar:https://www.thedailystar.net/news/bangladesh/news/fuel-shortage-halts-barishal-trawlers-leaves-fishers-idle-4144431,dailystar,en,https://www.thedailystar.net/news/bangladesh/news/fuel-shortage-halts-barishal-trawlers-leaves-fishers-idle-4144431,2026-04-06,"Fuel shortage halts Barishal trawlers, leaves fishers idle",2026,3,False,True,0,0,0,0,0,0,0,0,0,0,0,0,1,2,0,0
dailystar:https://www.thedailystar.net/news/bangladesh/news/forget-gold-groom-got-octane-4145081,dailystar,en,https://www.thedailystar.net/news/bangladesh/news/forget-gold-groom-got-octane-4145081,2026-04-06,"Forget gold, this groom got octane",2026,4,True,True,0,0,0,0,0,0,0,0,0,0,0,0,0,0,0,0
dailystar:https://www.thedailystar.net/business/economy/news/oil-prices-little-changed-4145181,dailystar,en,https://www.thedailystar.net/business/economy/news/oil-prices-little-changed-4145181,2026-04-07,Oil prices little changed,2026,4,True,True,1,13,0,0,0,0,0,0,0,0,0,0,0,1,0,0
dailystar:https://www.thedailystar.net/business/economy/news/indonesia-raises-jet-fuel-surcharge-4145196,dailystar,en,https://www.thedailystar.net/business/economy/news/indonesia-raises-jet-fuel-surcharge-4145196,2026-04-07,Indonesia raises jet fuel surcharge,2026,5,False,True,1,4,0,0,0,0,0,0,0,1,0,0,1,7,0,1
dailystar:https://www.thedailystar.net/news/bangladesh/news/fuel-crisis-threatens-water-taxi-shutdown-4145321,dailystar,en,https://www.thedailystar.net/news/bangladesh/news/fuel-crisis-threatens-water-taxi-shutdown-4145321,2026-04-07,Fuel crisis threatens water taxi shutdown,2026,5,True,True,0,0,0,0,0,0,0,0,0,0,0,0,0,0,0,0
dailystar:https://www.thedailystar.net/business/news/oil-prices-rally-stocks-mixed-after-trumps-latest-iran-threat-4145521,dailystar,en,https://www.thedailystar.net/business/news/oil-prices-rally-stocks-mixed-after-trumps-latest-iran-threat-4145521,2026-04-07,"Oil prices rally, stocks mixed after Trump's latest Iran threat",2026,3,True,True,1,9,0,0,0,0,0,0,0,0,0,0,0,0,1,1
dailystar:https://www.thedailystar.net/news/bangladesh/news/the-us-israel-war-iran-affecting-you-beyond-fuel-4145586,dailystar,en,https://www.thedailystar.net/news/bangladesh/news/the-us-israel-war-iran-affecting-you-beyond-fuel-4145586,2026-04-07,Is the US-Israel war on Iran affecting you beyond fuel?,2026,4,False,True,1,3,0,0,0,0,0,0,0,0,0,0,0,0,0,0
dailystar:https://www.thedailystar.net/opinion/news/how-hoarding-and-panic-buying-are-deepening-the-fuel-crisis-4145366,dailystar,en,https://www.thedailystar.net/opinion/news/how-hoarding-and-panic-buying-are-deepening-the-fuel-crisis-4145366,2026-04-07,How hoarding and panic buying are deepening the fuel crisis,2026,8,True,True,0,0,0,0,1,4,0,1,0,0,0,0,0,1,0,0
dailystar:https://www.thedailystar.net/news/governance/news/govt-plans-app-based-fuel-distribution-system-4145646,dailystar,en,https://www.thedailystar.net/news/governance/news/govt-plans-app-based-fuel-distribution-system-4145646,2026-04-07,Govt plans app-based fuel distribution system,2026,6,False,True,0,0,0,0,1,4,0,0,0,0,0,0,0,0,0,0
dailystar:https://www.thedailystar.net/news/governance/news/fuel-prices-may-rise-next-month-if-needed-minister-4145666,dailystar,en,https://www.thedailystar.net/news/governance/news/fuel-prices-may-rise-next-month-if-needed-minister-4145666,2026-04-07,Govt may raise fuel prices next month if needed: Minister,2026,15,True,True,1,3,0,0,1,2,0,1,0,0,0,0,1,3,0,0
dailystar:https://www.thedailystar.net/business/economy/news/oil-prices-rally-hormuz-stays-shut-4146046,dailystar,en,https://www.thedailystar.net/business/economy/news/oil-prices-rally-hormuz-stays-shut-4146046,2026-04-08,Oil prices rally as Hormuz stays shut,2026,1,True,True,1,11,0,0,0,0,0,1,0,0,0,0,0,0,1,1
dailystar:https://www.thedailystar.net/news/environment/natural-resources/energy/news/jet-fuel-prices-domestic-flights-now-tk-227-litre-4146031,dailystar,en,https://www.thedailystar.net/news/environment/natural-resources/energy/news/jet-fuel-prices-domestic-flights-now-tk-227-litre-4146031,2026-04-07,Jet fuel prices for domestic flights now Tk 227 per litre,2026,2,True,True,0,0,0,0,0,0,0,0,0,0,0,0,0,0,0,0
dailystar:https://www.thedailystar.net/news/bangladesh/news/fuel-queues-stretch-despite-improved-stock-4146211,dailystar,en,https://www.thedailystar.net/news/bangladesh/news/fuel-queues-stretch-despite-improved-stock-4146211,2026-04-08,Fuel queues stretch despite improved stock,2026,28,False,True,0,0,0,0,0,1,0,1,0,0,0,0,0,1,0,0
dailystar:https://www.thedailystar.net/news/bangladesh/news/jet-fuel-price-domestic-flights-now-tk-227litre-4146286,dailystar,en,https://www.thedailystar.net/news/bangladesh/news/jet-fuel-price-domestic-flights-now-tk-227litre-4146286,2026-04-08,Jet fuel price for domestic flights now Tk 227/litre,2026,2,True,True,0,0,0,0,0,0,0,0,0,0,0,0,0,0,0,0
dailystar:https://www.thedailystar.net/business/news/govt-import-another-3-lakh-tonnes-diesel-epi-vaccines-4146816,dailystar,en,https://www.thedailystar.net/business/news/govt-import-another-3-lakh-tonnes-diesel-epi-vaccines-4146816,2026-04-09,"Govt to import another 3 lakh tonnes of diesel, EPI vaccines",2026,7,True,True,1,2,0,0,0,0,0,0,0,0,0,0,0,0,0,0
dailystar:https://www.thedailystar.net/news/bangladesh/diplomacy/news/dhaka-delhi-talk-supplies-diesel-and-fertiliser-4147171,dailystar,en,https://www.thedailystar.net/news/bangladesh/diplomacy/news/dhaka-delhi-talk-supplies-diesel-and-fertiliser-4147171,2026-04-09,"Dhaka, Delhi talk supplies of diesel and fertiliser",2026,4,True,True,0,1,0,0,0,0,1,21,0,0,0,0,0,0,0,0
dailystar:https://www.thedailystar.net/news/world/middle-east/news/ceasefire-middle-east-fuel-supply-relief-likely-weeks-away-4147256,dailystar,en,https://www.thedailystar.net/news/world/middle-east/news/ceasefire-middle-east-fuel-supply-relief-likely-weeks-away-4147256,2026-04-09,Ceasefire in Middle East: Fuel supply relief likely weeks away,2026,12,False,True,1,2,0,0,0,0,0,1,0,0,0,0,0,0,0,0
dailystar:https://www.thedailystar.net/star-multimedia/news/fuel-crisis-pushes-hatirjheel-water-taxi-service-brink-4147386,dailystar,en,https://www.thedailystar.net/star-multimedia/news/fuel-crisis-pushes-hatirjheel-water-taxi-service-brink-4147386,2026-04-09,Fuel crisis pushes Hatirjheel water taxi service to brink,2026,1,True,True,0,0,0,0,0,0,0,0,0,0,0,0,0,0,0,0
dailystar:https://www.thedailystar.net/news/environment/natural-resources/energy/news/first-octane-consignment-middle-east-war-arrives-ctg-port-4147721,dailystar,en,https://www.thedailystar.net/news/environment/natural-resources/energy/news/first-octane-consignment-middle-east-war-arrives-ctg-port-4147721,2026-04-09,First octane consignment since Middle East war arrives at Ctg port,2026,14,True,True,0,1,0,0,0,0,0,1,0,0,0,0,0,0,0,0
dailystar:https://www.thedailystar.net/business/economy/news/higher-energy-prices-could-erode-reserve-gains-ged-4147961,dailystar,en,https://www.thedailystar.net/business/economy/news/higher-energy-prices-could-erode-reserve-gains-ged-4147961,2026-04-11,Higher energy prices could erode reserve gains: GED,2026,3,True,True,1,5,0,0,0,0,0,0,0,1,0,0,0,1,0,0
dailystar:https://www.thedailystar.net/business/economy/news/petroleum-import-bills-surged-52-even-iran-war-4147971,dailystar,en,https://www.thedailystar.net/business/economy/news/petroleum-import-bills-surged-52-even-iran-war-4147971,2026-04-11,Petroleum import bills surged 52% even before Iran war,2026,15,True,True,1,9,0,0,0,0,0,0,0,0,0,0,1,8,0,0
dailystar:https://www.thedailystar.net/news/bangladesh/news/fuel-pass-app-launched-2-dhaka-pumps-4148156,dailystar,en,https://www.thedailystar.net/news/bangladesh/news/fuel-pass-app-launched-2-dhaka-pumps-4148156,2026-04-11,Fuel Pass app launched for 2 Dhaka pumps,2026,15,False,True,0,1,0,0,1,2,1,2,0,0,0,0,0,0,0,0
dailystar:https://www.thedailystar.net/news/news/fuelling-the-fire-how-greedy-hoarders-deepen-panic-windfall-4149101,dailystar,en,https://www.thedailystar.net/news/news/fuelling-the-fire-how-greedy-hoarders-deepen-panic-windfall-4149101,2026-04-11,Fuelling the fire: How greedy hoarders deepen panic for a windfall,2026,6,False,True,0,1,0,0,1,10,1,2,0,0,0,0,0,1,0,0
dailystar:https://www.thedailystar.net/business/economy/news/fuel-crisis-drives-e-bike-demand-bangladesh-4149281,dailystar,en,https://www.thedailystar.net/business/economy/news/fuel-crisis-drives-e-bike-demand-bangladesh-4149281,2026-04-12,Fuel crisis drives e-bike demand in Bangladesh,2026,6,True,True,0,1,0,0,0,0,0,0,0,0,0,0,0,0,0,1
dailystar:https://www.thedailystar.net/news/politics/news/political-syndicates-behind-fuel-crisis-4149611,dailystar,en,https://www.thedailystar.net/news/politics/news/political-syndicates-behind-fuel-crisis-4149611,2026-04-12,‘Political syndicates behind fuel crisis’,2026,1,True,True,0,1,0,0,1,6,0,0,0,0,0,0,0,0,0,0
dailystar:https://www.thedailystar.net/opinion/news/fuel-crisis-chance-rethink-our-cities-4149376,dailystar,en,https://www.thedailystar.net/opinion/news/fuel-crisis-chance-rethink-our-cities-4149376,2026-04-12,Fuel crisis is a chance to rethink our cities,2026,4,True,True,1,2,0,0,0,0,0,0,0,0,0,0,1,2,0,0
dailystar:https://www.thedailystar.net/business/global-economy/news/india-raises-export-duties-diesel-4150116,dailystar,en,https://www.thedailystar.net/business/global-economy/news/india-raises-export-duties-diesel-4150116,2026-04-13,India raises export duties on diesel,2026,7,True,True,1,2,0,0,0,0,1,6,0,0,0,0,0,0,0,0
dailystar:https://www.thedailystar.net/news/bangladesh/news/furnace-oil-price-hiked-35-4150376,dailystar,en,https://www.thedailystar.net/news/bangladesh/news/furnace-oil-price-hiked-35-4150376,2026-04-13,Furnace oil price hiked by 35%,2026,5,True,True,1,3,0,0,0,0,0,0,0,0,0,0,1,2,0,0
dailystar:https://www.thedailystar.net/business/economy/news/bgmea-wants-urgent-diesel-supply-4151011,dailystar,en,https://www.thedailystar.net/business/economy/news/bgmea-wants-urgent-diesel-supply-4151011,2026-04-14,BGMEA wants urgent diesel supply,2026,4,True,True,1,2,0,0,0,0,0,0,0,0,0,0,0,1,0,0
dailystar:https://www.thedailystar.net/news/environment/natural-resources/energy/news/fuel-prices-may-rise-if-persian-gulf-tensions-persist-pms-adviser-4151996,dailystar,en,https://www.thedailystar.net/news/environment/natural-resources/energy/news/fuel-prices-may-rise-if-persian-gulf-tensions-persist-pms-adviser-4151996,2026-04-15,Fuel prices may rise if Persian Gulf tensions persist: PM’s adviser,2026,3,True,True,0,0,0,0,0,0,0,0,0,0,0,0,1,2,0,0
dailystar:https://www.thedailystar.net/news/world/us-israel-war-iran/news/pakistan-announces-power-cuts-bid-control-energy-prices-4152011,dailystar,en,https://www.thedailystar.net/news/world/us-israel-war-iran/news/pakistan-announces-power-cuts-bid-control-energy-prices-4152011,2026-04-15,Pakistan announces power cuts in bid to control energy prices,2026,3,True,True,1,3,0,0,0,0,0,0,0,0,0,0,0,0,0,0
dailystar:https://www.thedailystar.net/business/news/60000-tonnes-diesel-arrive-chattogram-port-4152041,dailystar,en,https://www.thedailystar.net/business/news/60000-tonnes-diesel-arrive-chattogram-port-4152041,2026-04-15,"60,000 tonnes of diesel arrive at Chattogram port",2026,15,True,True,0,1,0,0,0,0,0,1,0,0,0,0,0,0,0,0
dailystar:https://www.thedailystar.net/news/environment/natural-resources/energy/news/fuel-stocks-secured-april-may-energy-division-4152061,dailystar,en,https://www.thedailystar.net/news/environment/natural-resources/energy/news/fuel-stocks-secured-april-may-energy-division-4152061,2026-04-15,Fuel stocks secured for April-May: Energy Division,2026,7,False,True,0,0,0,0,1,3,0,0,0,0,0,0,0,0,0,0
dailystar:https://www.thedailystar.net/news/bangladesh/news/chapainawabganj-filling-station-fined-again-halting-fuel-sales-despite-stock-4152231,dailystar,en,https://www.thedailystar.net/news/bangladesh/news/chapainawabganj-filling-station-fined-again-halting-fuel-sales-despite-stock-4152231,2026-04-15,Chapainawabganj filling station fined again for halting fuel sales despite stock,2026,4,False,True,0,0,0,0,0,0,0,0,0,0,0,0,0,0,0,0
dailystar:https://www.thedailystar.net/news/world/news/pakistan-cuts-power-control-energy-prices-4152286,dailystar,en,https://www.thedailystar.net/news/world/news/pakistan-cuts-power-control-energy-prices-4152286,2026-04-15,Pakistan cuts power to control energy prices,2026,2,True,True,0,1,0,0,0,0,0,0,0,0,0,0,0,0,0,0
dailystar:https://www.thedailystar.net/business/global-economy/news/oil-prices-flat-4152341,dailystar,en,https://www.thedailystar.net/business/global-economy/news/oil-prices-flat-4152341,2026-04-16,Oil prices flat,2026,4,True,True,1,9,0,0,0,0,0,0,0,0,0,0,0,0,0,1
dailystar:https://www.thedailystar.net/news/bangladesh/news/fuel-april-may-secured-4152561,dailystar,en,https://www.thedailystar.net/news/bangladesh/news/fuel-april-may-secured-4152561,2026-04-16,"Fuel for April, May secured",2026,24,False,True,1,3,0,0,1,2,0,0,0,0,0,1,1,2,0,0
dailystar:https://www.thedailystar.net/business/news/imf-chief-warns-tough-times-if-oil-prices-stay-high-4152786,dailystar,en,https://www.thedailystar.net/business/news/imf-chief-warns-tough-times-if-oil-prices-stay-high-4152786,2026-04-16,IMF chief warns of 'tough times' if oil prices stay high,2026,3,True,True,1,3,0,0,0,0,0,0,0,1,0,0,0,0,0,1
dailystar:https://www.thedailystar.net/news/governance/news/govt-holding-fuel-price-hike-considering-public-hardship-pm-4153021,dailystar,en,https://www.thedailystar.net/news/governance/news/govt-holding-fuel-price-hike-considering-public-hardship-pm-4153021,2026-04-16,Govt holding off on fuel price hike considering public hardship: PM,2026,3,True,True,0,0,0,0,0,0,0,0,0,0,0,0,0,1,0,0
dailystar:https://www.thedailystar.net/business/news/oil-prices-rise-doubts-us-iran-peace-talks-will-ease-hormuz-disruption-4153166,dailystar,en,https://www.thedailystar.net/business/news/oil-prices-rise-doubts-us-iran-peace-talks-will-ease-hormuz-disruption-4153166,2026-04-16,Oil prices rise on doubts US-Iran peace talks will ease Hormuz disruption,2026,2,True,True,1,12,0,0,0,0,0,1,0,0,0,0,0,0,0,1
dailystar:https://www.thedailystar.net/business/economy/news/imf-chief-warns-tough-times-if-oil-prices-stay-high-4153271,dailystar,en,https://www.thedailystar.net/business/economy/news/imf-chief-warns-tough-times-if-oil-prices-stay-high-4153271,2026-04-17,IMF chief warns of ‘tough times’ if oil prices stay high,2026,3,True,True,1,3,0,0,0,0,0,0,0,1,0,0,0,0,0,1
dailystar:https://www.thedailystar.net/business/economy/news/oil-prices-little-changed-4153296,dailystar,en,https://www.thedailystar.net/business/economy/news/oil-prices-little-changed-4153296,2026-04-17,Oil prices little changed,2026,2,True,True,1,12,0,0,0,0,0,1,0,0,0,0,0,0,0,1
dailystar:https://www.thedailystar.net/news/bangladesh/news/31800-litres-stockpiled-diesel-seized-2-districts-4153411,dailystar,en,https://www.thedailystar.net/news/bangladesh/news/31800-litres-stockpiled-diesel-seized-2-districts-4153411,2026-04-16,"31,800 litres of stockpiled diesel seized in 2 districts",2026,9,True,True,0,0,0,0,1,2,0,0,0,0,0,0,0,0,0,0
dailystar:https://www.thedailystar.net/news/environment/natural-resources/energy/news/octane-reserves-now-beyond-storage-capacity-4153911,dailystar,en,https://www.thedailystar.net/news/environment/natural-resources/energy/news/octane-reserves-now-beyond-storage-capacity-4153911,2026-04-18,Octane reserves now beyond storage capacity,2026,14,True,True,1,2,0,0,0,0,0,0,0,0,0,0,0,0,0,0
dailystar:https://www.thedailystar.net/news/bangladesh/news/octane-imports-now-beyond-storage-capacity-4154061,dailystar,en,https://www.thedailystar.net/news/bangladesh/news/octane-imports-now-beyond-storage-capacity-4154061,2026-04-18,Octane imports now beyond storage capacity,2026,14,True,True,1,2,0,0,0,0,0,0,0,0,0,0,0,0,0,0
dailystar:https://www.thedailystar.net/news/environment/natural-resources/energy/news/govt-hikes-fuel-prices-4154641,dailystar,en,https://www.thedailystar.net/news/environment/natural-resources/energy/news/govt-hikes-fuel-prices-4154641,2026-04-19,Govt hikes fuel prices,2026,34,True,True,1,9,0,0,0,0,0,0,0,0,0,0,1,3,0,1
dailystar:https://www.thedailystar.net/news/politics/news/jamaat-chief-slams-record-high-fuel-prices-4154791,dailystar,en,https://www.thedailystar.net/news/politics/news/jamaat-chief-slams-record-high-fuel-prices-4154791,2026-04-19,Jamaat chief slams 'record high' fuel prices,2026,9,True,True,0,0,0,0,0,0,0,0,0,0,0,0,1,2,0,0
dailystar:https://www.thedailystar.net/news/bangladesh/news/diesel-now-tk-115-octane-tk-140-4154861,dailystar,en,https://www.thedailystar.net/news/bangladesh/news/diesel-now-tk-115-octane-tk-140-4154861,2026-04-19,"Diesel now Tk 115, octane Tk 140",2026,35,True,True,1,9,0,0,0,0,0,0,0,0,0,0,1,3,0,1
dailystar:https://www.thedailystar.net/news/bangladesh/news/fuel-queues-snake-city-streets-4154876,dailystar,en,https://www.thedailystar.net/news/bangladesh/news/fuel-queues-snake-city-streets-4154876,2026-04-19,Fuel queues snake city streets,2026,16,False,True,0,0,0,0,0,0,0,0,0,0,0,0,0,0,0,0
dailystar:https://www.thedailystar.net/opinion/views/news/registration-based-fuel-rationing-can-ease-long-lines-filling-stations-4154786,dailystar,en,https://www.thedailystar.net/opinion/views/news/registration-based-fuel-rationing-can-ease-long-lines-filling-stations-4154786,2026-04-19,Registration-based fuel rationing can ease long lines at filling stations,2026,3,False,True,0,1,0,0,1,3,0,0,0,1,0,1,0,0,0,1
dailystar:https://www.thedailystar.net/news/bangladesh/news/ride-fares-climb-after-record-fuel-price-hike-4155186,dailystar,en,https://www.thedailystar.net/news/bangladesh/news/ride-fares-climb-after-record-fuel-price-hike-4155186,2026-04-19,Ride fares climb after record fuel price hike,2026,12,True,True,0,1,0,0,0,0,0,0,0,0,0,0,0,0,0,0
dailystar:https://www.thedailystar.net/news/politics/news/if-theres-no-fuel-shortage-why-are-drivers-waiting-lines-till-midnight-4155311,dailystar,en,https://www.thedailystar.net/news/politics/news/if-theres-no-fuel-shortage-why-are-drivers-waiting-lines-till-midnight-4155311,2026-04-19,"‘If there’s no fuel shortage, why are drivers waiting in lines till midnight?’",2026,4,False,True,0,0,0,0,0,0,0,0,0,0,0,0,0,0,0,0
dailystar:https://www.thedailystar.net/news/environment/natural-resources/energy/news/20-23-bangladeshs-imported-fuel-passes-through-hormuz-energy-minister-4155371,dailystar,en,https://www.thedailystar.net/news/environment/natural-resources/energy/news/20-23-bangladeshs-imported-fuel-passes-through-hormuz-energy-minister-4155371,2026-04-19,20-23% of Bangladesh’s imported fuel passes through Hormuz: Energy minister,2026,10,False,True,1,7,0,0,1,2,0,1,0,0,0,0,0,0,0,0
dailystar:https://www.thedailystar.net/news/environment/natural-resources/energy/news/brta-meeting-underway-reset-transport-fares-after-fuel-price-hike-4155446,dailystar,en,https://www.thedailystar.net/news/environment/natural-resources/energy/news/brta-meeting-underway-reset-transport-fares-after-fuel-price-hike-4155446,2026-04-19,BRTA meeting underway to reset transport fares after fuel price hike,2026,8,True,True,0,0,0,0,0,0,0,0,0,0,0,0,0,0,0,0
dailystar:https://www.thedailystar.net/business/economy/news/fuel-price-hikes-feed-inflation-ease-subsidy-burden-4155576,dailystar,en,https://www.thedailystar.net/business/economy/news/fuel-price-hikes-feed-inflation-ease-subsidy-burden-4155576,2026-04-20,Fuel price hikes feed inflation but ease subsidy burden,2026,11,True,True,1,6,0,0,0,0,0,0,0,0,0,0,1,7,0,1
dailystar:https://www.thedailystar.net/news/bangladesh/news/if-no-fuel-crisis-why-long-queues-pumps-4155621,dailystar,en,https://www.thedailystar.net/news/bangladesh/news/if-no-fuel-crisis-why-long-queues-pumps-4155621,2026-04-19,"‘If no fuel crisis, why long queues at pumps?’",2026,5,True,True,0,0,0,0,0,0,0,0,0,0,0,0,0,0,0,0
dailystar:https://www.thedailystar.net/news/environment/natural-resources/energy/news/bpc-orders-padma-meghna-jamuna-increase-fuel-supply-nationwide-4155671,dailystar,en,https://www.thedailystar.net/news/environment/natural-resources/energy/news/bpc-orders-padma-meghna-jamuna-increase-fuel-supply-nationwide-4155671,2026-04-20,"BPC orders Padma, Meghna, Jamuna to increase fuel supply nationwide",2026,13,True,True,0,0,0,0,0,1,0,0,0,0,0,0,0,0,0,0
dailystar:https://www.thedailystar.net/news/bangladesh/news/fuel-price-hike-lays-bare-stress-economy-4155731,dailystar,en,https://www.thedailystar.net/news/bangladesh/news/fuel-price-hike-lays-bare-stress-economy-4155731,2026-04-20,Fuel price hike lays bare stress on economy,2026,26,True,True,1,3,0,1,1,5,0,1,0,0,1,2,1,10,0,0
dailystar:https://www.thedailystar.net/business/news/oil-prices-bounce-back-iran-war-escalation-4155831,dailystar,en,https://www.thedailystar.net/business/news/oil-prices-bounce-back-iran-war-escalation-4155831,2026-04-20,Oil prices bounce back on Iran war escalation,2026,2,True,True,1,11,0,1,0,0,0,0,0,0,0,0,0,0,0,1
dailystar:https://www.thedailystar.net/business/agriculture/news/costlier-fuel-cheaper-vegetables-rajshahi-farmers-caught-the-middle-4156031,dailystar,en,https://www.thedailystar.net/business/agriculture/news/costlier-fuel-cheaper-vegetables-rajshahi-farmers-caught-the-middle-4156031,2026-04-20,"Costlier fuel, cheaper vegetables: Rajshahi farmers caught in the middle",2026,7,False,True,0,0,0,0,0,0,0,0,0,0,0,0,0,1,0,0
dailystar:https://www.thedailystar.net/news/the-parliament-watch/parliament/news/fuel-price-increase-moderate-unlikely-fuel-inflation-commerce-minister-4156071,dailystar,en,https://www.thedailystar.net/news/the-parliament-watch/parliament/news/fuel-price-increase-moderate-unlikely-fuel-inflation-commerce-minister-4156071,2026-04-20,"Fuel price increase ‘moderate’, unlikely to cause inflation: Commerce minister",2026,11,True,True,0,1,0,0,0,0,0,0,0,0,0,0,0,1,0,0
dailystar:https://www.thedailystar.net/news/tech-startup/news/ev-sales-surge-across-europe-petrol-prices-increase-4156086,dailystar,en,https://www.thedailystar.net/news/tech-startup/news/ev-sales-surge-across-europe-petrol-prices-increase-4156086,2026-04-20,EV sales surge across Europe as petrol prices increase,2026,3,True,True,0,1,0,0,0,0,0,0,0,0,0,0,0,0,0,0
dailystar:https://www.thedailystar.net/business/news/farmers-distress-diesel-price-hike-drives-costs-4156316,dailystar,en,https://www.thedailystar.net/business/news/farmers-distress-diesel-price-hike-drives-costs-4156316,2026-04-21,Farmers in distress as diesel price hike drives up costs,2026,12,True,True,0,1,0,0,0,0,0,0,0,0,0,0,1,2,0,0
dailystar:https://www.thedailystar.net/news/politics/news/opposition-leaders-adjournment-motion-fuel-crisis-dismissed-discussion-allowed-instead-4156341,dailystar,en,https://www.thedailystar.net/news/politics/news/opposition-leaders-adjournment-motion-fuel-crisis-dismissed-discussion-allowed-instead-4156341,2026-04-20,"Opposition leader’s adjournment motion on fuel crisis dismissed, discussion allowed instead",2026,2,True,True,0,0,0,0,0,0,0,0,0,0,0,0,0,0,0,0
dailystar:https://www.thedailystar.net/business/economy/news/farmers-distress-diesel-price-rise-drives-costs-4156426,dailystar,en,https://www.thedailystar.net/business/economy/news/farmers-distress-diesel-price-rise-drives-costs-4156426,2026-08-14,Farmers in distress as diesel price rise drives up costs,2026,12,True,True,0,1,0,0,0,0,0,0,0,0,0,0,1,2,0,0
dailystar:https://www.thedailystar.net/business/economy/news/icds-raise-charges-day-after-fuel-price-hike-4156436,dailystar,en,https://www.thedailystar.net/business/economy/news/icds-raise-charges-day-after-fuel-price-hike-4156436,2026-04-21,"ICDs raise charges, a day after fuel price hike",2026,7,True,True,0,1,0,0,0,0,0,0,0,0,0,0,1,5,0,0
dailystar:https://www.thedailystar.net/news/bangladesh/news/fuel-price-hike-unlikely-stoke-inflation-4156596,dailystar,en,https://www.thedailystar.net/news/bangladesh/news/fuel-price-hike-unlikely-stoke-inflation-4156596,2026-04-21,Fuel price hike unlikely to stoke inflation,2026,11,True,True,0,1,0,0,0,0,0,0,0,0,0,0,0,1,0,0
dailystar:https://www.thedailystar.net/news/bangladesh/news/fuel-crisis-issue-parliament-rejects-adjournment-motion-shafiqur-4156656,dailystar,en,https://www.thedailystar.net/news/bangladesh/news/fuel-crisis-issue-parliament-rejects-adjournment-motion-shafiqur-4156656,2026-04-21,Fuel crisis issue: Parliament rejects adjournment motion of Shafiqur,2026,3,True,True,0,0,0,0,0,0,0,0,0,0,0,0,0,0,0,0
dailystar:https://www.thedailystar.net/business/news/oil-prices-dip-most-stocks-rise-lingering-iran-peace-hopes-4156786,dailystar,en,https://www.thedailystar.net/business/news/oil-prices-dip-most-stocks-rise-lingering-iran-peace-hopes-4156786,2026-04-21,"Oil prices dip, most stocks rise on lingering Iran peace hopes",2026,2,True,True,1,11,0,0,0,0,0,0,0,0,0,0,0,0,1,5
dailystar:https://www.thedailystar.net/business/economy/news/govt-clears-purchase-175-lakh-tonnes-fuel-oil-4157311,dailystar,en,https://www.thedailystar.net/business/economy/news/govt-clears-purchase-175-lakh-tonnes-fuel-oil-4157311,2026-04-22,Govt clears purchase of 1.75 lakh tonnes of fuel oil,2026,17,True,True,1,4,0,0,0,0,0,0,0,0,0,0,0,0,0,0
dailystar:https://www.thedailystar.net/business/economy/news/mobile-signals-weaken-blackouts-fuel-shortages-spread-4157316,dailystar,en,https://www.thedailystar.net/business/economy/news/mobile-signals-weaken-blackouts-fuel-shortages-spread-4157316,2026-04-22,"Mobile signals weaken as blackouts, fuel shortages spread",2026,7,False,True,0,1,1,2,0,0,0,0,0,0,0,0,0,0,0,0
dailystar:https://www.thedailystar.net/business/economy/news/firms-trim-margins-shrink-packs-fuel-price-hike-bites-4158306,dailystar,en,https://www.thedailystar.net/business/economy/news/firms-trim-margins-shrink-packs-fuel-price-hike-bites-4158306,2026-04-23,"Firms trim margins, shrink packs as fuel price hike bites",2026,14,True,True,1,4,0,0,0,0,0,0,0,0,0,0,1,4,0,0
dailystar:https://www.thedailystar.net/news/bangladesh/news/we-are-open-opposition-input-fuel-situation-pm-tells-js-4158376,dailystar,en,https://www.thedailystar.net/news/bangladesh/news/we-are-open-opposition-input-fuel-situation-pm-tells-js-4158376,2026-04-23,‘We are open to opposition input on fuel situation’ - PM tells JS,2026,6,False,True,1,2,0,1,0,0,0,1,0,0,0,0,1,2,0,0
dailystar:https://www.thedailystar.net/news/bangladesh/news/govt-opposition-team-fuel-crisis-4159331,dailystar,en,https://www.thedailystar.net/news/bangladesh/news/govt-opposition-team-fuel-crisis-4159331,2026-04-25,"Govt, opposition team up on fuel crisis",2026,1,True,True,0,1,0,0,0,0,0,0,0,0,0,0,0,0,0,0
dailystar:https://www.thedailystar.net/news/bangladesh/transport/news/10-fare-hike-proposed-lighter-vessels-after-fuel-price-increase-4159691,dailystar,en,https://www.thedailystar.net/news/bangladesh/transport/news/10-fare-hike-proposed-lighter-vessels-after-fuel-price-increase-4159691,2026-04-24,10% fare hike proposed for lighter vessels after fuel price increase,2026,3,True,True,0,0,0,0,0,0,0,0,0,0,0,0,0,0,0,0
dailystar:https://www.thedailystar.net/news/world/news/oil-prices-fall-hopes-fresh-iran-peace-talks-4159696,dailystar,en,https://www.thedailystar.net/news/world/news/oil-prices-fall-hopes-fresh-iran-peace-talks-4159696,2026-04-24,Oil prices fall on hopes of fresh Iran peace talks,2026,3,True,True,1,7,0,0,0,0,0,0,0,0,0,0,0,1,1,2
dailystar:https://www.thedailystar.net/news/environment/natural-resources/energy/news/fuel-crisis-driven-unethical-trade-not-supply-shortage-fakhrul-4159721,dailystar,en,https://www.thedailystar.net/news/environment/natural-resources/energy/news/fuel-crisis-driven-unethical-trade-not-supply-shortage-fakhrul-4159721,2026-04-24,"Fuel crisis driven by unethical trade, not supply shortage: Fakhrul",2026,4,True,True,0,1,0,0,0,0,0,0,0,0,0,0,0,0,0,0
dailystar:https://www.thedailystar.net/news/bangladesh/news/unethical-practices-behind-fuel-crisis-4159946,dailystar,en,https://www.thedailystar.net/news/bangladesh/news/unethical-practices-behind-fuel-crisis-4159946,2026-04-25,Unethical practices behind fuel crisis,2026,3,True,True,0,1,0,0,0,0,0,0,0,0,0,0,0,0,0,0
dailystar:https://www.thedailystar.net/business/news/oil-prices-end-volatile-session-mixed-sharply-the-week-supply-worries-4160206,dailystar,en,https://www.thedailystar.net/business/news/oil-prices-end-volatile-session-mixed-sharply-the-week-supply-worries-4160206,2026-04-25,Oil prices end volatile session mixed but up sharply for the week on supply worries,2026,4,True,True,1,16,0,0,0,0,0,0,0,0,0,0,0,0,0,0
dailystar:https://www.thedailystar.net/business/global-economy/news/oil-prices-end-volatile-session-4160631,dailystar,en,https://www.thedailystar.net/business/global-economy/news/oil-prices-end-volatile-session-4160631,2026-04-26,Oil prices end volatile session,2026,2,True,True,1,5,0,0,0,0,0,0,0,0,0,0,0,0,0,0
dailystar:https://www.thedailystar.net/news/bangladesh/news/fuel-queues-start-ease-after-supply-boost-4160706,dailystar,en,https://www.thedailystar.net/news/bangladesh/news/fuel-queues-start-ease-after-supply-boost-4160706,2026-04-26,Fuel queues start to ease after supply boost,2026,27,False,True,0,0,0,0,0,0,0,0,0,0,0,0,0,0,0,1
dailystar:https://www.thedailystar.net/news/the-parliament-watch/parliament/news/fuel-crisis-parliamentary-committee-submit-report-30-days-4161111,dailystar,en,https://www.thedailystar.net/news/the-parliament-watch/parliament/news/fuel-crisis-parliamentary-committee-submit-report-30-days-4161111,2026-04-26,Fuel crisis: Parliamentary committee to submit report in 30 days,2026,1,True,True,0,0,0,0,0,0,0,0,0,0,0,0,0,0,0,0
dailystar:https://www.thedailystar.net/business/news/oil-price-shocks-threaten-inflation-taka-stability-cpd-4162056,dailystar,en,https://www.thedailystar.net/business/news/oil-price-shocks-threaten-inflation-taka-stability-cpd-4162056,2026-05-18,"Oil price shocks threaten inflation, taka stability: CPD",2026,3,True,True,1,2,0,0,0,0,0,0,0,0,0,0,1,2,0,0
dailystar:https://www.thedailystar.net/business/economy/news/oil-shocks-fuel-inflation-weaken-taka-4162261,dailystar,en,https://www.thedailystar.net/business/economy/news/oil-shocks-fuel-inflation-weaken-taka-4162261,2026-04-28,"Oil shocks to fuel inflation, weaken taka",2026,3,False,True,0,1,0,0,0,0,0,0,0,0,0,0,1,2,0,0
dailystar:https://www.thedailystar.net/business/news/oil-prices-rise-1-no-end-iran-war-stand-seems-sight-4162681,dailystar,en,https://www.thedailystar.net/business/news/oil-prices-rise-1-no-end-iran-war-stand-seems-sight-4162681,2026-04-28,Oil prices rise 1% as no end to Iran war stand-off seems in sight,2026,2,True,True,1,15,0,0,0,0,0,1,0,0,0,1,0,0,1,2
dailystar:https://www.thedailystar.net/business/global-economy/news/oil-prices-rise-3-4163151,dailystar,en,https://www.thedailystar.net/business/global-economy/news/oil-prices-rise-3-4163151,2026-04-29,Oil prices rise 3%,2026,2,True,True,1,17,0,0,0,0,0,1,0,0,0,1,0,1,1,2
dailystar:https://www.thedailystar.net/business/global-economy/news/budget-airlines-first-cut-flights-jet-fuel-prices-soar-4163161,dailystar,en,https://www.thedailystar.net/business/global-economy/news/budget-airlines-first-cut-flights-jet-fuel-prices-soar-4163161,2026-04-28,Budget airlines first to cut flights as jet fuel prices soar,2026,5,True,True,1,2,0,0,0,0,0,0,0,0,0,0,1,2,0,0
dailystar:https://www.thedailystar.net/business/news/asian-governments-spend-billions-dollars-offset-oil-price-shock-4163666,dailystar,en,https://www.thedailystar.net/business/news/asian-governments-spend-billions-dollars-offset-oil-price-shock-4163666,2026-04-29,Asian governments spend billions of dollars to offset oil price shock,2026,15,True,True,0,1,0,0,0,0,0,1,1,3,0,0,1,9,0,0
dailystar:https://www.thedailystar.net/business/news/govt-hikes-soybean-oil-prices-4163916,dailystar,en,https://www.thedailystar.net/business/news/govt-hikes-soybean-oil-prices-4163916,2026-04-29,Govt hikes soybean oil prices,2026,2,True,True,0,0,0,0,0,0,0,0,0,0,0,0,0,0,0,0
dailystar:https://www.thedailystar.net/business/global-economy/news/uae-exit-opec-boost-supply-lower-oil-prices-4164141,dailystar,en,https://www.thedailystar.net/business/global-economy/news/uae-exit-opec-boost-supply-lower-oil-prices-4164141,2026-04-30,"UAE exit from Opec to boost supply, lower oil prices",2026,3,True,True,1,2,0,0,0,0,0,0,0,0,0,0,0,0,0,1
dailystar:https://www.thedailystar.net/business/global-economy/news/oil-prices-rise-further-4164146,dailystar,en,https://www.thedailystar.net/business/global-economy/news/oil-prices-rise-further-4164146,2026-04-30,Oil prices rise further,2026,2,True,True,1,8,0,0,0,1,0,0,0,1,0,0,0,1,1,2
dailystar:https://www.thedailystar.net/supplements/energy-drive/news/lpg-beyond-the-kitchen-united-aygaz-lpg-ltd-4164301,dailystar,en,https://www.thedailystar.net/supplements/energy-drive/news/lpg-beyond-the-kitchen-united-aygaz-lpg-ltd-4164301,2026-04-30,LPG beyond the kitchen United Aygaz LPG Ltd.,2026,5,False,True,0,1,0,0,0,0,0,1,0,0,0,0,0,0,0,0
dailystar:https://www.thedailystar.net/news/environment/natural-resources/energy/news/fuel-prices-remain-unchanged-throughout-may-4164746,dailystar,en,https://www.thedailystar.net/news/environment/natural-resources/energy/news/fuel-prices-remain-unchanged-throughout-may-4164746,2026-04-30,Fuel prices to remain unchanged throughout May,2026,11,True,True,1,3,0,0,0,0,0,0,0,0,0,0,0,0,0,0
dailystar:https://www.thedailystar.net/business/news/india-raises-cooking-gas-jet-fuel-prices-4165621,dailystar,en,https://www.thedailystar.net/business/news/india-raises-cooking-gas-jet-fuel-prices-4165621,2026-05-02,"India raises cooking gas, jet fuel prices",2026,3,True,True,0,1,0,0,0,0,1,4,0,0,0,0,0,0,0,0
dailystar:https://www.thedailystar.net/business/global-economy/news/india-raises-cooking-gas-jet-fuel-prices-4166106,dailystar,en,https://www.thedailystar.net/business/global-economy/news/india-raises-cooking-gas-jet-fuel-prices-4166106,2026-05-03,"India raises cooking gas, jet fuel prices",2026,3,True,True,0,1,0,0,0,0,1,4,0,0,0,0,0,0,0,0
dailystar:https://www.thedailystar.net/business/global-economy/news/why-the-oil-price-surge-threatens-us-recession-4166116,dailystar,en,https://www.thedailystar.net/business/global-economy/news/why-the-oil-price-surge-threatens-us-recession-4166116,2026-05-03,Why the oil price surge threatens a US recession,2026,6,True,True,1,5,0,0,0,0,0,0,0,0,0,1,0,0,0,0
dailystar:https://www.thedailystar.net/news/asia/south-asia/news/sri-lanka-raises-fuel-prices-inflation-spikes-4166496,dailystar,en,https://www.thedailystar.net/news/asia/south-asia/news/sri-lanka-raises-fuel-prices-inflation-spikes-4166496,2026-05-03,Sri Lanka raises fuel prices as inflation spikes,2026,9,True,True,0,0,0,0,0,0,0,0,0,0,0,0,0,0,0,0
dailystar:https://www.thedailystar.net/business/news/sri-lanka-raises-fuel-prices-inflation-spikes-4166506,dailystar,en,https://www.thedailystar.net/business/news/sri-lanka-raises-fuel-prices-inflation-spikes-4166506,2026-05-03,Sri Lanka raises fuel prices as inflation spikes,2026,9,True,True,0,0,0,0,0,0,0,0,0,0,0,0,0,0,0,0
dailystar:https://www.thedailystar.net/news/environment/natural-resources/energy/news/ministers-see-limited-impact-economists-warn-fuel-price-hikes-will-feed-inflation-4166726,dailystar,en,https://www.thedailystar.net/news/environment/natural-resources/energy/news/ministers-see-limited-impact-economists-warn-fuel-price-hikes-will-feed-inflation-4166726,2026-05-03,"Ministers see limited impact, economists warn fuel price hikes will feed inflation",2026,20,True,True,1,2,0,0,0,0,0,0,0,1,0,0,1,3,0,0
dailystar:https://www.thedailystar.net/business/economy/news/fuel-price-hikes-stoke-inflation-ministers-see-limited-impact-4167651,dailystar,en,https://www.thedailystar.net/business/economy/news/fuel-price-hikes-stoke-inflation-ministers-see-limited-impact-4167651,2026-05-04,"Fuel price hikes to stoke inflation, but ministers see limited impact",2026,20,True,True,1,2,0,0,0,0,0,0,0,1,0,0,1,3,0,0
dailystar:https://www.thedailystar.net/supplements/electric-avenue/news/beyond-the-fuel-pump-4167806,dailystar,en,https://www.thedailystar.net/supplements/electric-avenue/news/beyond-the-fuel-pump-4167806,2026-05-05,Beyond the fuel pump,2026,6,False,True,1,2,0,0,0,0,0,0,0,1,0,1,0,0,0,0
dailystar:https://www.thedailystar.net/business/news/adb-forecasts-oil-prices-be-96-year-4169126,dailystar,en,https://www.thedailystar.net/business/news/adb-forecasts-oil-prices-be-96-year-4169126,2026-05-06,ADB forecasts oil prices to be $96 this year,2026,4,True,True,1,2,0,0,0,0,0,0,0,0,0,0,1,2,0,0
dailystar:https://www.thedailystar.net/news/environment/natural-resources/energy/news/oil-prices-now-under-100-barrel-stocks-rally-mideast-peace-hopes-4169146,dailystar,en,https://www.thedailystar.net/news/environment/natural-resources/energy/news/oil-prices-now-under-100-barrel-stocks-rally-mideast-peace-hopes-4169146,2026-05-06,"Oil prices now under $100 a barrel, stocks rally on Mideast peace hopes",2026,2,True,True,1,6,0,0,0,0,0,0,0,0,0,0,0,0,1,1
dailystar:https://www.thedailystar.net/business/news/oil-prices-rise-investors-weigh-middle-east-peace-prospects-4169781,dailystar,en,https://www.thedailystar.net/business/news/oil-prices-rise-investors-weigh-middle-east-peace-prospects-4169781,2026-05-07,Oil prices rise as investors weigh Middle East peace prospects,2026,3,True,True,1,5,0,0,0,0,0,0,0,0,0,0,1,2,0,0
dailystar:https://www.thedailystar.net/business/global-economy/news/eu-opens-door-using-us-jet-fuel-shortages-loom-4172506,dailystar,en,https://www.thedailystar.net/business/global-economy/news/eu-opens-door-using-us-jet-fuel-shortages-loom-4172506,2026-05-10,EU opens door to using US jet fuel as shortages loom,2026,5,False,True,1,3,0,0,0,0,0,0,0,0,0,0,0,0,0,0
dailystar:https://www.thedailystar.net/business/news/oil-prices-jump-latest-us-iran-peace-process-impasse-4173961,dailystar,en,https://www.thedailystar.net/business/news/oil-prices-jump-latest-us-iran-peace-process-impasse-4173961,2026-05-12,Oil prices jump on latest US-Iran peace process impasse,2026,3,True,True,1,11,0,0,0,0,0,0,0,0,0,0,0,1,1,2
dailystar:https://www.thedailystar.net/news/world/usa/news/us-consumer-inflation-hits-three-year-high-fuelled-iran-war-4174166,dailystar,en,https://www.thedailystar.net/news/world/usa/news/us-consumer-inflation-hits-three-year-high-fuelled-iran-war-4174166,2026-05-12,US consumer inflation hits three-year high fuelled by Iran war,2026,3,False,True,1,8,0,0,0,0,0,0,0,0,0,0,0,0,0,1
dailystar:https://www.thedailystar.net/business/news/oil-prices-slip-teetering-iran-ceasefire-trump-heads-china-4174636,dailystar,en,https://www.thedailystar.net/business/news/oil-prices-slip-teetering-iran-ceasefire-trump-heads-china-4174636,2026-05-13,Oil prices slip on teetering Iran ceasefire as Trump heads to China,2026,7,True,True,1,10,0,0,0,0,0,0,0,0,0,0,0,1,0,1
dailystar:https://www.thedailystar.net/business/global-economy/news/us-consumer-inflation-hits-three-year-high-fuelled-iran-war-4175131,dailystar,en,https://www.thedailystar.net/business/global-economy/news/us-consumer-inflation-hits-three-year-high-fuelled-iran-war-4175131,2026-05-13,US consumer inflation hits three-year high fuelled by Iran war,2026,4,False,True,1,8,0,0,0,0,0,0,0,0,0,0,0,0,0,1
dailystar:https://www.thedailystar.net/culture/tv-film/news/emotional-vin-diesel-leads-fast-and-furious-tribute-cannes-4175491,dailystar,en,https://www.thedailystar.net/culture/tv-film/news/emotional-vin-diesel-leads-fast-and-furious-tribute-cannes-4175491,2026-05-14,Emotional Vin Diesel leads 'Fast and Furious' tribute in Cannes,2026,7,True,True,0,0,0,0,0,0,0,0,0,0,0,0,0,0,0,0
dailystar:https://www.thedailystar.net/business/global-economy/news/oil-prices-edge-4176011,dailystar,en,https://www.thedailystar.net/business/global-economy/news/oil-prices-edge-4176011,2026-05-15,Oil prices edge up,2026,4,True,True,1,6,0,1,0,0,0,0,0,0,0,0,0,0,0,0
dailystar:https://www.thedailystar.net/business/news/oil-prices-climb-more-3-fears-new-us-iran-combat-4176976,dailystar,en,https://www.thedailystar.net/business/news/oil-prices-climb-more-3-fears-new-us-iran-combat-4176976,2026-05-16,Oil prices climb more than 3% on fears of new US-Iran combat,2026,2,True,True,1,18,0,0,0,0,0,0,0,0,0,0,0,0,0,1
dailystar:https://www.thedailystar.net/business/news/india-raises-export-duty-petrol-cuts-those-diesel-and-aviation-fuel-4176981,dailystar,en,https://www.thedailystar.net/business/news/india-raises-export-duty-petrol-cuts-those-diesel-and-aviation-fuel-4176981,2026-05-16,"India raises export duty on petrol, cuts those on diesel and aviation fuel",2026,11,True,True,0,1,0,0,0,0,1,2,0,0,0,0,0,0,0,0
dailystar:https://www.thedailystar.net/business/global-economy/news/india-hikes-fuel-prices-war-strains-supplies-4178051,dailystar,en,https://www.thedailystar.net/business/global-economy/news/india-hikes-fuel-prices-war-strains-supplies-4178051,2026-05-18,India hikes fuel prices as war strains supplies,2026,8,True,True,1,4,0,0,0,0,1,7,0,1,0,0,0,1,0,1
dailystar:https://www.thedailystar.net/business/global-economy/news/oil-prices-fall-1-4180641,dailystar,en,https://www.thedailystar.net/business/global-economy/news/oil-prices-fall-1-4180641,2026-05-21,Oil prices fall 1%,2026,4,True,True,1,4,0,0,0,0,0,0,0,0,0,0,0,0,0,0
dailystar:https://www.thedailystar.net/business/global-economy/news/oil-prices-gain-4181441,dailystar,en,https://www.thedailystar.net/business/global-economy/news/oil-prices-gain-4181441,2026-05-22,Oil prices gain,2026,4,True,True,1,14,0,0,0,0,0,0,0,0,0,0,1,2,0,1
dailystar:https://www.thedailystar.net/business/news/oil-prices-settle-higher-slow-progress-us-iran-peace-talks-4182536,dailystar,en,https://www.thedailystar.net/business/news/oil-prices-settle-higher-slow-progress-us-iran-peace-talks-4182536,2026-05-23,Oil prices settle higher on slow progress in US-Iran peace talks,2026,4,True,True,1,16,0,0,0,0,0,0,0,0,0,0,0,1,0,1
dailystar:https://www.thedailystar.net/news/bangladesh/news/jet-fuel-price-reduced-nearly-tk-40-4182916,dailystar,en,https://www.thedailystar.net/news/bangladesh/news/jet-fuel-price-reduced-nearly-tk-40-4182916,2026-05-23,Jet fuel price reduced by nearly Tk 40,2026,6,True,True,1,2,0,0,0,0,0,0,0,0,0,0,1,2,0,0
dailystar:https://www.thedailystar.net/business/global-economy/news/oil-prices-slip-two-week-low-4184536,dailystar,en,https://www.thedailystar.net/business/global-economy/news/oil-prices-slip-two-week-low-4184536,2026-05-26,Oil prices slip to two-week low,2026,2,True,True,1,10,0,0,0,0,0,1,0,0,0,0,0,0,0,0
dailystar:https://www.thedailystar.net/business/global-economy/news/india-hikes-fuel-prices-again-4184541,dailystar,en,https://www.thedailystar.net/business/global-economy/news/india-hikes-fuel-prices-again-4184541,2026-05-26,India hikes fuel prices again,2026,7,True,True,1,2,0,0,0,0,1,4,0,0,0,0,1,2,0,1
dailystar:https://www.thedailystar.net/business/global-economy/news/oil-prices-bounce-higher-after-new-us-strikes-iran-4185806,dailystar,en,https://www.thedailystar.net/business/global-economy/news/oil-prices-bounce-higher-after-new-us-strikes-iran-4185806,2026-05-28,Oil prices bounce higher after new US strikes on Iran,2026,2,True,True,1,7,0,0,0,0,0,0,0,0,0,0,0,0,1,2
dailystar:https://www.thedailystar.net/business/news/india-cuts-export-duties-petrol-diesel-and-aviation-turbine-fuel-4187146,dailystar,en,https://www.thedailystar.net/business/news/india-cuts-export-duties-petrol-diesel-and-aviation-turbine-fuel-4187146,2026-05-31,"India cuts export duties on petrol, diesel and aviation turbine fuel",2026,10,True,True,0,0,0,0,0,0,1,2,0,0,0,0,0,0,0,0
dailystar:https://www.thedailystar.net/business/news/sri-lanka-raises-fuel-prices-after-imf-loan-instalment-4187311,dailystar,en,https://www.thedailystar.net/business/news/sri-lanka-raises-fuel-prices-after-imf-loan-instalment-4187311,2026-05-31,Sri Lanka raises fuel prices after IMF loan instalment,2026,8,True,True,1,3,0,0,0,0,0,0,0,0,0,0,1,4,0,0
dailystar:https://www.thedailystar.net/news/environment/natural-resources/energy/news/fuel-prices-rise-again-petrol-octane-tk-5-litre-4187466,dailystar,en,https://www.thedailystar.net/news/environment/natural-resources/energy/news/fuel-prices-rise-again-petrol-octane-tk-5-litre-4187466,2026-06-01,"Fuel prices rise again: Petrol, octane up by Tk 5 per litre",2026,15,True,True,1,5,0,0,0,0,0,0,0,0,0,0,1,2,0,0
dailystar:https://www.thedailystar.net/business/global-economy/news/oil-prices-fall-4187601,dailystar,en,https://www.thedailystar.net/business/global-economy/news/oil-prices-fall-4187601,2026-06-01,Oil prices fall,2026,2,True,True,1,14,0,0,0,0,0,0,0,0,0,0,0,1,0,0
dailystar:https://www.thedailystar.net/business/global-economy/news/sri-lanka-raises-fuel-prices-4187626,dailystar,en,https://www.thedailystar.net/business/global-economy/news/sri-lanka-raises-fuel-prices-4187626,2026-06-01,Sri Lanka raises fuel prices,2026,8,True,True,1,3,0,0,0,0,0,0,0,0,0,0,1,4,0,0
dailystar:https://www.thedailystar.net/news/politics/news/jamaat-slams-fuel-price-hike-demands-rollback-4188136,dailystar,en,https://www.thedailystar.net/news/politics/news/jamaat-slams-fuel-price-hike-demands-rollback-4188136,2026-06-01,"Jamaat slams fuel price hike, demands rollback",2026,7,True,True,0,0,0,1,0,0,0,0,0,0,0,0,0,1,0,0
dailystar:https://www.thedailystar.net/business/economy/news/oil-price-rises-more-3-4188271,dailystar,en,https://www.thedailystar.net/business/economy/news/oil-price-rises-more-3-4188271,2026-06-02,Oil price rises more than 3%,2026,2,True,True,1,10,0,0,0,0,0,0,0,0,0,0,0,0,1,2
dailystar:https://www.thedailystar.net/business/global-economy/news/oil-prices-slip-4189071,dailystar,en,https://www.thedailystar.net/business/global-economy/news/oil-prices-slip-4189071,2026-06-03,Oil prices slip,2026,3,True,True,1,12,0,0,0,0,0,0,0,0,0,0,0,1,0,0
dailystar:https://www.thedailystar.net/business/news/oil-prices-rise-iran-peace-worries-stocks-build-tech-rally-4189536,dailystar,en,https://www.thedailystar.net/business/news/oil-prices-rise-iran-peace-worries-stocks-build-tech-rally-4189536,2026-06-03,"Oil prices rise on Iran peace worries, stocks build on tech rally",2026,3,True,True,1,12,0,0,0,0,0,1,0,0,0,0,0,0,1,3
dailystar:https://www.thedailystar.net/business/bangladesh-budget-2026-27/news/power-fuel-price-hikes-intensify-inflation-pressure-4190876,dailystar,en,https://www.thedailystar.net/business/bangladesh-budget-2026-27/news/power-fuel-price-hikes-intensify-inflation-pressure-4190876,2026-06-07,"Power, fuel price hikes to intensify inflation pressure",2026,11,True,True,1,4,0,0,0,0,0,0,0,0,0,0,1,5,0,0
dailystar:https://www.thedailystar.net/business/global-economy/news/oil-price-falls-97-4190901,dailystar,en,https://www.thedailystar.net/business/global-economy/news/oil-price-falls-97-4190901,2026-06-05,Oil price falls to $97,2026,3,True,True,1,10,0,0,0,0,0,0,0,0,0,0,0,0,0,1
dailystar:https://www.thedailystar.net/business/news/oil-prices-fall-mounting-hopes-de-escalation-us-iran-war-4191796,dailystar,en,https://www.thedailystar.net/business/news/oil-prices-fall-mounting-hopes-de-escalation-us-iran-war-4191796,2026-06-06,Oil prices fall on mounting hopes for de-escalation in US-Iran War,2026,2,True,True,1,12,0,0,0,0,0,0,0,0,0,0,0,1,0,0
dailystar:https://www.thedailystar.net/business/economy/news/airlines-slash-2026-profit-forecast-fuel-shock-4192991,dailystar,en,https://www.thedailystar.net/business/economy/news/airlines-slash-2026-profit-forecast-fuel-shock-4192991,2026-06-08,Airlines slash 2026 profit forecast on fuel shock,2026,3,False,True,1,4,0,0,0,0,0,0,0,0,0,0,0,0,0,1
dailystar:https://www.thedailystar.net/business/global-economy/news/oil-prices-fall-4193011,dailystar,en,https://www.thedailystar.net/business/global-economy/news/oil-prices-fall-4193011,2026-06-08,Oil prices fall,2026,2,True,True,1,12,0,0,0,0,0,0,0,0,0,0,0,1,0,1
dailystar:https://www.thedailystar.net/news/bangladesh/news/build-3-month-fuel-reserve-and-diversify-sources-4193291,dailystar,en,https://www.thedailystar.net/news/bangladesh/news/build-3-month-fuel-reserve-and-diversify-sources-4193291,2026-06-08,Build 3-month fuel reserve and diversify sources,2026,6,False,True,0,1,0,0,0,0,1,2,0,0,0,0,0,1,0,0
dailystar:https://www.thedailystar.net/business/news/oil-prices-climb-3-after-iranian-missile-strikes-israel-4193411,dailystar,en,https://www.thedailystar.net/business/news/oil-prices-climb-3-after-iranian-missile-strikes-israel-4193411,2026-06-08,Oil prices climb 3% after Iranian missile strikes on Israel,2026,2,True,True,1,4,0,0,0,0,0,0,0,0,0,0,0,0,1,2
dailystar:https://www.thedailystar.net/business/global-economy/news/oil-prices-fall-4194751,dailystar,en,https://www.thedailystar.net/business/global-economy/news/oil-prices-fall-4194751,2026-06-10,Oil prices fall,2026,3,True,True,1,11,0,0,0,0,0,0,0,0,0,0,0,0,1,3
dailystar:https://www.thedailystar.net/news/world/news/fuel-stations-crimea-run-dry-4196726,dailystar,en,https://www.thedailystar.net/news/world/news/fuel-stations-crimea-run-dry-4196726,2026-06-12,Fuel stations in Crimea run dry,2026,4,False,True,0,1,0,0,0,0,0,0,0,0,0,0,0,0,1,3
dailystar:https://www.thedailystar.net/business/global-economy/news/oil-prices-fall-lowest-march-4198006,dailystar,en,https://www.thedailystar.net/business/global-economy/news/oil-prices-fall-lowest-march-4198006,2026-06-14,Oil prices fall to lowest since March,2026,3,True,True,1,14,0,0,0,0,0,0,0,0,0,0,0,0,0,1
dailystar:https://www.thedailystar.net/business/news/oil-prices-plunge-stocks-surge-us-iran-peace-deal-4199131,dailystar,en,https://www.thedailystar.net/business/news/oil-prices-plunge-stocks-surge-us-iran-peace-deal-4199131,2026-06-15,"Oil prices plunge, stocks surge on US-Iran peace deal",2026,3,True,True,1,11,0,0,0,0,0,0,0,0,0,0,0,0,1,3
dailystar:https://www.thedailystar.net/business/global-economy/news/oil-price-hits-3-month-low-us-iran-reach-peace-deal-4199606,dailystar,en,https://www.thedailystar.net/business/global-economy/news/oil-price-hits-3-month-low-us-iran-reach-peace-deal-4199606,2026-06-15,"Oil price hits 3-month low as US, Iran reach peace deal",2026,2,True,True,1,17,0,0,0,0,0,0,0,0,0,0,0,0,0,1
dailystar:https://www.thedailystar.net/business/global-economy/news/oil-price-drops-82-4200666,dailystar,en,https://www.thedailystar.net/business/global-economy/news/oil-price-drops-82-4200666,2026-06-17,Oil price drops to $82,2026,4,True,True,1,13,0,0,0,0,0,0,0,0,0,0,0,1,1,2
dailystar:https://www.thedailystar.net/business/news/oil-prices-extend-losses-stocks-rise-us-iran-peace-talks-loom-4201076,dailystar,en,https://www.thedailystar.net/business/news/oil-prices-extend-losses-stocks-rise-us-iran-peace-talks-loom-4201076,2026-06-17,"Oil prices extend losses, stocks rise as US-Iran peace talks loom",2026,2,True,True,1,7,0,1,0,0,0,0,0,0,0,0,1,2,0,1
dailystar:https://www.thedailystar.net/business/global-economy/news/oil-price-rises-1-4201431,dailystar,en,https://www.thedailystar.net/business/global-economy/news/oil-price-rises-1-4201431,2026-06-18,Oil price rises 1%,2026,3,True,True,1,6,0,0,0,0,0,0,0,0,0,0,0,0,0,0
dailystar:https://www.thedailystar.net/business/news/oil-prices-sink-further-trump-signs-deal-reopen-hormuz-4201846,dailystar,en,https://www.thedailystar.net/business/news/oil-prices-sink-further-trump-signs-deal-reopen-hormuz-4201846,2026-06-18,Oil prices sink further as Trump signs deal to reopen Hormuz,2026,2,True,True,1,8,0,1,0,0,0,0,0,0,0,0,0,1,0,1
dailystar:https://www.thedailystar.net/business/global-economy/news/australia-extends-fuel-excise-relief-ease-household-cost-pressures-4204721,dailystar,en,https://www.thedailystar.net/business/global-economy/news/australia-extends-fuel-excise-relief-ease-household-cost-pressures-4204721,2026-06-22,Australia extends fuel excise relief to ease household cost pressures,2026,6,False,True,1,4,0,0,0,0,0,0,0,0,0,0,0,0,0,0
dailystar:https://www.thedailystar.net/news/environment/natural-resources/energy/news/domestic-fuel-prices-may-fall-if-global-rates-ease-energy-minister-4205286,dailystar,en,https://www.thedailystar.net/news/environment/natural-resources/energy/news/domestic-fuel-prices-may-fall-if-global-rates-ease-energy-minister-4205286,2026-06-22,Domestic fuel prices may fall if global rates ease: Energy minister,2026,12,True,True,1,2,0,0,0,0,0,0,0,0,0,1,1,3,0,0
dailystar:https://www.thedailystar.net/news/bangladesh/news/bpc-losing-tk-78cr-day-fuel-sales-4205936,dailystar,en,https://www.thedailystar.net/news/bangladesh/news/bpc-losing-tk-78cr-day-fuel-sales-4205936,2026-06-23,BPC losing Tk 78cr a day on fuel sales,2026,1,True,True,0,0,0,0,0,0,0,0,0,0,0,0,0,0,0,0
dailystar:https://www.thedailystar.net/business/global-economy/news/oil-prices-dive-4210601,dailystar,en,https://www.thedailystar.net/business/global-economy/news/oil-prices-dive-4210601,2026-06-29,Oil prices dive,2026,3,True,True,1,11,0,0,0,0,0,0,0,0,0,0,0,1,0,0
dailystar:https://www.thedailystar.net/business/news/sri-lanka-reduces-fuel-prices-after-middle-east-ceasefire-4211996,dailystar,en,https://www.thedailystar.net/business/news/sri-lanka-reduces-fuel-prices-after-middle-east-ceasefire-4211996,2026-06-30,Sri Lanka reduces fuel prices after Middle East ceasefire,2026,10,True,True,1,3,0,0,0,0,0,0,0,0,0,0,1,2,0,0
dailystar:https://www.thedailystar.net/business/global-economy/news/sri-lanka-reduces-fuel-prices-after-middle-east-ceasefire-4212601,dailystar,en,https://www.thedailystar.net/business/global-economy/news/sri-lanka-reduces-fuel-prices-after-middle-east-ceasefire-4212601,2026-07-01,Sri Lanka reduces fuel prices after Middle East ceasefire,2026,10,True,True,1,3,0,0,0,0,0,0,0,0,0,0,1,2,0,0
dailystar:https://www.thedailystar.net/news/crime-justice/news/six-held-12700-litres-stolen-diesel-karnaphuli-raid-4214936,dailystar,en,https://www.thedailystar.net/news/crime-justice/news/six-held-12700-litres-stolen-diesel-karnaphuli-raid-4214936,2026-07-03,"Six held with 12,700 litres of 'stolen' diesel in Karnaphuli raid",2026,5,True,True,0,0,0,0,0,0,0,0,0,0,0,0,0,0,0,0
dailystar:https://www.thedailystar.net/news/crime-justice/news/six-held-12700-litres-stolen-diesel-ctg-4215186,dailystar,en,https://www.thedailystar.net/news/crime-justice/news/six-held-12700-litres-stolen-diesel-ctg-4215186,2026-07-04,"Six held with 12,700 litres of ‘stolen’ diesel in Ctg",2026,5,True,True,0,0,0,0,0,0,0,0,0,0,0,0,0,0,0,0
dailystar:https://www.thedailystar.net/business/news/oil-prices-little-changed-us-iran-peace-efforts-hold-4215471,dailystar,en,https://www.thedailystar.net/business/news/oil-prices-little-changed-us-iran-peace-efforts-hold-4215471,2026-07-04,Oil prices little changed as US-Iran peace efforts hold,2026,2,True,True,1,12,0,0,0,0,0,0,0,0,0,0,0,0,0,1
dailystar:https://www.thedailystar.net/business/global-economy/news/oil-prices-little-changed-4215826,dailystar,en,https://www.thedailystar.net/business/global-economy/news/oil-prices-little-changed-4215826,2026-07-05,Oil prices little changed,2026,2,True,True,1,5,0,0,0,0,0,0,0,0,0,0,0,0,0,0
dailystar:https://www.thedailystar.net/business/news/oil-prices-gain-focus-shifts-supply-recovery-and-demand-4217931,dailystar,en,https://www.thedailystar.net/business/news/oil-prices-gain-focus-shifts-supply-recovery-and-demand-4217931,2026-07-07,Oil prices gain as focus shifts to supply recovery and demand,2026,4,True,True,1,14,0,0,0,0,0,0,0,0,0,0,0,0,0,0
dailystar:https://www.thedailystar.net/news/environment/natural-resources/energy/news/jet-fuel-price-drops-tk-1922-litre-domestic-airlines-4218256,dailystar,en,https://www.thedailystar.net/news/environment/natural-resources/energy/news/jet-fuel-price-drops-tk-1922-litre-domestic-airlines-4218256,2026-07-07,Jet fuel price drops by Tk 19.22 per litre for domestic airlines,2026,4,True,True,0,1,0,0,0,0,0,0,0,0,0,0,0,0,0,0
dailystar:https://www.thedailystar.net/news/bangladesh/news/fresh-hike-oil-prices-may-derail-inflation-target-4218721,dailystar,en,https://www.thedailystar.net/news/bangladesh/news/fresh-hike-oil-prices-may-derail-inflation-target-4218721,2026-07-08,Fresh hike in oil prices may derail inflation target,2026,11,True,True,1,8,0,0,0,0,0,0,0,0,0,0,1,4,0,1
dailystar:https://www.thedailystar.net/business/news/oil-prices-extend-rally-us-strikes-iran-revive-geopolitical-fears-4218831,dailystar,en,https://www.thedailystar.net/business/news/oil-prices-extend-rally-us-strikes-iran-revive-geopolitical-fears-4218831,2026-07-08,Oil prices extend rally as US strikes on Iran revive geopolitical fears,2026,2,True,True,1,13,0,0,0,0,0,0,0,0,0,1,0,1,1,6
dailystar:https://www.thedailystar.net/business/global-economy/news/oil-prices-little-changed-4220186,dailystar,en,https://www.thedailystar.net/business/global-economy/news/oil-prices-little-changed-4220186,2026-07-10,Oil prices little changed,2026,4,True,True,1,18,0,0,0,0,0,0,0,0,0,0,0,0,1,6
dailystar:https://www.thedailystar.net/business/news/oil-prices-settle-lower-hopes-smoother-shipping-strait-hormuz-4221161,dailystar,en,https://www.thedailystar.net/business/news/oil-prices-settle-lower-hopes-smoother-shipping-strait-hormuz-4221161,2026-07-11,Oil prices settle lower on hopes for smoother shipping in Strait of Hormuz,2026,4,True,True,1,21,0,0,0,0,0,0,0,0,0,0,0,0,1,3
dailystar:https://www.thedailystar.net/business/economy/news/oil-prices-settle-lower-4222356,dailystar,en,https://www.thedailystar.net/business/economy/news/oil-prices-settle-lower-4222356,2026-07-13,Oil prices settle lower,2026,4,True,True,1,20,0,0,0,0,0,0,0,0,0,0,0,0,1,3
dailystar:https://www.thedailystar.net/business/news/oil-prices-spike-fresh-us-iran-attacks-tech-weighs-stocks-again-4222676,dailystar,en,https://www.thedailystar.net/business/news/oil-prices-spike-fresh-us-iran-attacks-tech-weighs-stocks-again-4222676,2026-07-13,"Oil prices spike on fresh US-Iran attacks, tech weighs on stocks again",2026,2,True,True,1,7,0,0,0,0,0,0,0,0,1,2,1,3,0,1
dailystar:https://www.thedailystar.net/business/news/oil-prices-rise-hostilities-worsen-the-middle-east-4224341,dailystar,en,https://www.thedailystar.net/business/news/oil-prices-rise-hostilities-worsen-the-middle-east-4224341,2026-07-15,Oil prices rise as hostilities worsen in the Middle East,2026,2,True,True,1,14,0,0,0,0,0,0,0,0,0,0,0,0,1,3
dailystar:https://www.thedailystar.net/business/news/us-consumer-sentiment-highest-february-brief-oil-price-dip-4226661,dailystar,en,https://www.thedailystar.net/business/news/us-consumer-sentiment-highest-february-brief-oil-price-dip-4226661,2026-07-18,US consumer sentiment highest since February on brief oil price dip,2026,5,True,True,1,4,0,0,0,0,0,0,0,0,0,0,0,0,1,2
dailystar:https://www.thedailystar.net/business/economy/news/oil-price-jumps-over-4-881-4226901,dailystar,en,https://www.thedailystar.net/business/economy/news/oil-price-jumps-over-4-881-4226901,2026-07-19,Oil price jumps over 4% to $88.1,2026,3,True,True,1,17,0,0,0,0,0,1,0,0,0,0,0,0,1,2
dailystar:https://www.thedailystar.net/business/economy/news/fuel-import-bill-jumps-85-amid-middle-east-conflict-4227776,dailystar,en,https://www.thedailystar.net/business/economy/news/fuel-import-bill-jumps-85-amid-middle-east-conflict-4227776,2026-07-20,Fuel import bill jumps 85% amid Middle East conflict,2026,10,False,True,1,3,0,0,0,0,0,0,0,0,0,0,1,5,0,0
dailystar:https://www.thedailystar.net/business/news/oil-prices-dip-mediation-efforts-offset-us-iran-strikes-4228901,dailystar,en,https://www.thedailystar.net/business/news/oil-prices-dip-mediation-efforts-offset-us-iran-strikes-4228901,2026-07-21,Oil prices dip as mediation efforts offset US-Iran strikes,2026,2,True,True,1,13,0,0,0,0,0,0,0,0,0,0,0,0,1,6
dailystar:https://www.thedailystar.net/business/news/govt-plans-allow-private-imports-petroleum-products-energy-minister-4229821,dailystar,en,https://www.thedailystar.net/business/news/govt-plans-allow-private-imports-petroleum-products-energy-minister-4229821,2026-07-22,Govt plans to allow private imports of petroleum products: energy minister,2026,2,True,True,0,0,0,0,0,0,0,0,0,0,0,0,1,3,0,0
dailystar:https://www.thedailystar.net/business/news/oil-prices-hover-six-week-high-middle-east-shipping-risks-escalate-4230551,dailystar,en,https://www.thedailystar.net/business/news/oil-prices-hover-six-week-high-middle-east-shipping-risks-escalate-4230551,2026-07-23,Oil prices hover at six-week high as Middle East shipping risks escalate,2026,3,True,True,1,16,0,0,0,0,0,0,0,0,0,0,0,0,1,4
dailystar:https://www.thedailystar.net/news/environment/natural-resources/energy/news/brent-north-sea-oil-price-hits-100-mideast-attacks-4230836,dailystar,en,https://www.thedailystar.net/news/environment/natural-resources/energy/news/brent-north-sea-oil-price-hits-100-mideast-attacks-4230836,2026-07-23,Brent North Sea oil price hits $100 on Mideast attacks,2026,1,True,True,1,3,0,0,0,0,0,0,0,0,0,0,0,0,0,0
dailystar:https://www.thedailystar.net/business/global-economy/news/oil-prices-rise-fifth-day-hit-9649-4231011,dailystar,en,https://www.thedailystar.net/business/global-economy/news/oil-prices-rise-fifth-day-hit-9649-4231011,2026-07-24,"Oil prices rise for a fifth day, hit $96.49",2026,3,True,True,1,17,0,0,0,0,0,0,0,0,0,0,0,0,1,4
dailystar:https://www.thedailystar.net/business/global-economy/news/indias-surging-refined-product-exports-ease-asia-fuel-crisis-4231026,dailystar,en,https://www.thedailystar.net/business/global-economy/news/indias-surging-refined-product-exports-ease-asia-fuel-crisis-4231026,2026-07-23,India’s surging refined product exports ease Asia fuel crisis,2026,3,True,True,1,7,0,0,0,0,1,10,0,0,0,0,1,2,0,0
dailystar:https://www.thedailystar.net/business/news/oil-prices-sink-us-iran-pause-fuels-fresh-hormuz-hopes-4233691,dailystar,en,https://www.thedailystar.net/business/news/oil-prices-sink-us-iran-pause-fuels-fresh-hormuz-hopes-4233691,2026-07-27,Oil prices sink as US-Iran pause fuels fresh Hormuz hopes,2026,2,True,True,1,14,0,1,0,0,0,0,0,0,0,0,0,1,1,3
dailystar:https://www.thedailystar.net/business/news/oil-prices-extend-decline-us-and-iran-pause-attacks-4234536,dailystar,en,https://www.thedailystar.net/business/news/oil-prices-extend-decline-us-and-iran-pause-attacks-4234536,2026-07-28,Oil prices extend decline as US and Iran pause attacks,2026,4,True,True,1,11,0,0,0,0,1,2,0,0,0,0,0,0,1,3
dailystar:https://www.thedailystar.net/business/news/oil-prices-settle-more-1-higher-log-strongest-month-march-4237461,dailystar,en,https://www.thedailystar.net/business/news/oil-prices-settle-more-1-higher-log-strongest-month-march-4237461,2026-08-01,"Oil prices settle more than 1% higher, log strongest month since March",2026,6,True,True,1,15,0,0,0,0,0,0,0,0,0,1,0,0,0,1
dailystar:https://www.thedailystar.net/business/global-economy/news/oil-prices-settle-more-1-higher-4237831,dailystar,en,https://www.thedailystar.net/business/global-economy/news/oil-prices-settle-more-1-higher-4237831,2026-08-02,Oil prices settle more than 1% higher,2026,5,True,True,1,15,0,0,0,0,0,0,0,0,0,1,0,0,0,1
dailystar:https://www.thedailystar.net/business/news/oil-prices-sink-middle-east-hopes-4238911,dailystar,en,https://www.thedailystar.net/business/news/oil-prices-sink-middle-east-hopes-4238911,2026-08-03,Oil prices sink on Middle East hopes,2026,3,True,True,1,5,0,0,0,0,0,0,0,0,0,0,0,1,1,3
dailystar:https://www.thedailystar.net/business/global-economy/news/oil-price-rises-8481-4240196,dailystar,en,https://www.thedailystar.net/business/global-economy/news/oil-price-rises-8481-4240196,2026-08-05,Oil price rises to $84.81,2026,2,True,True,1,14,0,0,0,0,0,0,0,0,0,0,0,0,0,0
dailystar:https://www.thedailystar.net/business/economy/news/oil-price-rises-8043-4240986,dailystar,en,https://www.thedailystar.net/business/economy/news/oil-price-rises-8043-4240986,2026-08-06,Oil price rises to $80.43,2026,5,True,True,1,7,0,0,0,0,0,0,0,0,0,0,0,0,0,0
dailystar:https://www.thedailystar.net/business/news/oil-prices-slip-iran-cites-progress-oman-hormuz-agreement-4241351,dailystar,en,https://www.thedailystar.net/business/news/oil-prices-slip-iran-cites-progress-oman-hormuz-agreement-4241351,2026-08-06,Oil prices slip as Iran cites progress with Oman on Hormuz agreement,2026,2,True,True,1,21,0,0,0,0,0,0,0,0,0,0,0,0,0,0
dailystar:https://www.thedailystar.net/business/economy/news/oil-prices-rise-4241731,dailystar,en,https://www.thedailystar.net/business/economy/news/oil-prices-rise-4241731,2026-08-07,Oil prices rise,2026,2,True,True,1,14,0,0,0,0,0,0,0,0,0,0,0,0,0,0
dailystar:https://www.thedailystar.net/news/crime-justice/news/nowfels-chattogram-home-attacked-petrol-bomb-objects-4242351,dailystar,en,https://www.thedailystar.net/news/crime-justice/news/nowfels-chattogram-home-attacked-petrol-bomb-objects-4242351,2026-08-07,Nowfel’s Chattogram home attacked with petrol bomb-like objects,2026,2,True,True,0,0,0,0,0,0,0,0,0,0,0,0,0,0,0,0
dailystar:https://www.thedailystar.net/news/politics/news/private-fuel-imports-could-open-new-avenues-plunder-jamaat-4242886,dailystar,en,https://www.thedailystar.net/news/politics/news/private-fuel-imports-could-open-new-avenues-plunder-jamaat-4242886,2026-08-08,Private fuel imports could open ‘new avenues for plunder’: Jamaat,2026,3,False,True,0,0,0,0,1,2,0,1,0,0,0,0,0,1,0,0
dailystar:https://www.thedailystar.net/news/politics/news/pvt-fuel-imports-may-open-new-avenues-plunder-4243271,dailystar,en,https://www.thedailystar.net/news/politics/news/pvt-fuel-imports-may-open-new-avenues-plunder-4243271,2026-08-09,Pvt fuel imports may open ‘new avenues for plunder’,2026,3,False,True,0,0,0,0,1,2,0,1,0,0,0,0,0,1,0,0
dailystar:https://www.thedailystar.net/news/bangladesh/news/govt-may-allow-pvt-firms-import-fuel-sell-retail-4243206,dailystar,en,https://www.thedailystar.net/news/bangladesh/news/govt-may-allow-pvt-firms-import-fuel-sell-retail-4243206,2026-08-09,"Govt may allow private firms to import fuel, sell in retail",2026,27,False,True,0,0,0,0,0,1,0,0,0,0,0,0,1,3,0,0
dailystar:https://www.thedailystar.net/opinion/editorial/news/dont-rush-fuel-import-privatisation-4243676,dailystar,en,https://www.thedailystar.net/opinion/editorial/news/dont-rush-fuel-import-privatisation-4243676,2026-08-09,Don’t rush fuel import privatisation,2026,7,False,True,0,0,0,0,1,3,0,0,0,0,0,0,0,0,0,0
dailystar:https://www.thedailystar.net/business/news/jet-fuel-price-hiked-over-21-4243721,dailystar,en,https://www.thedailystar.net/business/news/jet-fuel-price-hiked-over-21-4243721,2026-08-09,Jet fuel price hiked by over 21%,2026,7,True,True,0,1,0,0,0,0,0,0,0,0,0,0,0,1,0,0
dailystar:https://www.thedailystar.net/business/global-economy/news/jet-fuel-price-raised-21-4243911,dailystar,en,https://www.thedailystar.net/business/global-economy/news/jet-fuel-price-raised-21-4243911,2026-08-10,Jet fuel price raised by 21%,2026,8,True,True,0,1,0,0,0,0,0,0,0,0,0,0,0,1,0,0
dailystar:https://www.thedailystar.net/opinion/views/news/think-again-opening-fuel-imports-private-companies-4243906,dailystar,en,https://www.thedailystar.net/opinion/views/news/think-again-opening-fuel-imports-private-companies-4243906,2026-08-10,Think again before opening up fuel imports to private companies,2026,45,False,True,0,1,0,0,1,4,0,0,0,0,0,0,1,8,0,0
dailystar:https://www.thedailystar.net/business/economy/news/profit-streak-cash-crisis-bpc-seeks-tk-18699cr-lifeline-4244811,dailystar,en,https://www.thedailystar.net/business/economy/news/profit-streak-cash-crisis-bpc-seeks-tk-18699cr-lifeline-4244811,2026-08-11,"Profit streak to cash crisis: BPC seeks Tk 18,699cr lifeline",2026,29,True,True,1,2,0,0,0,0,0,0,0,1,0,0,1,8,0,0
dailystar:https://www.thedailystar.net/business/news/oil-prices-rise-stocks-mixed-ahead-crucial-us-inflation-data-4245926,dailystar,en,https://www.thedailystar.net/business/news/oil-prices-rise-stocks-mixed-ahead-crucial-us-inflation-data-4245926,2026-08-12,"Oil prices rise, stocks mixed ahead of crucial US inflation data",2026,5,True,True,1,12,0,0,0,0,0,0,0,0,0,0,0,1,0,1
dailystar:https://www.thedailystar.net/business/economy/news/oil-prices-climb-4246321,dailystar,en,https://www.thedailystar.net/business/economy/news/oil-prices-climb-4246321,2026-08-13,Oil prices climb,2026,4,True,True,1,8,0,0,0,0,0,0,0,0,0,0,0,0,0,0
dailystar:https://www.thedailystar.net/news/politics/news/dollars-are-available-nahid-blames-power-and-fuel-crisis-govt-planning-failures-4247106,dailystar,en,https://www.thedailystar.net/news/politics/news/dollars-are-available-nahid-blames-power-and-fuel-crisis-govt-planning-failures-4247106,2026-08-13,‘Dollars are available’: Nahid blames power and fuel crisis on govt planning failures,2026,7,True,True,0,1,1,1,0,1,0,0,0,1,0,0,0,0,0,0
dailystar:https://www.thedailystar.net/opinion/views/news/should-essential-services-fuel-and-electricity-be-left-private-hands-4247251,dailystar,en,https://www.thedailystar.net/opinion/views/news/should-essential-services-fuel-and-electricity-be-left-private-hands-4247251,2026-08-14,Should essential services like fuel and electricity be left to private hands?,2026,11,False,True,0,1,0,1,0,0,0,0,0,0,0,0,1,2,0,1
dailystar:https://www.thedailystar.net/news/world/us-israel-war-iran/news/us-says-lower-oil-prices-not-irans-nuclear-program-are-now-top-priority-war-4247526,dailystar,en,https://www.thedailystar.net/news/world/us-israel-war-iran/news/us-says-lower-oil-prices-not-irans-nuclear-program-are-now-top-priority-war-4247526,2026-08-14,"US says lower oil prices, not Iran's nuclear program, are now top priority in war",2026,1,True,True,1,18,0,0,0,0,0,0,0,0,0,0,0,0,0,1
dailystar:https://www.thedailystar.net/business/organisation-news/news/southeast-asias-budget-airlines-eye-recovery-fuel-scars-linger-4256036,dailystar,en,https://www.thedailystar.net/business/organisation-news/news/southeast-asias-budget-airlines-eye-recovery-fuel-scars-linger-4256036,2026-08-25,Southeast Asia’s budget airlines eye recovery but fuel scars linger,2026,3,False,True,0,0,0,0,0,0,0,0,0,1,0,0,1,5,0,0
dailystar:https://www.thedailystar.net/business/news/iran-unable-import-petrol-amid-us-blockade-official-4257666,dailystar,en,https://www.thedailystar.net/business/news/iran-unable-import-petrol-amid-us-blockade-official-4257666,2026-08-27,Iran unable to import petrol amid US blockade: official,2026,7,True,True,1,10,0,0,0,0,0,0,0,0,0,0,1,3,1,4
dailystar:https://www.thedailystar.net/news/world/news/iran-unable-import-petrol-amid-us-blockade-official-4257671,dailystar,en,https://www.thedailystar.net/news/world/news/iran-unable-import-petrol-amid-us-blockade-official-4257671,2026-08-27,Iran unable to import petrol amid US blockade: official,2026,7,True,True,1,10,0,0,0,0,0,0,0,0,0,0,1,3,1,4
dailystar:https://www.thedailystar.net/news/power-and-energy/news/bpc-panel-against-fuel-imports-private-sector-4261756,dailystar,en,https://www.thedailystar.net/news/power-and-energy/news/bpc-panel-against-fuel-imports-private-sector-4261756,2026-09-01,BPC panel against fuel imports by private sector,2026,20,True,True,0,1,0,0,1,2,1,2,0,0,0,0,0,1,0,0
dailystar:https://www.thedailystar.net/news/power-and-energy/news/bpc-losing-tk-83cr-day-govt-keeps-fuel-prices-subsidised-energy-minister-4263186,dailystar,en,https://www.thedailystar.net/news/power-and-energy/news/bpc-losing-tk-83cr-day-govt-keeps-fuel-prices-subsidised-energy-minister-4263186,2026-09-02,BPC losing Tk 83cr a day as govt keeps fuel prices subsidised: Energy minister,2026,9,True,True,1,2,0,0,0,0,0,1,0,0,0,0,1,8,0,0
dailystar:https://www.thedailystar.net/business/news/job-growth-record-high-diesel-prices-trumps-midterms-mixed-bag-4265291,dailystar,en,https://www.thedailystar.net/business/news/job-growth-record-high-diesel-prices-trumps-midterms-mixed-bag-4265291,2026-09-05,Job growth but record-high diesel prices -- Trump's midterms mixed bag,2026,4,True,True,1,2,0,0,0,0,0,0,0,0,0,0,0,1,0,0
dailystar:https://www.thedailystar.net/business/news/oil-ends-week-higher-renewed-us-iran-strikes-diesel-hits-record-4265301,dailystar,en,https://www.thedailystar.net/business/news/oil-ends-week-higher-renewed-us-iran-strikes-diesel-hits-record-4265301,2026-09-05,"Oil ends week higher on renewed US-Iran strikes, diesel hits record",2026,10,True,True,1,12,0,0,0,0,0,0,0,0,0,0,0,0,1,3
dailystar:https://www.thedailystar.net/business/global-economy/news/global-diesel-supply-stay-tight-through-winter-4268141,dailystar,en,https://www.thedailystar.net/business/global-economy/news/global-diesel-supply-stay-tight-through-winter-4268141,2026-09-08,Global diesel supply to stay tight through winter,2026,5,True,True,0,1,0,0,0,0,0,0,0,0,0,0,0,1,0,0
dailystar:https://www.thedailystar.net/business/global-economy/news/oil-prices-fly-blind-the-hormuz-enigma-deepens-4269006,dailystar,en,https://www.thedailystar.net/business/global-economy/news/oil-prices-fly-blind-the-hormuz-enigma-deepens-4269006,2026-09-09,Oil prices fly blind as the Hormuz enigma deepens,2026,2,True,True,1,22,0,0,0,0,0,1,0,0,0,0,0,0,1,3
dailystar:https://www.thedailystar.net/news/bangladesh/news/reserves-rise-despite-fuel-fertiliser-shock-4270586,dailystar,en,https://www.thedailystar.net/news/bangladesh/news/reserves-rise-despite-fuel-fertiliser-shock-4270586,2026-09-12,"Reserves on rise despite fuel, fertiliser shock",2026,5,False,True,1,3,0,0,0,0,0,0,0,0,0,0,0,1,0,0
dailystar:https://www.thedailystar.net/business/news/oil-prices-us-inflation-stoke-fed-hike-worries-4270761,dailystar,en,https://www.thedailystar.net/business/news/oil-prices-us-inflation-stoke-fed-hike-worries-4270761,2026-09-12,"Oil prices, US inflation stoke Fed hike worries",2026,6,True,True,1,3,0,1,0,0,0,0,0,0,0,0,0,0,0,0
dailystar:https://www.thedailystar.net/business/news/bpc-looks-alternative-crude-markets-bab-el-mandeb-risks-rise-4273561,dailystar,en,https://www.thedailystar.net/business/news/bpc-looks-alternative-crude-markets-bab-el-mandeb-risks-rise-4273561,2026-09-15,BPC looks for alternative crude markets as Bab el-Mandeb risks rise,2026,11,True,True,0,0,0,0,0,0,0,1,0,0,0,0,0,0,0,0
dailystar:https://www.thedailystar.net/business/economy/news/dollar-ticks-higher-oil-prices-climb-4273806,dailystar,en,https://www.thedailystar.net/business/economy/news/dollar-ticks-higher-oil-prices-climb-4273806,2026-09-16,Dollar ticks higher as oil prices climb,2026,3,True,True,1,2,0,0,0,0,0,0,0,0,0,0,0,0,0,0
dailystar:https://www.thedailystar.net/business/economy/news/bpc-seeks-new-crude-sources-amid-bab-el-mandeb-risks-4273921,dailystar,en,https://www.thedailystar.net/business/economy/news/bpc-seeks-new-crude-sources-amid-bab-el-mandeb-risks-4273921,2026-09-16,BPC seeks new crude sources amid Bab el-Mandeb risks,2026,10,True,True,0,0,0,0,0,0,0,1,0,0,0,0,0,0,0,0
dailystar:https://www.thedailystar.net/business/news/govt-relaxes-fuel-import-condition-amid-price-pressure-4274721,dailystar,en,https://www.thedailystar.net/business/news/govt-relaxes-fuel-import-condition-amid-price-pressure-4274721,2026-09-16,Govt relaxes fuel import condition amid price pressure,2026,8,False,True,0,1,0,0,0,0,0,1,0,0,0,0,0,0,0,0
dailystar:https://www.thedailystar.net/news/bangladesh/news/govt-relaxes-fuel-import-condition-amid-price-pressure-4275106,dailystar,en,https://www.thedailystar.net/news/bangladesh/news/govt-relaxes-fuel-import-condition-amid-price-pressure-4275106,2026-09-18,Govt relaxes fuel import condition amid price pressure,2026,8,False,True,0,1,0,0,0,0,0,1,0,0,0,0,0,0,0,0
dailystar:https://www.thedailystar.net/business/news/oil-prices-extend-losses-fears-middle-east-supply-disruptions-ease-4275256,dailystar,en,https://www.thedailystar.net/business/news/oil-prices-extend-losses-fears-middle-east-supply-disruptions-ease-4275256,2026-09-17,Oil prices extend losses as fears of Middle East supply disruptions ease,2026,5,True,True,1,9,0,0,0,0,1,4,0,0,0,0,1,3,0,0
dailystar:https://www.thedailystar.net/news/bangladesh/news/bpc-may-run-out-funds-fuel-imports-oct-4276036,dailystar,en,https://www.thedailystar.net/news/bangladesh/news/bpc-may-run-out-funds-fuel-imports-oct-4276036,2026-09-18,BPC may run out of funds for fuel imports in Oct,2026,28,True,True,1,2,0,0,0,0,0,0,0,0,0,0,1,8,0,0
dailystar:https://www.thedailystar.net/news/power-and-energy/news/fuel-prices-hiked-tk-20-litre-4278041,dailystar,en,https://www.thedailystar.net/news/power-and-energy/news/fuel-prices-hiked-tk-20-litre-4278041,2026-09-21,Fuel prices hiked by Tk 20 a litre,2026,14,True,True,0,0,0,0,0,0,0,0,0,0,0,0,0,1,0,0
dailystar:https://www.thedailystar.net/news/bangladesh/news/fuel-prices-tk-20-across-the-board-4278401,dailystar,en,https://www.thedailystar.net/news/bangladesh/news/fuel-prices-tk-20-across-the-board-4278401,2026-09-21,Fuel prices up Tk 20 across the board,2026,51,True,True,1,5,0,0,0,0,0,1,0,0,0,0,1,8,0,0
prothomalo:https://www.prothomalo.com/bangladesh/ri44ry7tpu,prothomalo,bn,https://www.prothomalo.com/bangladesh/ri44ry7tpu,2022-07-27,জ্বালানি তেলের সংকটের কোনো আশঙ্কা নেই: মন্ত্রণালয়,2022,18,True,True,0,0,0,0,0,0,0,1,0,0,0,0,1,4,0,0
prothomalo:https://www.prothomalo.com/bangladesh/znbqpn1kx6,prothomalo,bn,https://www.prothomalo.com/bangladesh/znbqpn1kx6,2022-07-25,"জ্বালানি তেলের মজুতে ঘাটতি নেই, শঙ্কা আছে",2022,70,True,True,1,2,0,0,0,0,0,0,0,0,0,0,1,5,0,0
prothomalo:https://www.prothomalo.com/business/i1ogaoxc7n,prothomalo,bn,https://www.prothomalo.com/business/i1ogaoxc7n,2022-07-21,সয়াবিন তেলের নতুন দাম কার্যকর আজ থেকে,2022,6,False,True,0,1,0,0,0,0,0,0,0,0,0,0,0,0,0,0
prothomalo:https://www.prothomalo.com/bangladesh/district/l30sfu7evw,prothomalo,bn,https://www.prothomalo.com/bangladesh/district/l30sfu7evw,2022-07-30,"এখন বিদ্যুৎ, এরপর জ্বালানি তেল, তারপর দেখবেন রিজার্ভ শেষ: জয়নুল আবেদীন",2022,5,True,True,0,0,0,1,0,0,0,0,0,0,0,0,0,0,1,13
prothomalo:https://www.prothomalo.com/politics/tr36w9dos3,prothomalo,bn,https://www.prothomalo.com/politics/tr36w9dos3,2022-07-29,"এখন বিদ্যুৎ, তারপর জ্বালানি তেল, এরপর দেখবেন রিজার্ভ শূন্য হচ্ছে",2022,4,True,True,0,0,0,1,1,4,0,0,0,0,0,0,1,3,1,6
prothomalo:https://www.prothomalo.com/bangladesh/district/lj3z2120hc,prothomalo,bn,https://www.prothomalo.com/bangladesh/district/lj3z2120hc,2022-07-28,"দেশে জ্বালানি, খাদ্য ও সার নিয়ে কোনো সংকট হবে না: জনপ্রশাসন প্রতিমন্ত্রী",2022,3,False,True,1,2,0,0,0,0,0,0,0,0,0,0,0,0,0,0
prothomalo:https://www.prothomalo.com/opinion/column/vgmc4cyexo,prothomalo,bn,https://www.prothomalo.com/opinion/column/vgmc4cyexo,2022-07-26,জ্বালানি সংকটে পড়ে যা করতে হচ্ছে ইউরোপকে,2022,2,True,True,1,15,0,1,0,0,0,0,1,3,0,0,0,0,0,0
prothomalo:https://www.prothomalo.com/bangladesh/capital/h8oabktktk,prothomalo,bn,https://www.prothomalo.com/bangladesh/capital/h8oabktktk,2022-07-26,ট্যাংক ভরে জ্বালানি দিচ্ছে না কোনো কোনো ফিলিং স্টেশন,2022,44,False,True,0,0,0,0,0,0,0,0,0,0,0,0,0,0,0,0
prothomalo:https://www.prothomalo.com/politics/lmpjllesfw,prothomalo,bn,https://www.prothomalo.com/politics/lmpjllesfw,2022-07-26,জ্বালানি খাতে অব্যবস্থাপনা ও লোডশেডিংয়ের প্রতিবাদে বিক্ষোভ করবে বিএনপি,2022,3,True,True,0,0,1,5,1,5,0,1,0,1,0,0,0,0,1,10
prothomalo:https://www.prothomalo.com/business/bank/lfd08mql9o,prothomalo,bn,https://www.prothomalo.com/business/bank/lfd08mql9o,2022-07-26,"এবার সব ব্যাংককে বিদ্যুৎ-জ্বালানি 
খরচ কমানোর নির্দেশ",2022,4,False,True,0,0,0,0,0,0,0,0,0,0,0,0,0,0,0,0
prothomalo:https://www.prothomalo.com/bangladesh/yha8xij6h8,prothomalo,bn,https://www.prothomalo.com/bangladesh/yha8xij6h8,2022-07-24,সরকারের ভুল নীতি ও দুর্নীতির কারণে জ্বালানি ও বিদ্যুৎ খাতের সংকট: জাতীয় কমিটি,2022,5,False,True,1,5,0,0,1,3,0,1,0,0,0,0,0,0,0,0
prothomalo:https://www.prothomalo.com/politics/s0oyto79t5,prothomalo,bn,https://www.prothomalo.com/politics/s0oyto79t5,2022-07-21,স্বনির্ভর ও পরিবেশবান্ধব জ্বালানি নীতি গ্রহণের দাবি,2022,5,False,True,0,0,0,0,1,6,0,0,0,0,0,0,0,0,1,7
prothomalo:https://www.prothomalo.com/world/middle-east/mm8ott319y,prothomalo,bn,https://www.prothomalo.com/world/middle-east/mm8ott319y,2022-07-22,মোহাম্মদ বিন সালমানের সঙ্গে পুতিনের ফোনালাপ,2022,3,False,True,1,2,0,0,0,0,0,0,0,0,0,0,0,0,0,0
prothomalo:https://www.prothomalo.com/bangladesh/9cyeacibup,prothomalo,bn,https://www.prothomalo.com/bangladesh/9cyeacibup,2022-07-27,বাংলাদেশকে সহায়তা করতে প্রস্তুত আইএমএফ: রয়টার্স,2022,4,False,True,1,4,0,0,0,0,0,0,0,1,0,0,0,0,0,0
prothomalo:https://www.prothomalo.com/business/economics/xoqzhwewpt,prothomalo,bn,https://www.prothomalo.com/business/economics/xoqzhwewpt,2022-07-29,রাত ৯টা পর্যন্ত দোকান খোলা রাখতে চান ব্যবসায়ীরা,2022,3,False,True,0,1,0,0,0,0,0,0,0,0,0,0,0,0,0,0
prothomalo:https://www.prothomalo.com/bangladesh/9ot16akrio,prothomalo,bn,https://www.prothomalo.com/bangladesh/9ot16akrio,2022-07-21,অফিসের সময় কমানোর সিদ্ধান্ত অবস্থা বুঝে: জনপ্রশাসন প্রতিমন্ত্রী,2022,4,False,True,1,2,0,0,0,0,0,0,0,0,0,0,0,1,0,0
prothomalo:https://www.prothomalo.com/bangladesh/capital/ad9bp9epqu,prothomalo,bn,https://www.prothomalo.com/bangladesh/capital/ad9bp9epqu,2022-07-27,আজ রাজধানীর কোথায়-কখন লোডশেডিং,2022,10,False,True,0,0,0,0,0,0,0,0,0,0,0,0,0,1,0,0
prothomalo:https://www.prothomalo.com/business/world-business/yqt7v2u537,prothomalo,bn,https://www.prothomalo.com/business/world-business/yqt7v2u537,2022-07-20,পণ্য আমদানি ব্যয়ে রেকর্ড,2022,3,False,True,1,11,0,0,0,0,0,0,0,0,0,0,1,2,0,0
prothomalo:https://www.prothomalo.com/opinion/column/sbtxydf94l,prothomalo,bn,https://www.prothomalo.com/opinion/column/sbtxydf94l,2022-07-29,"তেল-গ্যাস নিয়ে কথা বলা নিষেধ, মুচলেকা দিন",2022,7,False,True,1,5,0,0,0,0,1,2,0,0,0,0,0,0,0,0
prothomalo:https://www.prothomalo.com/bangladesh/capital/2df1zv3lfd,prothomalo,bn,https://www.prothomalo.com/bangladesh/capital/2df1zv3lfd,2022-07-31,গমের বদলে চালের রুটি খাওয়ার পরামর্শ ধর্ম প্রতিমন্ত্রীর,2022,5,False,True,0,1,0,0,0,0,0,0,0,0,0,0,1,4,0,0
prothomalo:https://www.prothomalo.com/business/analysis/o0n9avg0pr,prothomalo,bn,https://www.prothomalo.com/business/analysis/o0n9avg0pr,2022-07-28,আইএমএফের ঋণ কেন লাগছেই,2022,3,False,True,1,2,1,2,0,0,0,0,0,0,0,0,1,8,1,2
prothomalo:https://www.prothomalo.com/bangladesh/4rru4ra72q,prothomalo,bn,https://www.prothomalo.com/bangladesh/4rru4ra72q,2022-07-21,ব্যয় কমাতে নানামুখী চেষ্টা,2022,6,False,True,1,2,0,0,0,1,0,0,0,1,0,0,1,4,0,0
prothomalo:https://www.prothomalo.com/bangladesh/mg25cba72f,prothomalo,bn,https://www.prothomalo.com/bangladesh/mg25cba72f,2022-07-29,সক্ষমতার সঙ্গে লোকসানও বেড়েছে,2022,6,False,True,0,1,0,0,0,0,0,0,0,0,0,0,1,14,0,0
prothomalo:https://www.prothomalo.com/bangladesh/district/rygfdqslyg,prothomalo,bn,https://www.prothomalo.com/bangladesh/district/rygfdqslyg,2022-07-21,বিদ্যুৎ-সংকটের পেছনে দায়ীদের শাস্তির দাবি,2022,3,False,True,0,1,0,0,1,2,0,0,0,0,0,0,0,0,1,12
prothomalo:https://www.prothomalo.com/bangladesh/zew76wh2ca,prothomalo,bn,https://www.prothomalo.com/bangladesh/zew76wh2ca,2022-07-26,ডিজেলের বাড়তি চাহিদা নিয়ন্ত্রণের চেষ্টা বিপিসির,2022,63,True,True,0,0,0,0,0,1,0,0,0,0,0,0,1,2,0,0
prothomalo:https://www.prothomalo.com/opinion/column/4iv4m6gwcm,prothomalo,bn,https://www.prothomalo.com/opinion/column/4iv4m6gwcm,2022-07-28,আমাদের কি ‘সর্বনাশ’ হয়ে গেছে,2022,6,False,True,1,4,0,1,0,1,0,0,0,0,0,0,1,2,0,0
prothomalo:https://www.prothomalo.com/world/europe/v3y9gtfbfk,prothomalo,bn,https://www.prothomalo.com/world/europe/v3y9gtfbfk,2022-07-23,ইউক্রেন থেকে শস্য রপ্তানি হলেও শিগগিরই মিটছে না খাদ্যসংকট,2022,4,False,True,1,6,0,0,0,0,0,0,0,0,0,0,1,4,0,0
prothomalo:https://www.prothomalo.com/opinion/column/u5i9zgf0bg,prothomalo,bn,https://www.prothomalo.com/opinion/column/u5i9zgf0bg,2022-07-25,"আমদানি কমালে ডলার বাঁচবে, রপ্তানি বাঁচবে কি?",2022,6,False,True,1,9,0,1,0,1,1,3,1,3,0,0,1,3,0,0
prothomalo:https://www.prothomalo.com/bangladesh/oe1gm9jpty,prothomalo,bn,https://www.prothomalo.com/bangladesh/oe1gm9jpty,2022-07-28,বিদ্যুৎ-ব্যবস্থা একটা ‘ঠুনকো জায়গায়’ দাঁড়িয়ে: জোনায়েদ সাকি,2022,4,False,True,1,3,0,1,1,14,1,3,0,0,0,0,0,0,1,10
prothomalo:https://www.prothomalo.com/world/2xk6jcmilr,prothomalo,bn,https://www.prothomalo.com/world/2xk6jcmilr,2022-07-28,দূর দেশের ‘রাজাদের’ যুদ্ধে টেকা দায় গরিবের,2022,3,False,True,1,36,0,0,0,1,0,1,1,2,0,0,0,1,0,0
prothomalo:https://www.prothomalo.com/bangladesh/district/up6wcvoide,prothomalo,bn,https://www.prothomalo.com/bangladesh/district/up6wcvoide,2022-07-29,"সিদ্ধিরগঞ্জে দেড় হাজার লিটার ডিজেলসহ পিকআপ জব্দ, আটক ২",2022,6,True,True,0,0,0,0,0,0,0,0,0,0,0,0,0,0,0,0
prothomalo:https://www.prothomalo.com/world/europe/ypiybg04y2,prothomalo,bn,https://www.prothomalo.com/world/europe/ypiybg04y2,2022-07-31,গ্যাস নিয়ে পশ্চিমাদের যেভাবে চাপে রেখেছে রাশিয়া,2022,4,False,True,1,3,0,0,0,0,1,4,0,1,0,0,0,1,0,0
prothomalo:https://www.prothomalo.com/opinion/interview/4gg2wgf386,prothomalo,bn,https://www.prothomalo.com/opinion/interview/4gg2wgf386,2022-07-24,জ্বালানির কথা না ভেবেই বিদ্যুৎকেন্দ্র বানানো হয়েছে,2022,21,False,True,1,6,1,4,1,10,1,2,0,0,0,0,1,3,0,0
prothomalo:https://www.prothomalo.com/world/middle-east/1na8hbye7v,prothomalo,bn,https://www.prothomalo.com/world/middle-east/1na8hbye7v,2022-07-31,মধ্যপ্রাচ্যই কি এখন যুক্তরাষ্ট্র ও চীনের প্রতিযোগিতার কেন্দ্রবিন্দু,2022,4,False,True,1,8,0,0,0,0,0,0,0,0,0,0,0,0,0,0
prothomalo:https://www.prothomalo.com/bangladesh/capital/1oavhyub56,prothomalo,bn,https://www.prothomalo.com/bangladesh/capital/1oavhyub56,2022-07-22,জেনে নিন ঢাকায় কোথায় কখন লোডশেডিং,2022,4,False,True,0,0,0,0,0,0,0,0,0,0,0,0,0,1,0,0
prothomalo:https://www.prothomalo.com/opinion/column/p3nyigc6k6,prothomalo,bn,https://www.prothomalo.com/opinion/column/p3nyigc6k6,2022-07-29,"লোডশেডিং মানব, কিন্তু...",2022,4,False,True,0,1,1,3,1,3,0,1,1,2,0,1,0,0,0,0
prothomalo:https://www.prothomalo.com/politics/yzral175r9,prothomalo,bn,https://www.prothomalo.com/politics/yzral175r9,2022-07-29,বিএনপির মিছিলের হারিকেন থেকে পেট্রলবোমা বের হওয়ার শঙ্কায় মানুষ: তথ্যমন্ত্রী,2022,4,True,True,1,2,0,0,0,0,0,0,0,0,0,0,0,1,1,5
prothomalo:https://www.prothomalo.com/business/xg52gcu16t,prothomalo,bn,https://www.prothomalo.com/business/xg52gcu16t,2022-07-27,ঋণ পেতে আইএমএফকে চিঠি দিয়েছে বাংলাদেশ,2022,3,False,True,1,6,0,0,0,0,0,0,0,0,0,0,1,5,0,0
prothomalo:https://www.prothomalo.com/business/economics/wo9ydj0ovf,prothomalo,bn,https://www.prothomalo.com/business/economics/wo9ydj0ovf,2022-07-26,কাগজের উভয় পৃষ্ঠায় প্রিন্ট করার নির্দেশ,2022,4,False,True,0,1,0,0,0,0,0,0,0,0,0,0,0,0,0,0
prothomalo:https://www.prothomalo.com/business/economics/i9hoafkk38,prothomalo,bn,https://www.prothomalo.com/business/economics/i9hoafkk38,2022-07-22,সরকারি প্রতিষ্ঠানের তেল-গ্যাসের খরচ ২০% হ্রাসের নির্দেশ ,2022,10,False,True,0,1,0,0,0,0,0,0,0,0,0,0,0,0,0,0
prothomalo:https://www.prothomalo.com/bangladesh/capital/4ev5iq0e9m,prothomalo,bn,https://www.prothomalo.com/bangladesh/capital/4ev5iq0e9m,2022-07-20,রাজধানীর কোন এলাকায় আজ কখন লোডশেডিং,2022,3,False,True,0,0,0,0,0,0,0,0,0,0,0,0,1,2,0,0
prothomalo:https://www.prothomalo.com/business/pkcgq5qs4q,prothomalo,bn,https://www.prothomalo.com/business/pkcgq5qs4q,2022-07-22,রপ্তানি ছাড়া কোনো সূচকই ভালো নেই,2022,7,False,True,1,11,0,0,0,0,0,0,0,0,0,0,1,10,0,1
prothomalo:https://www.prothomalo.com/bangladesh/capital/q2dm2zzw5q,prothomalo,bn,https://www.prothomalo.com/bangladesh/capital/q2dm2zzw5q,2022-07-21,ঢাকার কোন এলাকায় কখন বিদ্যুৎ যাবে আজ,2022,3,False,True,0,0,0,0,0,0,0,0,0,0,0,0,0,1,0,0
prothomalo:https://www.prothomalo.com/world/pakistan/8w28c9bpnh,prothomalo,bn,https://www.prothomalo.com/world/pakistan/8w28c9bpnh,2022-07-31,পাকিস্তানও কি শ্রীলঙ্কার পথে,2022,3,False,True,1,2,1,3,0,1,0,0,0,0,0,0,1,12,1,7
prothomalo:https://www.prothomalo.com/bangladesh/district/f9a228d8tp,prothomalo,bn,https://www.prothomalo.com/bangladesh/district/f9a228d8tp,2022-07-26,"শেরপুরে অভিযানের জাল পোড়াতে গিয়ে ৩ জেলে দগ্ধ, অবরুদ্ধ ২ কর্মকর্তা",2022,3,False,True,0,0,0,0,0,0,0,0,0,0,0,1,0,0,1,3
prothomalo:https://www.prothomalo.com/bangladesh/zikghbibtj,prothomalo,bn,https://www.prothomalo.com/bangladesh/zikghbibtj,2022-07-22,"লোডশেডিং কোথাও 
দুই ঘণ্টা, কোথাও 
দিনে ছয় ঘণ্টা ",2022,3,False,True,0,0,0,0,0,0,0,0,0,0,0,0,1,8,0,0
prothomalo:https://www.prothomalo.com/bangladesh/district/4rbubyjkxz,prothomalo,bn,https://www.prothomalo.com/bangladesh/district/4rbubyjkxz,2022-07-23,"কুষ্টিয়ায় তেলবাহী ট্রেন লাইনচ্যুত, ওয়াগন থেকে ঝরছে ফার্নেস তেল",2022,3,True,True,0,0,0,0,0,0,0,0,0,0,0,0,0,0,0,0
prothomalo:https://www.prothomalo.com/bangladesh/vnlbscebs4,prothomalo,bn,https://www.prothomalo.com/bangladesh/vnlbscebs4,2022-08-31,জ্বালানি তেলের দাম বাড়িয়ে রাখাই ভালো ছিল: জ্বালানি উপদেষ্টা,2022,13,True,True,1,3,0,0,0,0,0,0,0,1,0,0,0,0,0,0
prothomalo:https://www.prothomalo.com/video/22wykbp6tx,prothomalo,bn,https://www.prothomalo.com/video/22wykbp6tx,2022-08-30,জ্বালানি তেলের দাম ৫ টাকা কমে কি লাভ হলো? ,2022,2,True,True,0,0,0,0,0,0,0,0,0,0,0,0,0,0,0,0
prothomalo:https://www.prothomalo.com/politics/q3va6hwh5k,prothomalo,bn,https://www.prothomalo.com/politics/q3va6hwh5k,2022-08-30,জ্বালানি তেলের দাম নিয়ে তামাশা করছে সরকার: বাম গণতান্ত্রিক জোট,2022,24,True,True,1,2,0,1,1,5,0,1,0,1,0,0,0,1,0,1
prothomalo:https://www.prothomalo.com/poll/dyu0l1zmg5,prothomalo,bn,https://www.prothomalo.com/poll/dyu0l1zmg5,2022-08-29,জ্বালানি তেলের দাম লিটারে ৫ টাকা কমিয়েছে সরকার। এটা নিত্যপণ্যের বাজারে স্বস্তি ফেরাতে কোনো ভূমিকা রাখবে বলে আপনি কি মনে করেন?,2022,2,True,True,0,0,0,0,0,0,0,0,0,0,0,0,0,0,0,0
prothomalo:https://www.prothomalo.com/bangladesh/xt0kcc0y37,prothomalo,bn,https://www.prothomalo.com/bangladesh/xt0kcc0y37,2022-08-29,জ্বালানি তেলের দাম সমন্বয়ের সিদ্ধান্ত আজকালের মধ্যে হতে পারে: জ্বালানি প্রতিমন্ত্রী ,2022,22,True,True,0,1,0,0,0,0,0,0,0,0,0,0,0,0,0,0
prothomalo:https://www.prothomalo.com/business/q9inggeyrb,prothomalo,bn,https://www.prothomalo.com/business/q9inggeyrb,2022-08-19,জ্বালানি তেলের দাম কমার ধারা কতটা দীর্ঘস্থায়ী,2022,37,True,True,1,7,0,0,0,0,0,0,0,0,0,0,0,0,0,0
prothomalo:https://www.prothomalo.com/bangladesh/wfytezoiz5,prothomalo,bn,https://www.prothomalo.com/bangladesh/wfytezoiz5,2022-08-19,জ্বালানি তেলের দাম লিটারপ্রতি ৮০ টাকার নিচে নামিয়ে আনার দাবিতে অনশন,2022,7,True,True,1,2,0,0,0,0,0,0,0,0,0,0,1,3,0,1
prothomalo:https://www.prothomalo.com/business/economics/c9fpubdks2,prothomalo,bn,https://www.prothomalo.com/business/economics/c9fpubdks2,2022-08-18,জ্বালানি তেলের দাম আট মাসে সর্বনিম্ন,2022,11,True,True,1,14,0,0,0,0,0,0,0,0,0,0,0,0,0,0
prothomalo:https://www.prothomalo.com/bangladesh/hpvnkguoox,prothomalo,bn,https://www.prothomalo.com/bangladesh/hpvnkguoox,2022-08-16, জ্বালানি তেলের দাম নির্ধারণের প্রজ্ঞাপন কেন বেআইনি নয়,2022,13,True,True,0,0,0,0,0,0,0,0,0,0,0,0,0,0,0,0
prothomalo:https://www.prothomalo.com/world/7oatxweqay,prothomalo,bn,https://www.prothomalo.com/world/7oatxweqay,2022-08-15,বিশ্ববাজারে জ্বালানি তেলের দাম আরও কমল,2022,7,True,True,1,9,0,0,0,0,0,0,0,0,0,0,0,0,0,0
prothomalo:https://www.prothomalo.com/bangladesh/yqp3dwf4s2,prothomalo,bn,https://www.prothomalo.com/bangladesh/yqp3dwf4s2,2022-08-15,শুনানি ছাড়া জ্বালানি তেলের দাম নির্ধারণ করা যায় কি: প্রশ্ন হাইকোর্টের,2022,8,True,True,0,0,0,0,0,0,0,0,0,0,0,0,0,0,0,0
prothomalo:https://www.prothomalo.com/bangladesh/h988rqfl9i,prothomalo,bn,https://www.prothomalo.com/bangladesh/h988rqfl9i,2022-08-11,জ্বালানি তেলের দাম নিয়ে ব্যাখ্যা তুলে ধরতে মন্ত্রিসভার নির্দেশ,2022,14,True,True,0,1,0,0,0,0,0,0,0,0,0,0,0,1,0,0
prothomalo:https://www.prothomalo.com/video/bangladesh/thj379ufpw,prothomalo,bn,https://www.prothomalo.com/video/bangladesh/thj379ufpw,2022-08-10,জ্বালানি তেলের বর্ধিত দাম প্রত্যাহার চায় শিক্ষার্থীরা,2022,2,True,True,0,0,0,0,0,0,0,0,0,0,0,0,0,0,0,0
prothomalo:https://www.prothomalo.com/business/1akn011cjj,prothomalo,bn,https://www.prothomalo.com/business/1akn011cjj,2022-08-10,জ্বালানি তেলের দাম বাড়লে সব জিনিসেরই দাম বাড়ে: অর্থমন্ত্রী,2022,6,True,True,1,4,0,0,0,0,0,0,0,1,0,0,0,0,0,0
prothomalo:https://www.prothomalo.com/video/bangladesh/gk942dnq6v,prothomalo,bn,https://www.prothomalo.com/video/bangladesh/gk942dnq6v,2022-08-08,জ্বালানি তেলের দাম বৃদ্ধিতে টালমাটাল জনগণ,2022,1,True,True,0,0,0,0,0,0,0,0,0,0,0,0,0,0,0,0
prothomalo:https://www.prothomalo.com/bangladesh/capital/l46foayfir,prothomalo,bn,https://www.prothomalo.com/bangladesh/capital/l46foayfir,2022-08-08,জ্বালানি তেলের বর্ধিত দাম প্রত্যাহার দাবিতে গণ-অবস্থান অব্যাহত,2022,4,True,True,0,0,0,1,0,1,0,0,0,0,0,0,0,0,1,2
prothomalo:https://www.prothomalo.com/bangladesh/9kwjysfcxz,prothomalo,bn,https://www.prothomalo.com/bangladesh/9kwjysfcxz,2022-08-08,জ্বালানি তেলের দাম পুনর্নির্ধারণের সিদ্ধান্ত স্থগিত চেয়ে রিট,2022,12,True,True,0,0,0,0,0,0,0,0,0,0,0,0,0,0,0,0
prothomalo:https://www.prothomalo.com/bangladesh/district/x14zn4ny5u,prothomalo,bn,https://www.prothomalo.com/bangladesh/district/x14zn4ny5u,2022-08-07,জ্বালানি তেলের দাম বাড়ায় কৃষিক্ষেত্রে বিরূপ প্রভাব পড়বে: সিলেটে বিএনপি নেতারা,2022,3,True,True,0,0,0,0,1,4,1,2,0,0,0,0,0,0,1,12
prothomalo:https://www.prothomalo.com/poll/zyloj227qt,prothomalo,bn,https://www.prothomalo.com/poll/zyloj227qt,2022-08-07,"জ্বালানি তেলের মূল্যবৃদ্ধিতে সব নিত্যপণ্যের দাম বেড়ে মানুষ আরও বিপর্যয়ের মুখোমুখি হবে, সমাজে অশুভ শক্তির তৎপরতা বাড়বে—২৬ নাগরিকের এই আশঙ্কার সঙ্গে আপনি কি একমত? ",2022,2,True,True,0,0,0,0,0,0,0,0,0,0,0,0,0,0,0,0
prothomalo:https://www.prothomalo.com/politics/z1gp1g3kzz,prothomalo,bn,https://www.prothomalo.com/politics/z1gp1g3kzz,2022-08-07,"বিশ্বে বেড়েছে, হাসিনা সরকার নিরুপায় হয়ে জ্বালানি তেলের দাম বাড়িয়েছে: কাদের",2022,14,True,True,1,7,0,0,1,2,0,1,0,0,0,0,1,2,0,0
prothomalo:https://www.prothomalo.com/politics/9c11phswgt,prothomalo,bn,https://www.prothomalo.com/politics/9c11phswgt,2022-08-06,মানুষের পকেট কাটতে জ্বালানি তেলের দাম বাড়িয়েছে সরকার: নুরুল হক,2022,17,True,True,0,0,0,0,1,3,0,1,0,0,0,0,0,0,1,6
prothomalo:https://www.prothomalo.com/politics/rkza0ir90r,prothomalo,bn,https://www.prothomalo.com/politics/rkza0ir90r,2022-08-06,জ্বালানি তেলের বাড়তি দাম প্রত্যাহার না করলে হরতাল: সিপিবি,2022,9,True,True,0,0,0,0,0,1,0,1,0,0,0,0,0,0,1,21
prothomalo:https://www.prothomalo.com/politics/jpxx7dsjq6,prothomalo,bn,https://www.prothomalo.com/politics/jpxx7dsjq6,2022-08-06,মূল্যবৃদ্ধির পরও দেশে জ্বালানি তেলের দাম অনেক দেশের তুলনায় কম: তথ্যমন্ত্রী,2022,10,True,True,0,1,0,0,0,0,1,2,0,0,0,0,1,2,0,0
prothomalo:https://www.prothomalo.com/bangladesh/eu7gemlaqf,prothomalo,bn,https://www.prothomalo.com/bangladesh/eu7gemlaqf,2022-08-06,জ্বালানি তেলের দাম বাড়ানোর যেসব কারণ দেখাল সরকার,2022,52,True,True,1,8,0,0,0,0,1,7,0,0,0,0,1,9,0,0
prothomalo:https://www.prothomalo.com/world/659995x82d,prothomalo,bn,https://www.prothomalo.com/world/659995x82d,2022-08-06,ইউক্রেন যুদ্ধ শুরুর পর বিশ্ববাজারে জ্বালানি তেলের দাম সর্বনিম্ন পর্যায়ে,2022,12,True,True,1,6,0,0,0,0,0,0,0,0,0,0,1,2,0,0
prothomalo:https://www.prothomalo.com/bangladesh/district/7jugld2mkj,prothomalo,bn,https://www.prothomalo.com/bangladesh/district/7jugld2mkj,2022-08-06,জ্বালানি তেলের দাম বাড়ার পর বগুড়ায় বাস উধাও,2022,6,True,True,0,0,0,0,0,0,0,0,0,0,1,2,1,3,0,0
prothomalo:https://www.prothomalo.com/bangladesh/dwe92cmwtc,prothomalo,bn,https://www.prothomalo.com/bangladesh/dwe92cmwtc,2022-08-05,জ্বালানি তেলের দাম এতটা বৃদ্ধি চিন্তার বাইরে: ম. তামিম,2022,34,True,True,1,3,0,0,0,0,1,5,0,0,0,0,1,3,0,0
prothomalo:https://www.prothomalo.com/world/lvcv09tvjc,prothomalo,bn,https://www.prothomalo.com/world/lvcv09tvjc,2022-08-01,বিশ্ববাজারে কমল জ্বালানি তেলের দাম,2022,7,True,True,1,7,0,0,0,0,0,0,0,0,0,0,0,0,0,0
prothomalo:https://www.prothomalo.com/politics/o1xckmp3f8,prothomalo,bn,https://www.prothomalo.com/politics/o1xckmp3f8,2022-08-25,"জ্বালানি তেলের মূল্যবৃদ্ধি নিয়ে ফেসবুকে পোস্ট, ঢাবি ছাত্র হলছাড়া",2022,4,True,True,0,0,0,0,0,0,0,0,0,1,0,0,0,0,0,0
prothomalo:https://www.prothomalo.com/bangladesh/ajq4bnrces,prothomalo,bn,https://www.prothomalo.com/bangladesh/ajq4bnrces,2022-08-23,জ্বালানি তেলের মূল্যবৃদ্ধির প্রতিবাদে সাত দিন অনশন করে যুবক হাসপাতালে,2022,3,True,True,0,0,0,0,0,0,0,0,0,1,0,0,0,0,1,2
prothomalo:https://www.prothomalo.com/poll/txuoeq50ca,prothomalo,bn,https://www.prothomalo.com/poll/txuoeq50ca,2022-08-11,জ্বালানি তেলের মূল্যবৃদ্ধির বিষয়ে বিস্তারিত ব্যাখ্যা দেশবাসীর সামনে তুলে ধরতে জ্বালানি বিভাগকে নির্দেশ দিয়েছে সরকার। এতে অসন্তোষ কমবে বলে আপনি কি মনে করেন?,2022,2,True,True,0,0,0,0,0,0,0,0,0,0,0,0,0,0,0,0
prothomalo:https://www.prothomalo.com/politics/p0n7drptxe,prothomalo,bn,https://www.prothomalo.com/politics/p0n7drptxe,2022-08-11,বিএনপিসহ কিছু দল ও প্রতিষ্ঠান জ্বালানি তেলের মূল্য নিয়ে বিভ্রান্তি ছড়াচ্ছে: তথ্যমন্ত্রী,2022,8,True,True,1,2,0,0,0,0,0,0,0,0,0,0,0,1,0,0
prothomalo:https://www.prothomalo.com/bangladesh/dkg7p8bqnw,prothomalo,bn,https://www.prothomalo.com/bangladesh/dkg7p8bqnw,2022-08-10,জ্বালানি তেলের কর কমিয়ে মূল্যবৃদ্ধি এড়ানো যেত: সিপিডি,2022,19,True,True,0,1,0,1,0,1,0,0,1,5,0,0,1,5,0,0
prothomalo:https://www.prothomalo.com/bangladesh/p4t2sji26a,prothomalo,bn,https://www.prothomalo.com/bangladesh/p4t2sji26a,2022-08-10,জ্বালানি তেলের মূল্যবৃদ্ধির আত্মঘাতী সিদ্ধান্ত প্রত্যাহার করুন: ইনু,2022,6,True,True,0,1,0,0,1,2,0,0,0,0,0,0,0,0,1,7
prothomalo:https://www.prothomalo.com/video/eyj9dwrgo3,prothomalo,bn,https://www.prothomalo.com/video/eyj9dwrgo3,2022-08-09,জ্বালানি তেলের মূল্যবৃদ্ধি উত্তাপ ছড়াচ্ছে কাঁচাবাজারেও,2022,1,True,True,0,0,0,0,0,0,0,0,0,0,0,0,0,0,0,0
prothomalo:https://www.prothomalo.com/bangladesh/district/lfp32eg48j,prothomalo,bn,https://www.prothomalo.com/bangladesh/district/lfp32eg48j,2022-08-08,জ্বালানি তেলের মূল্যবৃদ্ধির প্রতিবাদে খুলনায় বিক্ষোভ সমাবেশ,2022,7,True,True,0,0,0,0,0,1,1,2,0,0,0,0,0,0,1,10
prothomalo:https://www.prothomalo.com/politics/cf537fu0zd,prothomalo,bn,https://www.prothomalo.com/politics/cf537fu0zd,2022-08-08,জ্বালানি তেলের মূল্যবৃদ্ধিতে জাপার প্রতিবাদ কর্মসূচি ঘোষণা,2022,3,True,True,0,0,1,2,0,0,0,0,0,0,0,0,0,0,1,14
prothomalo:https://www.prothomalo.com/bangladesh/district/oysx5wektf,prothomalo,bn,https://www.prothomalo.com/bangladesh/district/oysx5wektf,2022-08-07,জ্বালানি তেলের মূল্যবৃদ্ধির প্রতিবাদে রাজশাহী বিশ্ববিদ্যালয়ে মশালমিছিল,2022,6,True,True,0,1,0,1,0,1,0,1,0,0,0,0,0,0,1,15
prothomalo:https://www.prothomalo.com/bangladesh/district/pqummygtp8,prothomalo,bn,https://www.prothomalo.com/bangladesh/district/pqummygtp8,2022-08-07,জ্বালানি তেলের বর্ধিত মূল্য প্রত্যাহারের দাবি ছাত্র ফ্রন্টের,2022,9,True,True,0,0,0,0,0,1,0,0,0,0,0,0,1,2,1,7
prothomalo:https://www.prothomalo.com/video/bangladesh/piyvder6dr,prothomalo,bn,https://www.prothomalo.com/video/bangladesh/piyvder6dr,2022-08-07,জ্বালানি তেলের মূল্যবৃদ্ধি যেভাবে প্রভাব ফেলবে জীবনযাত্রায়,2022,2,True,True,0,0,0,0,0,0,0,0,0,0,0,0,0,0,0,0
prothomalo:https://www.prothomalo.com/bangladesh/qorxtsfog3,prothomalo,bn,https://www.prothomalo.com/bangladesh/qorxtsfog3,2022-08-07,বিশিষ্টজনদের বিবৃতি: জ্বালানি তেলের মূল্যবৃদ্ধি অশুভ শক্তির হাত শক্তিশালী করবে,2022,12,True,True,1,4,0,0,0,0,0,0,0,1,0,0,0,0,0,0
prothomalo:https://www.prothomalo.com/bangladesh/district/4r7cr4v7s0,prothomalo,bn,https://www.prothomalo.com/bangladesh/district/4r7cr4v7s0,2022-08-07,"জ্বালানি তেলের মূল্যবৃদ্ধির প্রতিবাদে জাহাঙ্গীরনগরে বিক্ষোভ, মহাসড়ক অবরোধ",2022,10,True,True,0,1,0,0,0,0,0,0,0,0,0,0,0,0,1,17
prothomalo:https://www.prothomalo.com/politics/9y7ox4sc50,prothomalo,bn,https://www.prothomalo.com/politics/9y7ox4sc50,2022-08-07,জ্বালানি তেলের এই মূল্যবৃদ্ধিতে বিস্মিত পঙ্কজ ভট্টাচার্য,2022,2,True,True,1,3,0,0,0,0,0,0,0,1,0,0,0,0,0,1
prothomalo:https://www.prothomalo.com/video/bangladesh/67rhpc1cw5,prothomalo,bn,https://www.prothomalo.com/video/bangladesh/67rhpc1cw5,2022-08-06,জ্বালানি তেলের মূল্যবৃদ্ধি কেন,2022,2,True,True,0,0,0,0,0,0,0,0,0,0,0,0,0,0,0,0
prothomalo:https://www.prothomalo.com/poll/5vc4keqd4d,prothomalo,bn,https://www.prothomalo.com/poll/5vc4keqd4d,2022-08-06,"জ্বালানি তেলের মূল্যবৃদ্ধির কারণে পরিবহন ভাড়াসহ নিত্যপণ্যের যে মূল্যবৃদ্ধি হবে, তা সাধারণ মানুষের জন্য দুর্দশা নিয়ে আসবে—জ্বালানি বিশেষজ্ঞ অধ্যাপক ম তামিমের এ বক্তব্যের সঙ্গে আপনি কি একমত?",2022,2,True,True,0,0,0,0,0,0,0,0,0,0,0,0,0,0,0,0
prothomalo:https://www.prothomalo.com/bangladesh/capital/xlr1yfmbcr,prothomalo,bn,https://www.prothomalo.com/bangladesh/capital/xlr1yfmbcr,2022-08-06,জ্বালানি তেলের বাড়তি মূল্য প্রত্যাহারের দাবি বামজোটের,2022,8,True,True,1,2,1,2,0,0,0,0,1,3,0,0,0,0,1,8
prothomalo:https://www.prothomalo.com/bangladesh/iluxv6f5mw,prothomalo,bn,https://www.prothomalo.com/bangladesh/iluxv6f5mw,2022-08-06,"জ্বালানি তেলের মূল্যবৃদ্ধি ‘অযৌক্তিক’, প্রত্যাহার দাবি যাত্রী কল্যাণ সমিতির",2022,15,True,True,0,1,1,3,0,0,0,0,1,4,0,0,0,0,1,6
prothomalo:https://www.prothomalo.com/bangladesh/district/4isgwn4wyi,prothomalo,bn,https://www.prothomalo.com/bangladesh/district/4isgwn4wyi,2022-08-06,জ্বালানি তেলের মূল্যবৃদ্ধির প্রতিবাদে গাইবান্ধায় নাগরিক মঞ্চের সমাবেশ,2022,12,True,True,0,0,0,0,0,0,0,0,0,0,0,0,0,0,1,9
prothomalo:https://www.prothomalo.com/video/bangladesh/yylmjmvvuu,prothomalo,bn,https://www.prothomalo.com/video/bangladesh/yylmjmvvuu,2022-08-06,জ্বালানি তেলের মূল্য বৃদ্ধি: পাম্পগুলোতে ভিড়,2022,2,True,True,0,0,0,0,0,0,0,0,0,0,0,0,0,0,0,0
prothomalo:https://www.prothomalo.com/bangladesh/crbgvhdks6,prothomalo,bn,https://www.prothomalo.com/bangladesh/crbgvhdks6,2022-08-30,তেলের দাম ৫ টাকা কমিয়ে কার কতটুকু লাভ হলো,2022,30,True,True,0,0,0,0,0,0,0,1,0,0,0,0,0,1,0,0
prothomalo:https://www.prothomalo.com/video/bangladesh/p9p6vzkk14,prothomalo,bn,https://www.prothomalo.com/video/bangladesh/p9p6vzkk14,2022-08-23,যে কারণে বাড়ল সয়াবিন তেলের দাম,2022,1,True,True,0,0,0,0,0,0,0,0,0,0,0,0,0,0,0,0
prothomalo:https://www.prothomalo.com/business/8jgmzuqb3l,prothomalo,bn,https://www.prothomalo.com/business/8jgmzuqb3l,2022-08-23,সয়াবিন তেলের দাম বাড়ল আবার,2022,9,True,True,0,1,0,0,0,0,0,0,0,0,0,0,0,0,0,0
prothomalo:https://www.prothomalo.com/bangladesh/w4ghwwir4o,prothomalo,bn,https://www.prothomalo.com/bangladesh/w4ghwwir4o,2022-08-11,বিশ্ববাজারে সয়াবিন তেলের দাম কমলেও ডলারের দাম বাড়ায় সুফল মিলছে না: বাণিজ্যমন্ত্রী,2022,4,True,True,1,6,0,0,0,0,0,0,0,0,0,0,0,0,0,0
prothomalo:https://www.prothomalo.com/business/30zb4x2ocj,prothomalo,bn,https://www.prothomalo.com/business/30zb4x2ocj,2022-08-07,যুক্তি ছাড়া তেলের দাম বাড়ানো হয়নি: অর্থমন্ত্রী,2022,7,True,True,0,1,0,0,0,0,0,0,0,0,0,0,0,0,0,0
prothomalo:https://www.prothomalo.com/business/market/5jdgpoyvpq,prothomalo,bn,https://www.prothomalo.com/business/market/5jdgpoyvpq,2022-08-07,তেলের মূল্যবৃদ্ধিতে দাম বাড়ল তেল কোম্পানির শেয়ারের,2022,9,True,True,0,0,0,0,0,0,0,0,0,0,0,0,0,0,0,0
prothomalo:https://www.prothomalo.com/bangladesh/fp2xrcub5i,prothomalo,bn,https://www.prothomalo.com/bangladesh/fp2xrcub5i,2022-08-07, সয়াবিন তেলের দাম লিটারে ২০ টাকা বাড়ানোর প্রস্তাব,2022,11,True,True,1,8,0,0,0,0,0,0,0,0,0,0,0,0,0,0
prothomalo:https://www.prothomalo.com/video/bangladesh/2kz3twx4ef,prothomalo,bn,https://www.prothomalo.com/video/bangladesh/2kz3twx4ef,2022-08-06,তেলের দাম বাড়ায় পেট্রলপাম্পে বাড়ছে ভিড়,2022,7,True,True,0,0,0,0,0,0,0,0,0,0,0,0,0,0,0,0
prothomalo:https://www.prothomalo.com/video/bangladesh/ieqpldxflw,prothomalo,bn,https://www.prothomalo.com/video/bangladesh/ieqpldxflw,2022-08-06,"'যেভাবে রাতের অন্ধকারে তেলের দাম বাড়ায়, সেভাবে অন্ধকার সরে যেতে পারে'",2022,2,True,True,0,0,0,0,0,0,0,0,0,0,0,0,0,0,0,0
prothomalo:https://www.prothomalo.com/bangladesh/i771og2ayk,prothomalo,bn,https://www.prothomalo.com/bangladesh/i771og2ayk,2022-08-06,‘আইএমএফের ঋণের শর্ত পূরণে বাড়ানো হলো তেলের দাম’,2022,35,True,True,0,1,0,0,0,1,0,1,0,1,0,0,1,4,0,0
prothomalo:https://www.prothomalo.com/business/world-business/t8qwgibay4,prothomalo,bn,https://www.prothomalo.com/business/world-business/t8qwgibay4,2022-08-06,বিশ্ববাজারে তেলের দাম আরও কমেছে,2022,6,True,True,1,7,0,0,0,0,0,0,0,0,0,0,0,0,0,0
prothomalo:https://www.prothomalo.com/bangladesh/capital/0yizvuuh4y,prothomalo,bn,https://www.prothomalo.com/bangladesh/capital/0yizvuuh4y,2022-08-19,জ্বালানি ও নিত্যপণ্যের দাম কমানোর দাবিতে শরীরে লিখলেন স্লোগান,2022,4,False,True,0,0,0,0,0,0,0,1,0,0,0,1,0,0,1,3
prothomalo:https://www.prothomalo.com/bangladesh/district/dwiajug1hk,prothomalo,bn,https://www.prothomalo.com/bangladesh/district/dwiajug1hk,2022-08-17,জ্বালানি তেলসহ নিত্যপণ্যের দাম বাড়ায় রাবিতে বিএনপিপন্থী শিক্ষকদের প্রতিবাদ,2022,4,True,True,0,0,0,0,0,1,1,4,0,0,0,0,0,0,1,4
prothomalo:https://www.prothomalo.com/bangladesh/district/bqpscramfc,prothomalo,bn,https://www.prothomalo.com/bangladesh/district/bqpscramfc,2022-08-09,জ্বালানি তেলসহ নিত্যপণ্যের দাম সহনীয় পর্যায়ে রাখার দাবিতে মানববন্ধন,2022,5,True,True,0,0,0,0,0,0,0,0,0,0,0,0,0,0,1,7
prothomalo:https://www.prothomalo.com/bangladesh/gic3ytytcr,prothomalo,bn,https://www.prothomalo.com/bangladesh/gic3ytytcr,2022-08-29,লিটারে ৫ টাকা কমছে ডিজেল-পেট্রল-অকটেন-কেরোসিনের দাম,2022,20,True,True,1,3,0,0,0,0,0,0,0,0,0,0,0,1,0,0
prothomalo:https://www.prothomalo.com/bangladesh/8d4uys1sj6,prothomalo,bn,https://www.prothomalo.com/bangladesh/8d4uys1sj6,2022-08-29,শুল্ক কমানোয় তেলের দামের ওপর প্রভাব দেখতে দুই–তিন দিন সময় লাগবে: বিপিসি চেয়ারম্যান,2022,30,True,True,0,1,0,0,0,0,0,0,0,0,0,0,0,1,0,0
prothomalo:https://www.prothomalo.com/bangladesh/a8vei88p4q,prothomalo,bn,https://www.prothomalo.com/bangladesh/a8vei88p4q,2022-08-24,"রাশিয়ার তেলের নমুনা ঢাকা পৌঁছেছে, এখনো পরীক্ষা হয়নি",2022,25,False,True,1,4,0,0,0,0,0,0,0,0,0,0,0,0,0,0
prothomalo:https://www.prothomalo.com/opinion/column/8abxecv43q,prothomalo,bn,https://www.prothomalo.com/opinion/column/8abxecv43q,2022-08-16,"তেলের মূল্যবৃদ্ধি, লোডশেডিং ও ভর্তুকির কথা",2022,13,True,True,1,5,0,0,1,3,0,0,0,0,0,0,1,11,0,0
prothomalo:https://www.prothomalo.com/bangladesh/district/u13ucw6te9,prothomalo,bn,https://www.prothomalo.com/bangladesh/district/u13ucw6te9,2022-08-12,তেলের মূল্যবৃদ্ধি নিয়ে কারও মাঠ গরম করার সুযোগ নেই: তথ্যমন্ত্রী,2022,4,True,True,0,1,0,0,0,0,0,0,0,0,0,0,0,0,0,0
prothomalo:https://www.prothomalo.com/opinion/editorial/9v7nl67hnb,prothomalo,bn,https://www.prothomalo.com/opinion/editorial/9v7nl67hnb,2022-08-09,তেলের মূল্যবৃদ্ধির প্রতিবাদ করা যাবে না?,2022,8,True,True,0,0,0,0,0,0,0,0,0,1,0,0,0,0,1,27
prothomalo:https://www.prothomalo.com/bangladesh/district/fwqxpcb1bk,prothomalo,bn,https://www.prothomalo.com/bangladesh/district/fwqxpcb1bk,2022-08-06,জ্বালানী তেলের মূল্যবৃদ্ধির প্রতিবাদে বরিশালে বিএনপির বিক্ষোভ,2022,13,True,True,1,2,0,0,0,0,0,0,0,0,0,0,0,0,1,19
prothomalo:https://www.prothomalo.com/business/world-business/qxq08mluff,prothomalo,bn,https://www.prothomalo.com/business/world-business/qxq08mluff,2022-08-04,বৈশ্বিক শেয়ার ও তেলের বাজার আবার ঊর্ধ্বমুখী,2022,9,False,True,1,8,0,0,0,0,0,0,0,0,0,0,0,0,0,0
prothomalo:https://www.prothomalo.com/bangladesh/district/mlsh9x2lce,prothomalo,bn,https://www.prothomalo.com/bangladesh/district/mlsh9x2lce,2022-08-30,খুলনায় জ্বালানি তেল ব্যবসায়ীদের কর্মবিরতি স্থগিত,2022,11,True,True,0,0,0,0,0,0,0,0,0,0,0,0,0,0,1,3
prothomalo:https://www.prothomalo.com/bangladesh/district/z8jgjcludv,prothomalo,bn,https://www.prothomalo.com/bangladesh/district/z8jgjcludv,2022-08-30,তেল উত্তোলন বন্ধ রেখে খুলনায় জ্বালানি তেল ব্যবসায়ীদের কর্মবিরতি,2022,25,True,True,0,0,0,0,0,0,0,0,0,0,0,0,0,0,1,4
prothomalo:https://www.prothomalo.com/bangladesh/j2kpap4uq3,prothomalo,bn,https://www.prothomalo.com/bangladesh/j2kpap4uq3,2022-08-30,সাধারণ মানুষের জন্য বর্তমান দামটাও একটু বেশি হয়ে যায়: জ্বালানি প্রতিমন্ত্রী,2022,29,False,True,1,5,0,0,0,0,0,0,0,0,1,2,1,3,0,0
prothomalo:https://www.prothomalo.com/bangladesh/district/2hzk6m0xva,prothomalo,bn,https://www.prothomalo.com/bangladesh/district/2hzk6m0xva,2022-08-26,জ্বালানি খাতের দুর্নীতি ঢাকতে বাতিল প্রকল্প চালুর চক্রান্ত করছে সরকার: আনু মুহাম্মদ,2022,4,True,True,1,2,0,0,1,4,0,0,0,0,0,0,0,0,1,2
prothomalo:https://www.prothomalo.com/bangladesh/4nz9i3xcs9,prothomalo,bn,https://www.prothomalo.com/bangladesh/4nz9i3xcs9,2022-08-26,যুদ্ধ না হলেও জ্বালানি–সংকটে পড়ত বাংলাদেশ,2022,11,False,True,1,16,0,0,0,0,0,1,0,0,0,0,1,7,0,0
prothomalo:https://www.prothomalo.com/bangladesh/district/prgur157ln,prothomalo,bn,https://www.prothomalo.com/bangladesh/district/prgur157ln,2022-08-26,ট্রানজিট ব্যবহার করে মেঘালয় থেকে আসা ১০ ট্যাংকার জ্বালানি তেল গেল ত্রিপুরায়,2022,3,True,True,0,0,0,0,0,0,0,0,0,0,0,0,0,0,0,0
prothomalo:https://www.prothomalo.com/bangladesh/p3j5hugpcs,prothomalo,bn,https://www.prothomalo.com/bangladesh/p3j5hugpcs,2022-08-24,৫ দাবিতে ধর্মঘটের হুমকি জ্বালানি তেল ব্যবসায়ীদের,2022,9,True,True,0,0,0,0,0,0,0,0,0,0,0,0,0,0,1,6
prothomalo:https://www.prothomalo.com/bangladesh/district/70sjt10n2x,prothomalo,bn,https://www.prothomalo.com/bangladesh/district/70sjt10n2x,2022-08-23,জ্বালানি তেল কম দেওয়ায় দুটি পেট্রলপাম্পকে জরিমানা,2022,5,True,True,0,0,0,0,0,0,0,0,0,0,0,0,0,0,0,0
prothomalo:https://www.prothomalo.com/bangladesh/district/z1aqby1icm,prothomalo,bn,https://www.prothomalo.com/bangladesh/district/z1aqby1icm,2022-08-22,"রাজশাহীতে ডিপো থেকে জ্বালানি তেল উত্তোলন বন্ধ, চলছে ধর্মঘট",2022,20,True,True,0,0,0,0,0,0,0,0,0,0,0,0,0,0,1,10
prothomalo:https://www.prothomalo.com/politics/wu535za4m8,prothomalo,bn,https://www.prothomalo.com/politics/wu535za4m8,2022-08-22,জ্বালানি খাতকে দুর্নীতির হাতিয়ার হিসেবে ব্যবহার করছে সরকার: ফখরুল,2022,11,True,True,1,2,0,0,1,6,0,0,0,0,0,0,0,0,0,0
prothomalo:https://www.prothomalo.com/bangladesh/district/4immkxeacn,prothomalo,bn,https://www.prothomalo.com/bangladesh/district/4immkxeacn,2022-08-22,৩ দফা দাবিতে রংপুরে ডিপো থেকে জ্বালানি তেল উত্তোলন বন্ধ,2022,15,True,True,0,0,0,0,0,0,0,0,0,0,0,0,0,0,1,3
prothomalo:https://www.prothomalo.com/bangladesh/district/dy1c7iw9ej,prothomalo,bn,https://www.prothomalo.com/bangladesh/district/dy1c7iw9ej,2022-08-22,কমিশন বাড়ানোর দাবিতে খুলনায় জ্বালানি তেল ব্যবসায়ীদের ধর্মঘট,2022,20,True,True,0,0,0,0,0,0,0,0,0,0,0,0,0,0,1,7
prothomalo:https://www.prothomalo.com/video/bangladesh/kyr9dzwpjn,prothomalo,bn,https://www.prothomalo.com/video/bangladesh/kyr9dzwpjn,2022-08-18,জ্বালানি সংকটের টেকসই সমাধানে দ্রুত উদ্যোগ প্রয়োজন,2022,2,True,True,0,0,0,0,0,0,0,0,0,0,0,0,0,0,0,0
prothomalo:https://www.prothomalo.com/bangladesh/zmh5y6mzar,prothomalo,bn,https://www.prothomalo.com/bangladesh/zmh5y6mzar,2022-08-16,মানুষের ভোগান্তি কমাতে সরকার কাজ করছে: জ্বালানি প্রতিমন্ত্রী,2022,7,False,True,1,3,0,0,0,0,0,1,0,0,0,0,0,0,0,0
prothomalo:https://www.prothomalo.com/video/bangladesh/d4lblfq9eh,prothomalo,bn,https://www.prothomalo.com/video/bangladesh/d4lblfq9eh,2022-08-15,জ্বালানি সংকটের টেকসই সমাধান নবায়নযোগ্য শক্তিতে,2022,1,True,True,0,0,0,0,0,0,0,0,0,0,0,0,0,0,0,0
prothomalo:https://www.prothomalo.com/bangladesh/ioy9yux8d0,prothomalo,bn,https://www.prothomalo.com/bangladesh/ioy9yux8d0,2022-08-14,‘এক–দুই মাস’ ধৈর্য ধরতে বললেন জ্বালানি প্রতিমন্ত্রী,2022,9,False,True,1,5,0,0,0,0,0,0,0,0,1,3,1,2,0,0
prothomalo:https://www.prothomalo.com/bangladesh/m5oidnox5x,prothomalo,bn,https://www.prothomalo.com/bangladesh/m5oidnox5x,2022-08-09,আমরা এখন একটা যুদ্ধের মধ্যে আছি: জ্বালানি প্রতিমন্ত্রী  ,2022,5,False,True,1,7,0,0,0,0,0,0,0,0,0,0,0,0,0,0
prothomalo:https://www.prothomalo.com/bangladesh/district/k8txfxsfcl,prothomalo,bn,https://www.prothomalo.com/bangladesh/district/k8txfxsfcl,2022-08-08,জ্বালানি ও গণপরিবহনের বর্ধিত ভাড়া প্রত্যাহারের দাবি বাম জোটের,2022,6,False,True,0,1,0,0,0,0,0,0,0,0,0,0,0,0,1,18
prothomalo:https://www.prothomalo.com/bangladesh/56y4b3zn8s,prothomalo,bn,https://www.prothomalo.com/bangladesh/56y4b3zn8s,2022-08-08,৫০ বছরেও জ্বালানি তেল শোধনক্ষমতা বাড়েনি,2022,53,True,True,1,3,0,0,0,0,0,0,0,1,0,0,0,0,0,0
prothomalo:https://www.prothomalo.com/bangladesh/capital/uuoa28f43f,prothomalo,bn,https://www.prothomalo.com/bangladesh/capital/uuoa28f43f,2022-08-07,রাজধানীতে জ্বালানি তেলবাহী লরির ধাক্কায় বিশ্ববিদ্যালয়শিক্ষার্থী নিহত,2022,2,True,True,0,0,0,0,0,0,0,0,0,0,0,0,0,0,0,0
prothomalo:https://www.prothomalo.com/business/analysis/data5r4blx,prothomalo,bn,https://www.prothomalo.com/business/analysis/data5r4blx,2022-08-07,জ্বালানি খরচ বৃদ্ধি দুশ্চিন্তায় ফেলেছে,2022,7,False,True,0,0,0,0,0,0,0,0,0,0,0,0,0,0,0,0
prothomalo:https://www.prothomalo.com/bangladesh/district/dttm1je8fv,prothomalo,bn,https://www.prothomalo.com/bangladesh/district/dttm1je8fv,2022-08-06,জ্বালানি তেল পাচার রোধে মূল্য বৃদ্ধি করেছে সরকার: শাজাহান খান,2022,7,True,True,0,0,0,0,0,0,1,5,0,0,0,1,1,4,0,0
prothomalo:https://www.prothomalo.com/bangladesh/t8kbnrzt0n,prothomalo,bn,https://www.prothomalo.com/bangladesh/t8kbnrzt0n,2022-08-06,"জ্বালানি মূল্যবৃদ্ধি, জেলায় জেলায় বিক্ষোভ",2022,19,True,True,0,0,0,0,0,0,0,0,0,0,0,0,0,0,1,15
prothomalo:https://www.prothomalo.com/bangladesh/clctbav1af,prothomalo,bn,https://www.prothomalo.com/bangladesh/clctbav1af,2022-08-03,জ্বালানি খাত বিনিয়োগকারী–দাতাদের কাছে জিম্মি,2022,9,True,True,0,0,0,0,0,0,0,0,0,0,0,0,1,2,0,0
prothomalo:https://www.prothomalo.com/bangladesh/c550tjjmz3,prothomalo,bn,https://www.prothomalo.com/bangladesh/c550tjjmz3,2022-08-03,ভারতের আসাম থেকে বাংলাদেশ হয়ে ত্রিপুরায় জ্বালানি যাবে,2022,4,False,True,0,0,0,0,0,0,0,0,0,0,0,0,0,0,0,0
prothomalo:https://www.prothomalo.com/bangladesh/district/q3uu0j7yvd,prothomalo,bn,https://www.prothomalo.com/bangladesh/district/q3uu0j7yvd,2022-08-03,মোরেলগঞ্জে জ্বালানি তেল ও নিত্যপণ্যবোঝাই ট্রলারডুবি,2022,5,True,True,0,0,0,0,0,0,0,0,0,0,0,0,0,0,0,0
prothomalo:https://www.prothomalo.com/business/world-business/jmpogr9c2x,prothomalo,bn,https://www.prothomalo.com/business/world-business/jmpogr9c2x,2022-08-01,"জ্বালানি খাতে বাড়তি শুল্ক, ভর্তুকি পাবে গরিব মানুষ",2022,1,True,True,0,1,0,0,0,0,0,1,1,2,0,0,1,5,0,0
prothomalo:https://www.prothomalo.com/politics/f5i2mayo30,prothomalo,bn,https://www.prothomalo.com/politics/f5i2mayo30,2022-08-30,"৫ টাকা দাম কমানো জনগণের সঙ্গে আরেক প্রতারণা, বললেন বিএনপির আমীর খসরু",2022,11,False,True,0,1,0,0,0,0,0,0,0,0,0,0,0,1,0,0
prothomalo:https://www.prothomalo.com/bangladesh/r889imn0d0,prothomalo,bn,https://www.prothomalo.com/bangladesh/r889imn0d0,2022-08-29,"ডিজেলের দাম ৩৪ টাকা বাড়ানোর 
পর কমল ৫ টাকা",2022,46,True,True,1,7,0,0,0,0,0,0,0,0,0,0,1,3,0,0
prothomalo:https://www.prothomalo.com/bangladesh/uxbj608lah,prothomalo,bn,https://www.prothomalo.com/bangladesh/uxbj608lah,2022-08-28,"কমতে পারে ডিজেল, পেট্রল ও অকটেনের দাম",2022,38,True,True,1,4,0,0,0,0,0,0,0,0,0,0,1,2,0,0
prothomalo:https://www.prothomalo.com/business/th9j80t3pc,prothomalo,bn,https://www.prothomalo.com/business/th9j80t3pc,2022-08-24,"যে গতিতে উঠেছিল, সেই গতিতেই নেমেছে ডিমের দাম",2022,3,False,True,0,0,0,0,0,1,0,0,0,0,0,0,1,2,0,0
prothomalo:https://www.prothomalo.com/business/economics/a48ys07dfa,prothomalo,bn,https://www.prothomalo.com/business/economics/a48ys07dfa,2022-08-24,দাম কমলেও মূল্যস্ফীতির শঙ্কা কাটেনি বিশ্বে,2022,5,False,True,1,23,1,2,0,0,0,0,0,0,0,0,0,0,0,1
prothomalo:https://www.prothomalo.com/business/economics/cig6khhh0j,prothomalo,bn,https://www.prothomalo.com/business/economics/cig6khhh0j,2022-08-23,"সবার অস্বীকার, ডিমের দাম তাহলে বাড়াল কারা",2022,4,False,True,0,0,0,0,1,2,0,0,0,0,0,0,1,3,0,0
prothomalo:https://www.prothomalo.com/business/world-business/1v0u8398sn,prothomalo,bn,https://www.prothomalo.com/business/world-business/1v0u8398sn,2022-08-22,বিশ্ববাজারে খাদ্যপণ্যের দাম সাড়ে ৮ শতাংশের বেশি কমেছে,2022,5,False,True,1,23,0,0,0,0,0,1,0,0,0,0,0,0,0,0
prothomalo:https://www.prothomalo.com/business/inqmyfhq1q,prothomalo,bn,https://www.prothomalo.com/business/inqmyfhq1q,2022-08-21,"ডিমের দাম বাড়ল কেন, কমল কেন",2022,4,False,True,0,0,0,0,1,3,0,0,0,0,0,0,1,9,0,1
prothomalo:https://www.prothomalo.com/business/economics/it2p2g5zut,prothomalo,bn,https://www.prothomalo.com/business/economics/it2p2g5zut,2022-08-21,"খরচ বেড়েছে ৭০ পয়সা, দাম বাড়াল ৫ টাকা",2022,6,False,True,0,0,0,0,1,2,0,0,0,1,0,0,0,0,0,0
prothomalo:https://www.prothomalo.com/business/economics/1u4zvrccuw,prothomalo,bn,https://www.prothomalo.com/business/economics/1u4zvrccuw,2022-08-20,ফ্ল্যাটের দাম আরও নাগালের বাইরে,2022,4,False,True,0,1,0,0,0,0,0,0,0,1,0,0,0,1,0,0
prothomalo:https://www.prothomalo.com/bangladesh/5g3wk163x0,prothomalo,bn,https://www.prothomalo.com/bangladesh/5g3wk163x0,2022-08-19,ভর্তুকি জেনে বিদ্যুতের দাম বাড়ানোর সিদ্ধান্ত,2022,16,False,True,1,2,0,0,0,0,0,0,0,0,0,0,1,16,0,0
prothomalo:https://www.prothomalo.com/business/97ffq0rqpq,prothomalo,bn,https://www.prothomalo.com/business/97ffq0rqpq,2022-08-19,ভোক্তার পক্ষে কেউ নেই বলে অযৌক্তিক দাম বাড়ছে বাজারে,2022,5,False,True,0,1,0,0,0,0,0,0,1,2,0,0,0,1,0,0
prothomalo:https://www.prothomalo.com/business/h2ig8ti7sa,prothomalo,bn,https://www.prothomalo.com/business/h2ig8ti7sa,2022-08-19,নানা ছুতায় বাড়ে সবজির দাম,2022,10,False,True,0,0,0,0,0,0,0,1,0,0,0,0,1,2,0,0
prothomalo:https://www.prothomalo.com/bangladesh/district/ya5w0ure1a,prothomalo,bn,https://www.prothomalo.com/bangladesh/district/ya5w0ure1a,2022-08-17,"সবজি, ডিম–মুরগির দাম চড়া",2022,4,False,True,1,2,0,0,0,0,0,0,0,0,0,0,0,0,0,0
prothomalo:https://www.prothomalo.com/business/economics/kg1ba5eumf,prothomalo,bn,https://www.prothomalo.com/business/economics/kg1ba5eumf,2022-08-17," চালের দাম ৪ টাকা বাড়ে কোন যুক্তিতে, প্রশ্ন বাণিজ্যমন্ত্রীর",2022,9,False,True,1,5,0,0,0,1,0,0,0,0,0,0,1,2,0,0
prothomalo:https://www.prothomalo.com/opinion/column/ufbdjf6y2b,prothomalo,bn,https://www.prothomalo.com/opinion/column/ufbdjf6y2b,2022-08-17,দাম বাড়ানোই একমাত্র সমাধান নয়,2022,5,False,True,1,5,1,2,1,8,0,1,0,0,0,0,1,4,0,0
prothomalo:https://www.prothomalo.com/business/world-business/d3ilnill06,prothomalo,bn,https://www.prothomalo.com/business/world-business/d3ilnill06,2022-08-16,বিশ্ববাজারে জ্বালানির দাম আবার কমল,2022,16,True,True,1,12,0,0,0,0,0,0,0,0,0,0,0,0,0,0
prothomalo:https://www.prothomalo.com/business/bzpn2s6oon,prothomalo,bn,https://www.prothomalo.com/business/bzpn2s6oon,2022-08-15,আটার দাম এখন চালের সমান,2022,3,False,True,0,0,0,0,0,0,0,0,0,0,0,0,0,0,0,0
prothomalo:https://www.prothomalo.com/opinion/column/myhce4f92n,prothomalo,bn,https://www.prothomalo.com/opinion/column/myhce4f92n,2022-08-15,দাম বাড়ার চাপ ও জুতার মাপে পা কাটা জীবন,2022,12,False,True,1,4,1,2,0,1,0,1,1,6,0,0,0,0,0,0
prothomalo:https://www.prothomalo.com/business/t5k3rmhrt4,prothomalo,bn,https://www.prothomalo.com/business/t5k3rmhrt4,2022-08-14,রেস্তোরাঁয় আরেক দফা বাড়ছে খাবারের দাম,2022,3,False,True,0,0,0,0,0,0,0,0,0,1,0,0,0,0,0,0
prothomalo:https://www.prothomalo.com/bangladesh/m2fqokp5u0,prothomalo,bn,https://www.prothomalo.com/bangladesh/m2fqokp5u0,2022-08-14,বাংলাদেশে জ্বালানির দাম: ‘আমি হয়তো রাস্তায় ভিক্ষা করতে শুরু করব’,2022,16,True,True,1,3,0,1,0,0,0,0,0,1,0,0,0,1,1,3
prothomalo:https://www.prothomalo.com/opinion/column/zal44qn3yg,prothomalo,bn,https://www.prothomalo.com/opinion/column/zal44qn3yg,2022-08-12,"বিশ্বে জ্বালানির দাম কমছে, এখানে বাড়ানোর যুক্তি কী",2022,43,True,True,1,5,0,0,0,0,1,2,1,7,0,0,1,14,0,0
prothomalo:https://www.prothomalo.com/bangladesh/district/eijaxun51w,prothomalo,bn,https://www.prothomalo.com/bangladesh/district/eijaxun51w,2022-08-12,বগুড়ায় হাঁসের ডিমের দাম হালি ৬০ টাকা,2022,4,False,True,1,3,0,0,0,0,0,1,0,1,0,0,0,1,0,0
prothomalo:https://www.prothomalo.com/business/wuujalit4d,prothomalo,bn,https://www.prothomalo.com/business/wuujalit4d,2022-08-11,চাল ডিম তেল ময়দা সবকিছুর দাম বাড়তি,2022,4,False,True,0,0,0,0,0,0,0,0,0,0,0,0,0,0,0,0
prothomalo:https://www.prothomalo.com/business/hcpig25rl7,prothomalo,bn,https://www.prothomalo.com/business/hcpig25rl7,2022-08-11,নওগাঁর মোকামে চালের দাম ঊর্ধ্বমুখী,2022,5,False,True,0,0,0,0,0,0,0,0,0,0,0,0,0,0,0,0
prothomalo:https://www.prothomalo.com/business/9vzy1oxqrt,prothomalo,bn,https://www.prothomalo.com/business/9vzy1oxqrt,2022-08-11,তিন কারণে বাড়ছে রডের দাম,2022,4,False,True,1,4,0,0,0,0,0,0,0,0,0,0,1,2,0,0
prothomalo:https://www.prothomalo.com/business/industry/08sbhlz65x,prothomalo,bn,https://www.prothomalo.com/business/industry/08sbhlz65x,2022-08-09,সিমেন্টের দাম বেড়েছে ২০–৫০ টাকা,2022,13,False,True,1,5,0,0,0,0,0,0,0,0,0,0,1,2,0,0
prothomalo:https://www.prothomalo.com/bangladesh/district/1buxhz1l9p,prothomalo,bn,https://www.prothomalo.com/bangladesh/district/1buxhz1l9p,2022-08-09,‘দাম না পাইলে আবাদ ছাড়ি দেওয়ার নাগিবে’,2022,11,False,True,0,0,0,0,0,0,0,0,0,1,0,0,0,0,0,0
prothomalo:https://www.prothomalo.com/opinion/column/p99o84r8qb,prothomalo,bn,https://www.prothomalo.com/opinion/column/p99o84r8qb,2022-08-09,জ্বালানির দাম: ইউরোপ-আমেরিকার সঙ্গে তুলনা কেন?,2022,8,True,True,1,4,0,0,0,0,0,1,0,1,0,0,0,0,0,0
prothomalo:https://www.prothomalo.com/politics/6vwxeijfr7,prothomalo,bn,https://www.prothomalo.com/politics/6vwxeijfr7,2022-08-08,বৈশ্বিক সংকটের কারণেই জ্বালানির দাম বাড়াতে হয়েছে: তথ্যমন্ত্রী,2022,13,True,True,1,8,0,0,0,0,0,1,0,0,0,0,1,4,0,0
prothomalo:https://www.prothomalo.com/opinion/column/apgccq3sff,prothomalo,bn,https://www.prothomalo.com/opinion/column/apgccq3sff,2022-08-08,মধ্যরাতের ভয় ও দাম বাড়ানোর গণশাস্তি,2022,12,False,True,1,4,0,0,1,5,1,6,0,1,0,0,1,3,0,0
prothomalo:https://www.prothomalo.com/bangladesh/5wenwgwk34,prothomalo,bn,https://www.prothomalo.com/bangladesh/5wenwgwk34,2022-08-07,জ্বালানির বর্ধিত দাম প্রত্যাহার দাবিতে শাহবাগে লাগাতার অবস্থান,2022,11,False,True,0,0,0,0,0,0,0,0,0,0,0,0,0,0,1,11
prothomalo:https://www.prothomalo.com/business/economics/dtl8o3775t,prothomalo,bn,https://www.prothomalo.com/business/economics/dtl8o3775t,2022-08-07,"জিনিসপত্রের দাম বাড়বে, ভুক্তভোগী হবে মধ্যবিত্তরা",2022,10,False,True,0,1,0,0,0,0,0,0,1,3,0,0,1,2,0,0
prothomalo:https://www.prothomalo.com/business/analysis/m36zqjgcjf,prothomalo,bn,https://www.prothomalo.com/business/analysis/m36zqjgcjf,2022-08-10,"জি-গ্যাস, ডি-ডিজেল, পি-পেট্রল",2022,8,True,True,0,0,0,0,0,1,0,0,0,0,0,0,1,3,0,0
prothomalo:https://www.prothomalo.com/fun/dsuolcr09u,prothomalo,bn,https://www.prothomalo.com/fun/dsuolcr09u,2022-08-09,"হাওয়ার ওপর চলে গাড়ি, লাগে না পেট্রল–ডিজেল ",2022,8,True,True,0,0,0,0,0,0,0,0,0,0,0,0,0,0,0,0
prothomalo:https://www.prothomalo.com/photo/1x3t1lsbbp,prothomalo,bn,https://www.prothomalo.com/photo/1x3t1lsbbp,2022-08-06,জ্বালানির দাম বৃদ্ধিতে মধ্যরাতে পেট্রল পাম্পে ভিড়,2022,5,True,True,0,0,0,0,0,0,0,0,0,0,0,0,0,0,0,0
prothomalo:https://www.prothomalo.com/bangladesh/district/jlyvft6p6o,prothomalo,bn,https://www.prothomalo.com/bangladesh/district/jlyvft6p6o,2022-08-06,আড়াই ঘণ্টা দাঁড়িয়ে থেকে মিলল মাত্র ১০০ টাকার অকটেন,2022,24,True,True,0,0,0,0,0,0,0,0,0,1,0,0,0,0,0,1
prothomalo:https://www.prothomalo.com/bangladesh/district/24al54ptc4,prothomalo,bn,https://www.prothomalo.com/bangladesh/district/24al54ptc4,2022-08-18,‘ইলিশ কি ডিজেল খায়’,2022,14,True,True,0,0,0,0,0,0,0,0,0,1,0,0,0,0,0,0
prothomalo:https://www.prothomalo.com/opinion/column/pznu6m1vkn,prothomalo,bn,https://www.prothomalo.com/opinion/column/pznu6m1vkn,2022-08-13,"সেচে বাড়তি ডিজেল খরচ, খাদ্যনিরাপত্তার কী হবে",2022,29,True,True,1,3,0,0,0,0,0,1,0,0,0,0,0,0,0,0
prothomalo:https://www.prothomalo.com/bangladesh/pslzkgqtwh,prothomalo,bn,https://www.prothomalo.com/bangladesh/pslzkgqtwh,2022-08-10,পেট্রল-অকটেনে লিটারে ২৫ টাকা লাভ বিপিসির,2022,52,True,True,0,1,0,0,0,0,0,0,0,0,0,0,1,6,0,0
prothomalo:https://www.prothomalo.com/chakri/employment/fuambihyow,prothomalo,bn,https://www.prothomalo.com/chakri/employment/fuambihyow,2022-08-08,বাসের ভাড়া বৃদ্ধি: চাকরিপ্রার্থীদের ‘মড়ার উপর খাঁড়ার ঘা’,2022,3,False,True,0,0,0,0,0,0,0,0,0,0,0,0,0,0,0,0
prothomalo:https://www.prothomalo.com/opinion/interview/q138y8my4b,prothomalo,bn,https://www.prothomalo.com/opinion/interview/q138y8my4b,2022-08-07,জ্বালানির দাম বাড়ানোর পদ্ধতি বিস্মিত করেছে,2022,33,True,True,1,8,0,0,0,0,1,3,0,0,0,1,1,2,0,0
prothomalo:https://www.prothomalo.com/bangladesh/w8q9db7940,prothomalo,bn,https://www.prothomalo.com/bangladesh/w8q9db7940,2022-08-07,আমদানির টাকা থাকত না দাম না বাড়ালে,2022,32,False,True,1,4,0,0,0,0,1,7,0,0,0,0,1,7,0,0
prothomalo:https://www.prothomalo.com/business/world-business/80g2m4by95,prothomalo,bn,https://www.prothomalo.com/business/world-business/80g2m4by95,2022-08-07,বিশ্ববাজারে কমলেও এশিয়ার জন্য দাম বাড়াল সৌদি আরব,2022,10,False,True,1,10,0,0,0,0,0,0,0,0,0,0,0,0,0,0
prothomalo:https://www.prothomalo.com/opinion/editorial/xsnsf5awec,prothomalo,bn,https://www.prothomalo.com/opinion/editorial/xsnsf5awec,2022-08-07,দাম সহনীয় পর্যায়ে নিয়ে আসুন,2022,17,False,True,1,3,0,1,0,0,0,1,1,3,0,0,1,2,0,1
prothomalo:https://www.prothomalo.com/bangladesh/2chqoc6owa,prothomalo,bn,https://www.prothomalo.com/bangladesh/2chqoc6owa,2022-08-06,জ্বালানির বর্ধিত দাম না কমালে সাংবাদিকরাও আন্দোলনে নামবেন,2022,8,False,True,0,1,0,0,0,0,0,0,0,0,0,0,0,0,0,1
prothomalo:https://www.prothomalo.com/video/bangladesh/ceur4c9ygt,prothomalo,bn,https://www.prothomalo.com/video/bangladesh/ceur4c9ygt,2022-08-06,এবার বাড়লো জ্বালানির দাম: মানুষের স্বস্তি কোথায়!,2022,2,True,True,0,0,0,0,0,0,0,0,0,0,0,0,0,0,0,0
prothomalo:https://www.prothomalo.com/opinion/column/7bhw2rljoo,prothomalo,bn,https://www.prothomalo.com/opinion/column/7bhw2rljoo,2022-08-06,"অন্যায়ভাবে জ্বালানির দাম বাড়ানো হয়েছে, আমরা আতঙ্কিত",2022,16,True,True,1,4,0,0,0,0,0,0,1,2,0,0,1,12,0,0
prothomalo:https://www.prothomalo.com/bangladesh/district/d61uyj4kd2,prothomalo,bn,https://www.prothomalo.com/bangladesh/district/d61uyj4kd2,2022-08-06,"‘যেভাবে দাম বাড়ছে, চাষবাস করে আর সংসার চালানো লাগবে না’",2022,12,False,True,0,0,0,0,0,0,0,0,0,0,0,0,1,4,0,0
prothomalo:https://www.prothomalo.com/politics/ssot7e8wyv,prothomalo,bn,https://www.prothomalo.com/politics/ssot7e8wyv,2022-08-06,দাম বাড়িয়ে দেশকে শ্রীলঙ্কার দিকে ঠেলে দেওয়া হয়েছে,2022,4,False,True,1,2,0,0,0,0,0,0,0,0,0,0,0,0,1,5
prothomalo:https://www.prothomalo.com/bangladesh/t267g3u5wc,prothomalo,bn,https://www.prothomalo.com/bangladesh/t267g3u5wc,2022-08-06,নিরুপায় হয়েই জ্বালানির দাম সমন্বয় করেছে সরকার: নসরুল হামিদ,2022,33,True,True,1,5,0,0,0,0,1,2,0,0,0,0,1,3,0,1
prothomalo:https://www.prothomalo.com/bangladesh/q0frtounrb,prothomalo,bn,https://www.prothomalo.com/bangladesh/q0frtounrb,2022-08-06,জ্বালানির দাম বাড়ায় পেট্রলপাম্পে যানবাহনের দীর্ঘ লাইন,2022,30,True,True,0,0,0,0,0,0,0,0,0,0,0,0,0,0,0,0
prothomalo:https://www.prothomalo.com/bangladesh/f9l3t2ox1s,prothomalo,bn,https://www.prothomalo.com/bangladesh/f9l3t2ox1s,2022-08-05,"ডিজেলের দাম লিটারে ৩৪, পেট্রলে ৪৪ টাকা বাড়ল",2022,20,True,True,0,0,0,0,0,0,0,0,0,0,0,0,1,2,0,0
prothomalo:https://www.prothomalo.com/bangladesh/capital/79trf13a6f,prothomalo,bn,https://www.prothomalo.com/bangladesh/capital/79trf13a6f,2022-08-31,গণপরিবহনের ভাড়া পুনর্নির্ধারণের বৈঠক বিকেলে,2022,19,False,True,0,1,0,0,0,0,0,0,0,0,0,0,0,1,0,0
prothomalo:https://www.prothomalo.com/politics/3ou7ui2jhv,prothomalo,bn,https://www.prothomalo.com/politics/3ou7ui2jhv,2022-08-29,এটা ‘গরু মেরে জুতা দান’ ছাড়া আর কিছু নয়: মান্না,2022,25,False,True,1,2,0,0,1,2,0,0,0,0,0,0,1,2,0,0
prothomalo:https://www.prothomalo.com/bangladesh/7pv85qhm1j,prothomalo,bn,https://www.prothomalo.com/bangladesh/7pv85qhm1j,2022-08-08,পরিবহনে সরকারনির্ধারিত ভাড়ার বেশি নিলে ব্যবস্থা: তথ্যমন্ত্রী,2022,15,False,True,1,2,0,0,0,0,0,0,0,0,0,0,0,0,0,0
prothomalo:https://www.prothomalo.com/bangladesh/w355wwg4gr,prothomalo,bn,https://www.prothomalo.com/bangladesh/w355wwg4gr,2022-08-31,বাসভাড়া কিলোমিটারে ৫ পয়সা কমানোর সিদ্ধান্ত,2022,15,False,True,0,0,0,0,0,0,0,0,0,0,0,0,0,0,0,0
prothomalo:https://www.prothomalo.com/bangladesh/u0nq6blwev,prothomalo,bn,https://www.prothomalo.com/bangladesh/u0nq6blwev,2022-08-30,"একে মশকরা, তামাশা বলছেন পাঠকেরা",2022,26,False,True,0,0,0,0,0,0,0,0,0,0,0,0,0,0,0,0
prothomalo:https://www.prothomalo.com/business/analysis/6r2viekkzj,prothomalo,bn,https://www.prothomalo.com/business/analysis/6r2viekkzj,2022-08-07,ট্রাক-ট্রেলরভাড়া ৪০% বাড়তে পারে,2022,8,False,True,0,0,0,0,0,0,0,0,0,0,0,0,0,0,0,0
prothomalo:https://www.prothomalo.com/bangladesh/unplkw2ihp,prothomalo,bn,https://www.prothomalo.com/bangladesh/unplkw2ihp,2022-08-07,ঢাকা থেকে দূরপাল্লার বাসে সর্বোচ্চ ২০০ টাকা পর্যন্ত বাড়তি ভাড়া,2022,8,False,True,0,0,0,0,0,0,0,0,0,0,0,0,0,0,0,0
prothomalo:https://www.prothomalo.com/business/economics/wkwbzcaois,prothomalo,bn,https://www.prothomalo.com/business/economics/wkwbzcaois,2022-08-07,মূল্যবৃদ্ধির সঙ্গে আইএমএফের ঋণের কোনো সম্পর্ক নেই,2022,16,False,True,1,7,0,0,0,0,0,0,0,0,0,0,1,2,0,0
prothomalo:https://www.prothomalo.com/bangladesh/hs6q2fc8qi,prothomalo,bn,https://www.prothomalo.com/bangladesh/hs6q2fc8qi,2022-08-06,ঢাবিতে ছাত্র অধিকার পরিষদের বিক্ষোভে ছাত্রলীগের বাধা,2022,11,False,True,0,0,0,1,1,2,0,0,0,0,0,0,0,0,1,16
prothomalo:https://www.prothomalo.com/opinion/editorial/timijo10ph,prothomalo,bn,https://www.prothomalo.com/opinion/editorial/timijo10ph,2022-08-18,শুল্ক প্রত্যাহারের দাবি যৌক্তিক,2022,20,False,True,1,5,0,0,0,0,0,0,0,0,0,0,0,0,0,0
prothomalo:https://www.prothomalo.com/bangladesh/district/pwtfg3jpew,prothomalo,bn,https://www.prothomalo.com/bangladesh/district/pwtfg3jpew,2022-08-08,কক্সবাজার থেকে ঢাকা পৌঁছাতে প্রতি কেজি মাছে খরচ বেড়েছে ২০ টাকা,2022,7,False,True,0,0,0,0,0,0,0,0,0,1,0,0,0,0,0,0
prothomalo:https://www.prothomalo.com/opinion/editorial/bwm9uoo1hd,prothomalo,bn,https://www.prothomalo.com/opinion/editorial/bwm9uoo1hd,2022-08-31,কষ্টে থাকা মানুষেরা আদৌ উপকৃত হবে কি,2022,23,False,True,1,4,0,0,0,0,0,0,0,0,0,0,0,0,0,0
prothomalo:https://www.prothomalo.com/bangladesh/district/r6fekiatj7,prothomalo,bn,https://www.prothomalo.com/bangladesh/district/r6fekiatj7,2022-08-08,কৃষকের কপালে দুশ্চিন্তার ভাঁজ ,2022,27,False,True,0,0,0,0,0,0,0,0,1,2,0,0,0,0,0,0
prothomalo:https://www.prothomalo.com/politics/uuq99rrmf4,prothomalo,bn,https://www.prothomalo.com/politics/uuq99rrmf4,2022-08-06,জ্বালানির মূল্যবৃদ্ধির কারণে দুর্বিষহ হবে জনজীবন,2022,18,False,True,1,3,1,2,1,2,0,1,1,3,0,0,0,0,1,18
prothomalo:https://www.prothomalo.com/bangladesh/ty6lfjjiv6,prothomalo,bn,https://www.prothomalo.com/bangladesh/ty6lfjjiv6,2022-08-29,ঘোড়াটা আগে বাঁধা উচিত ছিল,2022,23,False,True,1,4,0,0,0,0,0,0,0,0,0,0,0,0,0,0
prothomalo:https://www.prothomalo.com/bangladesh/capital/ab0sfw6ljs,prothomalo,bn,https://www.prothomalo.com/bangladesh/capital/ab0sfw6ljs,2022-08-06,দূরপাল্লার বাসে যেমন ইচ্ছা তেমন ভাড়া,2022,12,False,True,0,0,0,0,0,0,0,0,0,0,0,0,0,0,0,0
prothomalo:https://www.prothomalo.com/politics/8nhokpkyva,prothomalo,bn,https://www.prothomalo.com/politics/8nhokpkyva,2022-08-06,সরকার ‘গণদুশমনে’ পরিণত হয়েছে: ছাত্র ফেডারেশন,2022,16,False,True,0,1,1,3,1,8,0,0,1,3,0,0,0,0,1,22
prothomalo:https://www.prothomalo.com/politics/52bmrsjhyt,prothomalo,bn,https://www.prothomalo.com/politics/52bmrsjhyt,2022-08-10,এই সরকারেরও জবাব পাওয়ার সময় হয়েছে,2022,11,False,True,0,1,0,1,1,3,1,2,0,0,0,0,1,2,1,10
prothomalo:https://www.prothomalo.com/bangladesh/district/glinpj475b,prothomalo,bn,https://www.prothomalo.com/bangladesh/district/glinpj475b,2022-08-09,"৫০০০ ট্রলার ঘাটে, সাগরে মাছ ধরা নিয়ে দুশ্চিন্তায় জেলেরা",2022,16,False,True,0,0,0,0,0,0,0,0,0,0,0,0,1,4,0,0
prothomalo:https://www.prothomalo.com/business/market/8wy71oyh70,prothomalo,bn,https://www.prothomalo.com/business/market/8wy71oyh70,2022-08-12,ফ্লোর প্রাইস তুলে নেওয়ার গুজবে আরও কমল সূচক,2022,4,False,True,0,0,0,0,0,0,0,0,0,0,0,0,0,0,0,0
prothomalo:https://www.prothomalo.com/business/market/rcmbau4r4z,prothomalo,bn,https://www.prothomalo.com/business/market/rcmbau4r4z,2022-08-11,জ্বালানির মূল্যবৃদ্ধির প্রভাব পড়েছে শেয়ারবাজারেও,2022,14,False,True,0,0,0,0,0,0,0,0,0,0,0,0,0,0,0,0
prothomalo:https://www.prothomalo.com/bangladesh/nykff7l65u,prothomalo,bn,https://www.prothomalo.com/bangladesh/nykff7l65u,2022-08-06,পরিবহনভাড়া নিয়ে বিকেলে বৈঠক,2022,15,False,True,0,0,0,0,0,0,0,0,0,0,0,0,0,0,0,0
prothomalo:https://www.prothomalo.com/business/t5d57ki290,prothomalo,bn,https://www.prothomalo.com/business/t5d57ki290,2022-08-10,ডেবিট ও ক্রেডিট কার্ডে লেনদেন কমে গেছে,2022,3,False,True,1,5,0,0,0,0,0,0,0,0,0,0,0,0,0,0
prothomalo:https://www.prothomalo.com/politics/pqj7t8z1og,prothomalo,bn,https://www.prothomalo.com/politics/pqj7t8z1og,2022-08-07,শ্রীলঙ্কা বানানোর আগেই সরকারের পতন ঘটাতে হবে: জোনায়েদ সাকি,2022,10,False,True,1,2,1,2,0,1,0,0,0,0,0,0,0,1,1,6
prothomalo:https://www.prothomalo.com/opinion/editorial/d2lvuhmuh4,prothomalo,bn,https://www.prothomalo.com/opinion/editorial/d2lvuhmuh4,2022-08-25,বিপিসি কি জবাবদিহির ঊর্ধ্বে,2022,17,True,True,0,0,1,2,0,1,0,0,0,0,0,0,0,1,0,0
prothomalo:https://www.prothomalo.com/video/bangladesh/jzg1cn4ihg,prothomalo,bn,https://www.prothomalo.com/video/bangladesh/jzg1cn4ihg,2022-08-07,‘সামনে বিপিসি ব্যাপক মুনাফা করবে’: ম. তামিম,2022,2,True,True,0,0,0,0,0,0,0,0,0,0,0,0,0,0,0,0
prothomalo:https://www.prothomalo.com/business/industry/yoa3s8z2uv,prothomalo,bn,https://www.prothomalo.com/business/industry/yoa3s8z2uv,2022-08-02,"উৎপাদন কমছে, লোকসান বাড়ছে, উদ্বিগ্ন উদ্যোক্তারা",2022,3,False,True,0,0,0,0,0,0,0,0,0,0,0,0,1,3,0,0
prothomalo:https://www.prothomalo.com/bangladesh/z4c6h6ziss,prothomalo,bn,https://www.prothomalo.com/bangladesh/z4c6h6ziss,2022-08-26,রাশিয়া থেকে তেল আমদানি সম্ভব নয় ,2022,5,False,True,1,8,0,0,0,0,0,0,0,0,0,0,0,1,0,0
prothomalo:https://www.prothomalo.com/business/economics/auebwv5k2i,prothomalo,bn,https://www.prothomalo.com/business/economics/auebwv5k2i,2022-08-25,পুরোনো দামে কেনা তেল বিক্রি হচ্ছে নতুন দামে,2022,4,False,True,0,0,0,0,0,0,0,0,0,0,0,0,0,0,0,0
prothomalo:https://www.prothomalo.com/opinion/column/pycsduvrtp,prothomalo,bn,https://www.prothomalo.com/opinion/column/pycsduvrtp,2022-08-23,"রাশিয়া থেকে তেল আমদানি, আলোচনায় যখন সোয়াপ",2022,3,False,True,1,3,0,0,0,0,0,1,0,0,0,0,1,2,0,0
prothomalo:https://www.prothomalo.com/bangladesh/pmx6xqngsz,prothomalo,bn,https://www.prothomalo.com/bangladesh/pmx6xqngsz,2022-08-21,তেল আমদানিতে ব্যবহার করতে হবে দেশি জাহাজও,2022,16,False,True,0,0,0,0,0,0,0,0,0,0,0,0,0,1,0,0
prothomalo:https://www.prothomalo.com/business/economics/7gj1dksxqa,prothomalo,bn,https://www.prothomalo.com/business/economics/7gj1dksxqa,2022-08-21,তেল কোম্পানিগুলোর বৃহস্পতি এখন তুঙ্গে,2022,3,False,True,1,2,0,0,0,0,0,0,0,0,0,0,0,0,0,0
prothomalo:https://www.prothomalo.com/bangladesh/865qk2xbne,prothomalo,bn,https://www.prothomalo.com/bangladesh/865qk2xbne,2022-08-20,"তেল বিদেশি জাহাজেই আসবে, নাকি দেশি জাহাজেও আনা হবে: সিদ্ধান্ত নিতে বৈঠক রোববার",2022,34,False,True,0,0,0,0,0,0,0,0,0,0,0,0,0,1,0,0
prothomalo:https://www.prothomalo.com/opinion/column/12pzhcsz2b,prothomalo,bn,https://www.prothomalo.com/opinion/column/12pzhcsz2b,2022-08-18,বিকল্প মুদ্রায় তেল কেনায় ঝুঁকি থাকবে,2022,6,False,True,1,2,0,0,0,0,0,0,0,0,0,0,1,2,0,0
prothomalo:https://www.prothomalo.com/business/economics/onrsnkfhao,prothomalo,bn,https://www.prothomalo.com/business/economics/onrsnkfhao,2022-08-16,"রাশিয়া থেকে তেল কেনার 
বিষয়টি পর্যালোচনা হচ্ছে",2022,5,False,True,0,0,0,0,0,0,0,0,0,0,0,0,0,0,0,0
prothomalo:https://www.prothomalo.com/business/boi7xxuuuv,prothomalo,bn,https://www.prothomalo.com/business/boi7xxuuuv,2022-08-15,তেল বেচে রেকর্ড মুনাফা করল সৌদি আরামকো,2022,3,False,True,1,6,0,0,0,0,0,0,0,0,0,0,0,1,0,0
prothomalo:https://www.prothomalo.com/world/india/1lo0cm42ce,prothomalo,bn,https://www.prothomalo.com/world/india/1lo0cm42ce,2022-08-14,রাশিয়ার তেল থেকে বানানো প্লাষ্টিক ভারত হয়ে যাচ্ছে ওয়াশিংটনে,2022,3,False,True,1,5,0,0,0,0,0,0,0,0,0,0,0,0,0,0
prothomalo:https://www.prothomalo.com/bangladesh/district/6oealah006,prothomalo,bn,https://www.prothomalo.com/bangladesh/district/6oealah006,2022-08-08,মুদিদোকানের গুদাম থেকে হাজার লিটার টিসিবির সয়াবিন তেল উদ্ধার,2022,3,False,True,0,0,0,0,0,0,0,0,0,1,0,0,0,0,0,0
prothomalo:https://www.prothomalo.com/business/economics/z4vkanb300,prothomalo,bn,https://www.prothomalo.com/business/economics/z4vkanb300,2022-08-05,"পোয়াবারো তেল কোম্পানির, বিশেষ করের প্রস্তাব",2022,4,False,True,1,3,0,0,0,0,0,0,0,0,0,0,0,0,0,0
prothomalo:https://www.prothomalo.com/bangladesh/capital/wz2egz1opr,prothomalo,bn,https://www.prothomalo.com/bangladesh/capital/wz2egz1opr,2022-08-04,মাপে তেল কম দেওয়ার অভিযোগে সেই পেট্রলপাম্পকে ১ লাখ টাকা জরিমানা,2022,5,True,True,0,0,0,0,0,0,0,0,0,0,0,0,0,0,0,1
prothomalo:https://www.prothomalo.com/bangladesh/capital/k4xcoho9lp,prothomalo,bn,https://www.prothomalo.com/bangladesh/capital/k4xcoho9lp,2022-08-02,কম তেল দেওয়ায় রাজধানীর সেই পেট্রলপাম্পকে জরিমানা,2022,12,True,True,0,0,0,0,0,0,0,0,0,0,0,0,0,0,0,1
prothomalo:https://www.prothomalo.com/bangladesh/jaj4cuqw1z,prothomalo,bn,https://www.prothomalo.com/bangladesh/jaj4cuqw1z,2022-08-24,উচ্চবিত্ত-উচ্চমধ্যবিত্ত ছাড়া সবাই কষ্টে আছে: গোলাম রহমান,2022,14,False,True,0,0,0,0,0,1,0,0,1,3,0,0,1,6,0,0
prothomalo:https://www.prothomalo.com/bangladesh/g1k7mm9ugd,prothomalo,bn,https://www.prothomalo.com/bangladesh/g1k7mm9ugd,2022-08-24,বিপিসির অনিয়ম দেখে ‘স্তম্ভিত’ সংসদীয় কমিটি,2022,28,True,True,1,2,0,1,0,0,0,0,0,0,0,0,1,2,0,0
prothomalo:https://www.prothomalo.com/bangladesh/district/sifkowmjmh,prothomalo,bn,https://www.prothomalo.com/bangladesh/district/sifkowmjmh,2022-08-07,খুলনায় চলছে ২৪ ঘণ্টার ট্যাংকলরি ধর্মঘট,2022,12,False,True,0,0,0,0,0,0,0,0,0,0,0,0,0,0,1,7
prothomalo:https://www.prothomalo.com/bangladesh/sw05krtvv7,prothomalo,bn,https://www.prothomalo.com/bangladesh/sw05krtvv7,2022-08-06,এত মূল্যবৃদ্ধির ভার সাধারণ মানুষ বইতে পারবে না: ম তামিম,2022,17,False,True,1,2,0,0,0,0,0,0,0,1,0,0,1,26,0,0
prothomalo:https://www.prothomalo.com/bangladesh/district/ci8qvsrmqj,prothomalo,bn,https://www.prothomalo.com/bangladesh/district/ci8qvsrmqj,2022-08-07,খুলনায় ট্যাংকলরি ধর্মঘট প্রত্যাহার,2022,13,False,True,0,0,0,0,0,0,0,0,0,0,0,0,0,0,1,9
prothomalo:https://www.prothomalo.com/bangladesh/district/6am6goopwa,prothomalo,bn,https://www.prothomalo.com/bangladesh/district/6am6goopwa,2022-08-27,১৫০ আসনে ইভিএমে ভোট নেওয়ার সিদ্ধান্ত উদ্দেশ্যপ্রণোদিত,2022,7,False,True,0,1,0,0,0,0,0,0,0,0,0,0,0,1,0,0
prothomalo:https://www.prothomalo.com/bangladesh/qbw1y23x4c,prothomalo,bn,https://www.prothomalo.com/bangladesh/qbw1y23x4c,2022-08-28,বিদ্যুৎ উৎপাদন বাড়াতে ডিজেলেই ফিরল সরকার,2022,45,True,True,0,0,0,0,0,0,0,0,0,0,0,0,1,7,0,0
prothomalo:https://www.prothomalo.com/opinion/interview/c4qwakbxjc,prothomalo,bn,https://www.prothomalo.com/opinion/interview/c4qwakbxjc,2022-08-07,কর কমিয়ে জ্বালানির দামের সমন্বয় করা যেত,2022,24,True,True,1,7,0,0,0,0,0,0,1,4,0,0,1,6,0,0
prothomalo:https://www.prothomalo.com/bangladesh/l7qb5mfz8s,prothomalo,bn,https://www.prothomalo.com/bangladesh/l7qb5mfz8s,2022-08-07,ঘাটতির দায় পুরোটাই ভোক্তার ওপর চাপল,2022,54,False,True,1,10,0,0,1,2,1,2,0,1,0,0,1,13,0,0
prothomalo:https://www.prothomalo.com/opinion/column/qk4psf97et,prothomalo,bn,https://www.prothomalo.com/opinion/column/qk4psf97et,2022-08-08,আর্থিক খাতে লুটপাটের দায় জনগণ শোধ করবে কেন?,2022,34,False,True,1,7,0,0,1,2,1,9,0,1,0,0,1,11,0,0
prothomalo:https://www.prothomalo.com/business/economics/gut62izfpa,prothomalo,bn,https://www.prothomalo.com/business/economics/gut62izfpa,2022-08-07,"বেড়ে যাচ্ছে খরচ, দুশ্চিন্তায় ব্যবসায়ীরা",2022,24,False,True,0,0,0,0,0,0,0,0,1,2,0,0,1,2,0,0
prothomalo:https://www.prothomalo.com/opinion/editorial/6g7vab2kpb,prothomalo,bn,https://www.prothomalo.com/opinion/editorial/6g7vab2kpb,2022-08-06,শিল্পকারখানায় উৎপাদন ব্যাহত করা যাবে না,2022,3,False,True,0,1,0,0,0,0,0,0,1,2,0,0,1,2,0,0
prothomalo:https://www.prothomalo.com/politics/3x68lxpygy,prothomalo,bn,https://www.prothomalo.com/politics/3x68lxpygy,2022-08-09,"আওয়ামী লীগ অস্বস্তিতে, পাশে পাচ্ছে না মিত্রদের",2022,35,False,True,1,6,1,5,0,0,0,0,0,1,0,1,1,3,1,13
prothomalo:https://www.prothomalo.com/bangladesh/4oaattmehj,prothomalo,bn,https://www.prothomalo.com/bangladesh/4oaattmehj,2022-08-06,জ্বালানির মূল্যবৃদ্ধিতে মানুষের ওপর ‘চাপ বিপুল বাড়বে’,2022,25,False,True,0,1,0,0,0,1,0,0,0,0,0,0,1,3,0,0
prothomalo:https://www.prothomalo.com/bangladesh/district/ozvo0t6pi1,prothomalo,bn,https://www.prothomalo.com/bangladesh/district/ozvo0t6pi1,2022-08-06,দীর্ঘ সময় দাঁড়িয়েও বাস পাচ্ছেন না যাত্রীরা,2022,5,False,True,0,0,0,0,0,0,0,0,0,0,0,0,0,1,0,0
prothomalo:https://www.prothomalo.com/bangladesh/cmd8yt53hc,prothomalo,bn,https://www.prothomalo.com/bangladesh/cmd8yt53hc,2022-08-17,গ্যাস সম্ভাবনাকে কাজে না লাগিয়ে লুটপাটের সুযোগ করে দেওয়া হয়েছে,2022,6,False,True,0,0,0,0,1,2,0,1,0,0,0,0,1,4,0,0
prothomalo:https://www.prothomalo.com/bangladesh/district/ebzvd6fc0s,prothomalo,bn,https://www.prothomalo.com/bangladesh/district/ebzvd6fc0s,2022-08-25,লোডশেডিংয়ে উৎপাদন ব্যাহত,2022,7,False,True,0,0,0,0,0,0,0,0,0,0,0,0,0,1,0,0
prothomalo:https://www.prothomalo.com/bangladesh/district/cleyufoj86,prothomalo,bn,https://www.prothomalo.com/bangladesh/district/cleyufoj86,2022-08-06,"গাজীপুরে মহাসড়কে বাস কম, অতিরিক্ত ভাড়া আদায়",2022,9,False,True,0,0,0,0,0,0,0,0,0,0,0,0,0,1,0,0
prothomalo:https://www.prothomalo.com/bangladesh/district/uromvf1tb8,prothomalo,bn,https://www.prothomalo.com/bangladesh/district/uromvf1tb8,2022-08-11,"সাগরযাত্রার ব্যয় নিয়ে শঙ্কায় ব্যবসায়ী, জেলে",2022,15,False,True,0,0,0,0,0,0,0,0,0,0,0,0,1,4,0,0
prothomalo:https://www.prothomalo.com/bangladesh/district/h7bqd9jfbo,prothomalo,bn,https://www.prothomalo.com/bangladesh/district/h7bqd9jfbo,2022-08-30,রাঙামাটিতে ১৪৪ ধারা জারির পর বিকল্প স্থানে বিএনপির বিক্ষোভ মিছিল,2022,3,False,True,0,0,1,3,1,2,0,0,0,0,0,0,0,0,1,14
prothomalo:https://www.prothomalo.com/politics/1fxlpucs56,prothomalo,bn,https://www.prothomalo.com/politics/1fxlpucs56,2022-08-17,সবকিছুর মূলে সরকারের দুর্নীতি: মির্জা ফখরুল,2022,3,False,True,0,1,1,5,1,19,0,1,1,2,0,0,0,0,1,5
prothomalo:https://www.prothomalo.com/politics/i69oa4xfk3,prothomalo,bn,https://www.prothomalo.com/politics/i69oa4xfk3,2022-08-31,"সংকটের মূলে সরকারের ভুল নীতি, অব্যবস্থাপনা ",2022,10,False,True,1,8,1,8,1,4,0,1,1,4,0,0,1,2,0,0
prothomalo:https://www.prothomalo.com/business/jsiratdb2i,prothomalo,bn,https://www.prothomalo.com/business/jsiratdb2i,2022-08-29,অস্থির ডলার কবে হবে সুস্থির,2022,6,False,True,1,15,0,0,0,0,0,0,0,0,0,0,0,0,0,0
prothomalo:https://www.prothomalo.com/business/economics/m1mtzxq7ta,prothomalo,bn,https://www.prothomalo.com/business/economics/m1mtzxq7ta,2022-08-08,সরকার ডেকে আনল মূল্যস্ফীতি,2022,22,False,True,1,3,0,1,0,0,1,2,0,1,0,0,1,5,0,0
prothomalo:https://www.prothomalo.com/bangladesh/district/be58avdmjy,prothomalo,bn,https://www.prothomalo.com/bangladesh/district/be58avdmjy,2022-08-15,২১০০ লিটার ডিজেলসহ চোর চক্রের ৩ সদস্য গ্রেপ্তার,2022,4,True,True,0,0,0,0,0,0,0,0,0,0,0,0,0,0,0,0
prothomalo:https://www.prothomalo.com/bangladesh/district/3hc1n80ooz,prothomalo,bn,https://www.prothomalo.com/bangladesh/district/3hc1n80ooz,2022-08-06,"চট্টগ্রাম থেকে দূরপাল্লার বাস ছাড়ছে কম, ভাড়া বেশি",2022,3,False,True,0,0,0,0,0,0,0,0,0,0,0,0,0,1,0,0
prothomalo:https://www.prothomalo.com/business/analysis/7n595qncda,prothomalo,bn,https://www.prothomalo.com/business/analysis/7n595qncda,2022-08-07,জাহাজে পণ্য পরিবহনে খরচ বেড়েছে ৪২.৫%,2022,3,False,True,0,0,0,0,0,0,0,0,0,0,0,0,0,0,0,0
prothomalo:https://www.prothomalo.com/bangladesh/oghag6txo3,prothomalo,bn,https://www.prothomalo.com/bangladesh/oghag6txo3,2022-08-16,ফেরি ভাড়া বাড়ছে ২০ শতাংশ,2022,4,False,True,0,0,0,0,0,0,0,0,0,0,0,0,0,0,0,0
prothomalo:https://www.prothomalo.com/business/world-business/f3llcf9mf8,prothomalo,bn,https://www.prothomalo.com/business/world-business/f3llcf9mf8,2022-08-07,জ্বালানির মূল্যবৃদ্ধির প্রভাব হবে বহুমাত্রিক,2022,9,False,True,0,0,0,0,0,0,0,0,0,0,0,0,0,0,0,0
prothomalo:https://www.prothomalo.com/bangladesh/district/0w84ij7uzr,prothomalo,bn,https://www.prothomalo.com/bangladesh/district/0w84ij7uzr,2022-08-30,বগুড়ায় আমনে বাড়তি খরচ ৪৫১ কোটি টাকা,2022,4,False,True,0,0,0,0,0,0,0,0,0,0,0,0,0,1,0,0
prothomalo:https://www.prothomalo.com/politics/utzj8lufye,prothomalo,bn,https://www.prothomalo.com/politics/utzj8lufye,2022-08-20,২৫ আগস্টের হরতাল সফল করতে বাম জোটের প্রচারণা,2022,3,False,True,0,0,1,2,0,0,0,0,0,0,0,0,0,0,1,11
prothomalo:https://www.prothomalo.com/business/economics/txfvvzxyps,prothomalo,bn,https://www.prothomalo.com/business/economics/txfvvzxyps,2022-08-31,আমদানি-রপ্তানি খাতে সেবা মাশুল কমল,2022,10,False,True,0,0,0,0,0,0,0,0,0,0,0,0,0,0,0,0
prothomalo:https://www.prothomalo.com/bangladesh/district/cj04p8p84l,prothomalo,bn,https://www.prothomalo.com/bangladesh/district/cj04p8p84l,2022-08-07,মাপে কম দেওয়ায় আ.লীগ নেতার ফিলিং স্টেশনকে জরিমানা,2022,4,False,True,0,0,0,0,0,0,0,0,0,0,0,0,0,0,0,0
prothomalo:https://www.prothomalo.com/business/analysis/vrkxgklnfz,prothomalo,bn,https://www.prothomalo.com/business/analysis/vrkxgklnfz,2022-08-07,খাদ্যনিরাপত্তার জন্য কৃষিতে ভর্তুকি লাগবে,2022,4,False,True,1,2,0,0,0,0,0,0,0,0,0,0,1,2,0,0
prothomalo:https://www.prothomalo.com/bangladesh/district/q03toh5n7h,prothomalo,bn,https://www.prothomalo.com/bangladesh/district/q03toh5n7h,2022-08-06,"নারায়ণগঞ্জে গণপরিবহন কম, যাত্রী ভোগান্তি",2022,6,False,True,0,0,0,0,0,0,0,0,0,0,0,0,1,4,0,0
prothomalo:https://www.prothomalo.com/bangladesh/59du77x2o8,prothomalo,bn,https://www.prothomalo.com/bangladesh/59du77x2o8,2022-08-25,চট্টগ্রামে হরতালে পিকেটিংয়ে পুলিশের বাধা,2022,3,False,True,0,0,0,0,1,3,0,0,0,0,0,0,0,0,1,9
prothomalo:https://www.prothomalo.com/bangladesh/7b9xrtvmps,prothomalo,bn,https://www.prothomalo.com/bangladesh/7b9xrtvmps,2022-08-16,নৌযানের ভাড়াও বাড়ল,2022,7,False,True,0,1,0,0,0,0,0,0,0,0,0,0,0,0,0,0
prothomalo:https://www.prothomalo.com/bangladesh/44nsjsgzda,prothomalo,bn,https://www.prothomalo.com/bangladesh/44nsjsgzda,2022-08-08,"বাড়তি ভাড়া আদায়, চট্টগ্রামে ৭ গাড়িচালককে বিআরটিএর জরিমানা",2022,6,False,True,0,0,0,0,0,0,0,0,0,0,0,0,0,0,0,0
prothomalo:https://www.prothomalo.com/politics/s7ye1gepm5,prothomalo,bn,https://www.prothomalo.com/politics/s7ye1gepm5,2022-08-06,অর্থনীতি ভয়াবহ পরিণতির দিকে অগ্রসর হবে: জি এম কাদের,2022,14,False,True,1,2,0,1,0,0,0,0,0,0,0,0,0,0,0,0
prothomalo:https://www.prothomalo.com/bangladesh/district/fn5itya4sg,prothomalo,bn,https://www.prothomalo.com/bangladesh/district/fn5itya4sg,2022-08-19,লঞ্চে নির্ধারিত ভাড়ার চেয়ে বেশি আদায়,2022,9,False,True,0,1,0,0,0,0,0,0,0,0,0,0,0,1,0,0
prothomalo:https://www.prothomalo.com/world/gfn68w9wtr,prothomalo,bn,https://www.prothomalo.com/world/gfn68w9wtr,2022-08-12,বাংলাদেশ নিয়ে ছড়ানো ভিডিওটি সঠিক নয়,2022,9,False,True,0,1,0,0,0,0,0,0,0,0,0,0,0,0,1,5
prothomalo:https://www.prothomalo.com/bangladesh/m2u7pbjy6z,prothomalo,bn,https://www.prothomalo.com/bangladesh/m2u7pbjy6z,2022-08-06,"বাসভাড়া বাড়ছে দূরপাল্লায় কিলোমিটারে ৪০ পয়সা, ঢাকায় ৩৫ পয়সা",2022,9,False,True,0,0,0,0,0,0,0,0,0,0,0,0,0,1,0,0
prothomalo:https://www.prothomalo.com/bangladesh/f1wupddqzu,prothomalo,bn,https://www.prothomalo.com/bangladesh/f1wupddqzu,2022-08-06,কিলোমিটারে বাসভাড়া বাড়তে পারে ২৯ আর লঞ্চে ৪২ পয়সা,2022,21,False,True,0,1,0,0,0,0,0,0,0,0,0,0,0,0,1,3
prothomalo:https://www.prothomalo.com/bangladesh/seul36b3xc,prothomalo,bn,https://www.prothomalo.com/bangladesh/seul36b3xc,2022-08-08,"লঞ্চের ভাড়া পুনর্নির্ধারণে কমিটি গঠন, প্রজ্ঞাপন বুধবার",2022,11,False,True,0,0,0,0,0,0,0,0,0,0,0,0,0,0,0,0
prothomalo:https://www.prothomalo.com/bangladesh/district/4xwtmb6n38,prothomalo,bn,https://www.prothomalo.com/bangladesh/district/4xwtmb6n38,2022-08-06,"চট্টগ্রামে গণপরিবহনসংকট, মোটরসাইকেলে বাড়তি ভাড়া",2022,10,False,True,0,0,0,0,0,0,0,0,0,0,0,0,0,0,0,1
prothomalo:https://www.prothomalo.com/bangladesh/capital/pq6ialoo06,prothomalo,bn,https://www.prothomalo.com/bangladesh/capital/pq6ialoo06,2022-08-06,বাড়তি ভাড়া নিচ্ছে না সদরঘাট রুটের কোনো বাস,2022,14,False,True,0,0,0,0,0,0,0,0,0,0,0,0,0,0,0,0
prothomalo:https://www.prothomalo.com/bangladesh/district/qbh7br98jy,prothomalo,bn,https://www.prothomalo.com/bangladesh/district/qbh7br98jy,2022-08-06,"সিলেটে সিএনজিচালিত অটোরিকশায় বাড়তি ভাড়া, বিপাকে যাত্রীরা",2022,11,False,True,0,0,0,0,0,0,0,0,0,0,0,0,0,0,0,0
prothomalo:https://www.prothomalo.com/opinion/editorial/szmpx2wq1c,prothomalo,bn,https://www.prothomalo.com/opinion/editorial/szmpx2wq1c,2022-08-14,কৃষি বাঁচাতে ডিজেলে ভর্তুকি দিন,2022,17,True,True,0,0,0,0,0,0,0,0,0,1,0,0,1,2,0,0
prothomalo:https://www.prothomalo.com/bangladesh/p7lxaow2jy,prothomalo,bn,https://www.prothomalo.com/bangladesh/p7lxaow2jy,2022-08-07,লঞ্চভাড়া বাড়িয়ে দ্বিগুণ করার প্রস্তাব মালিকদের,2022,11,False,True,1,2,0,0,0,0,0,0,0,0,0,0,0,0,0,1
prothomalo:https://www.prothomalo.com/bangladesh/siz5i7o85a,prothomalo,bn,https://www.prothomalo.com/bangladesh/siz5i7o85a,2022-08-06,"‘বাস নেই, বাধ্য হয়ে হেঁটেই যাচ্ছি পরীক্ষার হলে’",2022,16,False,True,0,0,0,0,0,0,0,0,0,0,0,0,0,1,0,0
prothomalo:https://www.prothomalo.com/bangladesh/district/y6gysk2y1p,prothomalo,bn,https://www.prothomalo.com/bangladesh/district/y6gysk2y1p,2022-08-07,"নন-এসি বাসে ভাড়া বেড়েছে ২০ টাকা, যাত্রীদের ক্ষোভ",2022,13,False,True,0,0,0,1,0,1,0,0,0,0,0,0,0,0,0,0
prothomalo:https://www.prothomalo.com/bangladesh/capital/fm20gfro28,prothomalo,bn,https://www.prothomalo.com/bangladesh/capital/fm20gfro28,2022-08-07, নতুন দামে বিক্রি হচ্ছে বাসের টিকিট,2022,9,False,True,0,0,0,0,0,0,0,0,0,0,0,0,0,0,0,0
prothomalo:https://www.prothomalo.com/bangladesh/mczaldog6k,prothomalo,bn,https://www.prothomalo.com/bangladesh/mczaldog6k,2022-08-08,"ট্রাকভাড়া বেড়েছে ২০%, বাড়তি সবজির দামও ",2022,13,False,True,0,0,0,0,0,0,0,0,0,0,0,0,0,0,0,0
prothomalo:https://www.prothomalo.com/bangladesh/pthhetrult,prothomalo,bn,https://www.prothomalo.com/bangladesh/pthhetrult,2022-08-07,কেরোসিন ও ডিজেলের মূল্যবৃদ্ধির বিপক্ষে আমি,2022,32,True,True,0,0,0,1,0,1,1,7,0,1,0,0,1,4,0,0
prothomalo:https://www.prothomalo.com/bangladesh/district/idyerf5u7v,prothomalo,bn,https://www.prothomalo.com/bangladesh/district/idyerf5u7v,2022-08-06,"কক্সবাজারে বাস উধাও, ফিরতে পারছেন না কয়েক হাজার পর্যটক",2022,15,False,True,0,1,0,0,0,0,0,0,0,1,0,0,0,0,1,5
prothomalo:https://www.prothomalo.com/bangladesh/9li7m1iv53,prothomalo,bn,https://www.prothomalo.com/bangladesh/9li7m1iv53,2022-08-13,পররাষ্ট্রমন্ত্রীর মন্তব্য যেন কাটা ঘায়ে নুনের ছিটা,2022,7,False,True,1,6,0,0,0,0,0,0,0,0,0,0,0,0,0,0
prothomalo:https://www.prothomalo.com/business/world-business/gbnj2v5enc,prothomalo,bn,https://www.prothomalo.com/business/world-business/gbnj2v5enc,2022-09-08,জ্বালানি তেলের দাম ৯০ ডলারের নিচে,2022,16,True,True,1,14,0,0,0,0,0,0,0,0,0,0,0,0,0,0
prothomalo:https://www.prothomalo.com/bangladesh/district/gm2s02j8gn,prothomalo,bn,https://www.prothomalo.com/bangladesh/district/gm2s02j8gn,2022-09-15,মিনি পাম্পে জ্বালানি তেলের অবৈধ ব্যবসা ,2022,20,True,True,0,0,0,0,1,2,0,0,0,0,0,0,0,0,0,0
prothomalo:https://www.prothomalo.com/bangladesh/xsyp2erahl,prothomalo,bn,https://www.prothomalo.com/bangladesh/xsyp2erahl,2022-09-01,জ্বালানি তেলের মূল্য সমন্বয় সবাইকে পীড়া দিচ্ছে: প্রতিমন্ত্রী,2022,2,True,True,1,2,0,0,0,0,0,0,0,0,0,1,1,2,0,0
prothomalo:https://www.prothomalo.com/bangladesh/district/cxnmf9qi8c,prothomalo,bn,https://www.prothomalo.com/bangladesh/district/cxnmf9qi8c,2022-09-10,দুই মাসের মধ্যে সয়াবিন তেলের দাম কমবে: বাণিজ্যমন্ত্রী,2022,6,True,True,1,6,0,0,0,0,0,1,0,0,0,0,0,0,0,0
prothomalo:https://www.prothomalo.com/politics/o3cx5wdhs4,prothomalo,bn,https://www.prothomalo.com/politics/o3cx5wdhs4,2022-09-14,সংবাদ সম্মেলনে প্রধানমন্ত্রী: সাশ্রয়ী মূল্যে ভারত থেকে জ্বালানি তেল আসবে,2022,13,True,True,0,0,0,0,0,0,1,2,0,0,0,0,0,0,0,0
prothomalo:https://www.prothomalo.com/business/world-business/w8jg2wjb84,prothomalo,bn,https://www.prothomalo.com/business/world-business/w8jg2wjb84,2022-09-09,যুক্তরাজ্যে ১৫ হাজার কোটি পাউন্ডের জ্বালানি ভর্তুকি,2022,3,True,True,0,1,0,0,0,0,0,0,0,0,0,0,1,13,0,0
prothomalo:https://www.prothomalo.com/opinion/column/stjk91wnn8,prothomalo,bn,https://www.prothomalo.com/opinion/column/stjk91wnn8,2022-09-08,জ্বালানি ও বিদ্যুৎ খাতে আমদানিনির্ভরতা কীভাবে কমবে,2022,3,False,True,0,1,0,0,0,0,0,0,0,0,0,0,0,1,0,0
prothomalo:https://www.prothomalo.com/bangladesh/hieiwh4ncs,prothomalo,bn,https://www.prothomalo.com/bangladesh/hieiwh4ncs,2022-09-07,জ্বালানি ও খাদ্যে সহায়তার আশ্বাস,2022,7,False,True,1,4,0,0,0,0,1,10,0,0,0,0,0,1,0,0
prothomalo:https://www.prothomalo.com/bangladesh/rbu61bhkdk,prothomalo,bn,https://www.prothomalo.com/bangladesh/rbu61bhkdk,2022-09-06,ভারত থেকে জ্বালানি তেল আমদানির আলোচনায় অগ্রগতি,2022,2,True,True,0,0,0,0,0,0,1,3,0,0,0,0,0,0,0,0
prothomalo:https://www.prothomalo.com/opinion/column/hmp0u83obh,prothomalo,bn,https://www.prothomalo.com/opinion/column/hmp0u83obh,2022-09-05,বাল্টিক দেশগুলো যেভাবে রাশিয়ার জ্বালানি অস্ত্র রুখতে পারে,2022,4,False,True,1,2,0,0,0,1,0,0,1,2,0,0,0,0,0,0
prothomalo:https://www.prothomalo.com/bangladesh/fzy3ixkrpn,prothomalo,bn,https://www.prothomalo.com/bangladesh/fzy3ixkrpn,2022-09-01,অগ্রাধিকার জ্বালানি ও বাণিজ্যে,2022,3,False,True,1,5,0,0,0,0,1,3,0,0,0,0,0,0,0,0
prothomalo:https://www.prothomalo.com/politics/v79ab1pkx4,prothomalo,bn,https://www.prothomalo.com/politics/v79ab1pkx4,2022-09-01,দেশব্যাপী গন্ডগোলের পরিকল্পনা নিয়ে মাঠে নেমেছে বিএনপি: তথ্যমন্ত্রী,2022,3,False,True,0,1,0,0,0,0,0,0,0,0,0,0,0,0,1,4
prothomalo:https://www.prothomalo.com/bangladesh/district/ma04lwp8gu,prothomalo,bn,https://www.prothomalo.com/bangladesh/district/ma04lwp8gu,2022-09-15,"কাপাসিয়ার সেই দুটি পেট্রলপাম্পে অভিযান, জরিমানা",2022,4,True,True,0,0,0,0,0,0,0,0,0,0,0,0,0,0,0,0
prothomalo:https://www.prothomalo.com/bangladesh/district/ltxembfno2,prothomalo,bn,https://www.prothomalo.com/bangladesh/district/ltxembfno2,2022-09-13,টিকে থাকতে লঞ্চ কমিয়ে রোটেশন প্রথা চালুর সিদ্ধান্ত,2022,3,False,True,0,0,0,0,0,0,0,0,0,0,0,0,0,1,0,0
prothomalo:https://www.prothomalo.com/politics/ddlqh1cxo5,prothomalo,bn,https://www.prothomalo.com/politics/ddlqh1cxo5,2022-09-10,"অতীত বলছে, ভয়ভীতির শাসন কখনো দীর্ঘায়িত হয় না: সিপিবি",2022,3,False,True,1,3,1,2,0,0,0,0,1,2,0,0,0,0,1,11
prothomalo:https://www.prothomalo.com/business/world-business/3lr5ixmuki,prothomalo,bn,https://www.prothomalo.com/business/world-business/3lr5ixmuki,2022-09-15,১৪ বছরে সর্বোচ্চ খাদ্যমূল্যস্ফীতি,2022,6,False,True,1,3,0,0,0,0,0,0,0,1,0,0,0,0,0,0
prothomalo:https://www.prothomalo.com/bangladesh/district/vam2z9vq9y,prothomalo,bn,https://www.prothomalo.com/bangladesh/district/vam2z9vq9y,2022-09-10,"বিয়ানীবাজার গ্যাসক্ষেত্রে পুনঃখনন শুরু, দৈনিক ৭ মিলিয়ন ঘনফুট উৎপাদনের সম্ভাবনা",2022,7,False,True,0,0,0,0,0,0,0,0,0,0,0,0,0,0,0,0
prothomalo:https://www.prothomalo.com/bangladesh/zodloi566i,prothomalo,bn,https://www.prothomalo.com/bangladesh/zodloi566i,2022-09-01,ভাড়া কমানোর সুফল পাবেন না যাত্রীরা,2022,7,False,True,0,0,0,0,0,0,0,0,0,0,0,0,0,0,0,0
prothomalo:https://www.prothomalo.com/bangladesh/4jjlanf2pb,prothomalo,bn,https://www.prothomalo.com/bangladesh/4jjlanf2pb,2022-09-01,"‘পাবলিক কি এহন পকেটে পয়সা রাখে, এ ভাড়া দিবো কীভাবে’",2022,7,False,True,0,0,0,0,0,0,0,0,0,0,0,0,0,0,0,0
prothomalo:https://www.prothomalo.com/bangladesh/22wyk1nlgn,prothomalo,bn,https://www.prothomalo.com/bangladesh/22wyk1nlgn,2022-09-14,বিপিসির বিদেশি ঋণে ‘চড়া’ সুদ,2022,33,True,True,0,1,0,0,0,0,0,1,0,0,0,0,0,0,0,0
prothomalo:https://www.prothomalo.com/politics/apxv328k0n,prothomalo,bn,https://www.prothomalo.com/politics/apxv328k0n,2022-09-10,ভারতও এখন আর তাদের ওপর খুশি নয়: মির্জা ফখরুল,2022,3,False,True,0,1,0,0,0,1,1,2,0,0,0,0,0,0,1,10
prothomalo:https://www.prothomalo.com/world/europe/jjt5dbyvfe,prothomalo,bn,https://www.prothomalo.com/world/europe/jjt5dbyvfe,2022-09-07,রাশিয়ার তেল-গ্যাস ছাড়া পশ্চিমারা কি চলতে পারবে,2022,6,False,True,0,0,0,1,0,0,1,7,0,0,0,0,0,0,0,0
prothomalo:https://www.prothomalo.com/bangladesh/0eas5uqvjo,prothomalo,bn,https://www.prothomalo.com/bangladesh/0eas5uqvjo,2022-09-10,ডিজেল আমদানিতে বিকল্প উৎস খুঁজছে সরকার,2022,73,True,True,1,6,0,0,0,0,1,9,0,0,0,0,1,2,0,0
prothomalo:https://www.prothomalo.com/bangladesh/district/6ltbssrh66,prothomalo,bn,https://www.prothomalo.com/bangladesh/district/6ltbssrh66,2022-09-08,সংকটে সামুদ্রিক মৎস্য খাত,2022,16,False,True,0,0,0,0,0,0,0,0,0,1,0,0,1,2,0,0
prothomalo:https://nagorik.prothomalo.com/reader/nshlxftz4e,prothomalo,bn,https://nagorik.prothomalo.com/reader/nshlxftz4e,2022-09-10,মূল্যস্ফীতি ও ব্যাংকিং সুদহার,2022,3,False,True,1,5,0,1,0,0,0,0,0,0,0,0,0,0,0,0
prothomalo:https://www.prothomalo.com/bangladesh/ojnn4qdea4,prothomalo,bn,https://www.prothomalo.com/bangladesh/ojnn4qdea4,2022-09-13,বিআরটিসির বাসে কেন চড়তে চান না যাত্রীরা,2022,3,False,True,0,0,0,0,0,0,0,0,0,0,0,0,1,3,0,0
prothomalo:https://www.prothomalo.com/politics/x0tcm2gifi,prothomalo,bn,https://www.prothomalo.com/politics/x0tcm2gifi,2022-09-02,"শরিকদের সঙ্গে মতপার্থক্য অনেক, যোগাযোগ বাড়াচ্ছে আওয়ামী লীগ",2022,5,False,True,0,0,0,0,0,1,0,0,0,0,0,1,0,0,1,3
prothomalo:https://www.prothomalo.com/business/world-business/7wy8vk3xnf,prothomalo,bn,https://www.prothomalo.com/business/world-business/7wy8vk3xnf,2022-09-01,হাজার কোটি টাকায় বিক্রি হলো পেট্রোম্যাক্সের এলপিজি ব্যবসা,2022,3,False,True,1,6,0,0,0,0,0,0,0,0,0,0,0,0,0,0
prothomalo:https://www.prothomalo.com/bangladesh/district/o7t1jeizel,prothomalo,bn,https://www.prothomalo.com/bangladesh/district/o7t1jeizel,2022-09-10,"‘বাপের কাছে গেলে হতাই মা মারে, মার কাছে গেলে হতাই বাপ’",2022,3,False,True,0,0,0,0,0,0,0,0,0,1,0,0,0,0,0,0
prothomalo:https://www.prothomalo.com/world/europe/z9kxe429qz,prothomalo,bn,https://www.prothomalo.com/world/europe/z9kxe429qz,2022-09-04,অর্থনীতি বিপর্যয়ে রেখেই বিদায় নিচ্ছেন বরিস জনসন,2022,4,False,True,1,2,1,2,0,0,0,0,1,4,0,0,1,2,0,1
prothomalo:https://www.prothomalo.com/business/bank/8r3030i8w3,prothomalo,bn,https://www.prothomalo.com/business/bank/8r3030i8w3,2022-09-05,ব্যক্তিগত কাজে ব্যাংকের গাড়ি ব্যবহার করা যাবে না,2022,5,False,True,1,2,0,0,0,0,0,0,0,0,0,0,0,0,0,0
prothomalo:https://www.prothomalo.com/bangladesh/district/p0ovurunc3,prothomalo,bn,https://www.prothomalo.com/bangladesh/district/p0ovurunc3,2022-09-09,ভোক্তা সংরক্ষণ অধিদপ্তরের কর্মকর্তার বিরুদ্ধে ঘুষ নেওয়ার অভিযোগ,2022,3,False,True,0,0,0,0,0,0,0,0,0,0,0,0,0,0,0,0
prothomalo:https://www.prothomalo.com/bangladesh/bumvqu60xy,prothomalo,bn,https://www.prothomalo.com/bangladesh/bumvqu60xy,2022-09-06,বাংলাদেশে পরিশোধিত ডিজেল রপ্তানি করতে চায় ভারত,2022,2,True,True,0,0,0,0,0,0,0,0,0,0,0,0,0,0,0,0
prothomalo:https://www.prothomalo.com/bangladesh/district/gafjtnzuch,prothomalo,bn,https://www.prothomalo.com/bangladesh/district/gafjtnzuch,2022-09-04,হাতিয়ায় ১২০০ লিটার চোরাই ডিজেল ও পাম তেল জব্দ,2022,5,True,True,0,0,0,0,0,0,0,0,0,0,0,0,0,0,0,0
prothomalo:https://www.prothomalo.com/bangladesh/district/nw64ovfel6,prothomalo,bn,https://www.prothomalo.com/bangladesh/district/nw64ovfel6,2022-09-04,তীব্র খরায় ফলন কমার শঙ্কা ,2022,4,False,True,0,0,0,0,0,0,0,0,0,0,0,0,0,1,0,0
prothomalo:https://www.prothomalo.com/world/pakistan/48u88glqs6,prothomalo,bn,https://www.prothomalo.com/world/pakistan/48u88glqs6,2022-09-05,ইমরান খানের পরবর্তী পরিকল্পনা কী,2022,3,False,True,0,0,0,0,0,0,0,1,0,0,0,0,0,0,1,6
prothomalo:https://www.prothomalo.com/business/2mkfi5u24u,prothomalo,bn,https://www.prothomalo.com/business/2mkfi5u24u,2022-09-01,এসিআই মোটরস্: অত্যাধুনিক ইউরোপিয়ান ও জাপানিজ জেনারেটরের সমাহার ,2022,5,False,True,0,0,0,0,0,0,0,0,0,0,0,0,0,0,0,0
prothomalo:https://www.prothomalo.com/opinion/column/11lkekf3e0,prothomalo,bn,https://www.prothomalo.com/opinion/column/11lkekf3e0,2022-09-02,রক্তে কেনা ডলার খেল কালো বিড়ালে,2022,8,False,True,1,2,0,0,1,17,1,18,0,0,0,0,1,2,0,0
prothomalo:https://www.prothomalo.com/video/bangladesh/sxv31ifcb1,prothomalo,bn,https://www.prothomalo.com/video/bangladesh/sxv31ifcb1,2026-03-31,জ্বালানি তেলের দাম বাড়ায়নি সরকার। হামের উপসর্গ নিয়ে আরেক শিশুর মৃত্যু,2026,3,True,True,0,0,0,0,0,0,0,0,0,0,0,0,0,0,0,0
prothomalo:https://www.prothomalo.com/bangladesh/exaoyilme7,prothomalo,bn,https://www.prothomalo.com/bangladesh/exaoyilme7,2026-03-31,জ্বালানি তেলের দাম বাড়ানো হয়নি,2026,38,True,True,1,4,0,0,0,0,0,0,0,0,0,0,1,2,0,0
prothomalo:https://www.prothomalo.com/business/world-business/ax9ds0xsf2,prothomalo,bn,https://www.prothomalo.com/business/world-business/ax9ds0xsf2,2026-03-11,"মজুত তেল বাজারে ছাড়বে আন্তর্জাতিক জ্বালানি সংস্থা, তেলের দাম ৯০ ডলারের নিচে",2026,9,True,True,1,30,0,0,0,0,0,0,0,0,0,0,0,1,0,0
prothomalo:https://www.prothomalo.com/bangladesh/amelht48oq,prothomalo,bn,https://www.prothomalo.com/bangladesh/amelht48oq,2026-03-10,জ্বালানি তেলের দাম বাড়ানোর পরিকল্পনা নেই: জ্বালানি প্রতিমন্ত্রী,2026,11,True,True,0,0,0,0,0,0,0,0,0,0,0,0,0,0,0,0
prothomalo:https://www.prothomalo.com/business/economics/21p97e7bli,prothomalo,bn,https://www.prothomalo.com/business/economics/21p97e7bli,2026-03-10,জ্বালানি তেলের দাম নিয়ন্ত্রণে সরকারের হাতে সুযোগ আছে: সিপিডি,2026,12,True,True,1,7,0,0,0,0,1,2,0,0,0,0,0,0,0,0
prothomalo:https://www.prothomalo.com/business/world-business/zo3t79mb2j,prothomalo,bn,https://www.prothomalo.com/business/world-business/zo3t79mb2j,2026-03-07,প্রতি ব্যারেল জ্বালানি তেলের দাম ৯৩ ডলারে উঠে গেছে,2026,12,True,True,1,17,0,0,0,0,0,0,0,0,0,0,0,0,0,0
prothomalo:https://www.prothomalo.com/bangladesh/deshe-maarce-baarrche-naa-jbaalaani-teler-daam,prothomalo,bn,https://www.prothomalo.com/bangladesh/deshe-maarce-baarrche-naa-jbaalaani-teler-daam,2026-03-01,দেশে মার্চে বাড়ছে না জ্বালানি তেলের দাম,2026,7,True,True,0,0,0,0,0,0,0,0,0,0,0,0,0,0,0,0
prothomalo:https://www.prothomalo.com/bangladesh/muo73z5plr,prothomalo,bn,https://www.prothomalo.com/bangladesh/muo73z5plr,2026-03-01,দেশে জ্বালানি তেলের দাম অপরিবর্তিত,2026,30,True,True,1,3,0,0,0,0,0,0,0,0,0,0,0,0,0,0
prothomalo:https://www.prothomalo.com/business/personal-finance/q82qihsuqn,prothomalo,bn,https://www.prothomalo.com/business/personal-finance/q82qihsuqn,2026-03-31,জ্বালানি তেলের সংকট আপনার খরচ বাড়াবে কীভাবে,2026,13,True,True,1,2,0,0,0,0,0,0,0,0,0,0,0,0,0,0
prothomalo:https://www.prothomalo.com/video/bangladesh/og3flbk23a,prothomalo,bn,https://www.prothomalo.com/video/bangladesh/og3flbk23a,2026-03-30,"দেশে জ্বালানি তেলের ঘাটতি নেই, বরং সরবরাহ বেড়েছে: সংসদে জ্বালানিমন্ত্রী",2026,2,True,True,0,0,0,0,0,0,0,0,0,0,0,0,1,2,0,0
prothomalo:https://www.prothomalo.com/bangladesh/wzg73nx5ng,prothomalo,bn,https://www.prothomalo.com/bangladesh/wzg73nx5ng,2026-03-30,জ্বালানি তেলের অবৈধ মজুত–পাচারকারীদের সঠিক তথ্য দিলে লাখ টাকা পুরস্কার,2026,6,True,True,0,0,0,0,1,3,1,3,0,0,0,0,0,0,0,0
prothomalo:https://www.prothomalo.com/video/international/xwqd5k1ljc,prothomalo,bn,https://www.prothomalo.com/video/international/xwqd5k1ljc,2026-03-29,দেশে জ্বালানি তেলের সংকটের সমাধান হবে কীভাবে?,2026,1,True,True,0,0,0,0,0,0,0,0,0,0,0,0,0,0,0,0
prothomalo:https://www.prothomalo.com/bangladesh/2v9r17k9zk,prothomalo,bn,https://www.prothomalo.com/bangladesh/2v9r17k9zk,2026-03-28,জ্বালানি তেলের মজুত ঠেকাতে ৯ জেলায় বিজিবি মোতায়েন,2026,5,True,True,1,2,0,0,0,1,0,1,0,0,0,0,0,0,0,0
prothomalo:https://www.prothomalo.com/photo/bangladesh/i2j2ljp0u8,prothomalo,bn,https://www.prothomalo.com/photo/bangladesh/i2j2ljp0u8,2026-03-25,জ্বালানি তেলের সংকট চলছেই,2026,1,True,True,1,2,0,0,0,0,0,0,0,0,0,0,0,0,0,0
prothomalo:https://www.prothomalo.com/video/bangladesh/5rv8i4xfda,prothomalo,bn,https://www.prothomalo.com/video/bangladesh/5rv8i4xfda,2026-03-25,"রাজধানীতে কাটেনি জ্বালানি তেলের সংকট, বন্ধ অনেক পাম্প ",2026,6,True,True,0,0,0,0,0,0,0,0,0,0,0,0,0,0,0,0
prothomalo:https://www.prothomalo.com/video/bangladesh/gq4os0kewp,prothomalo,bn,https://www.prothomalo.com/video/bangladesh/gq4os0kewp,2026-03-25,"রাজধানীতে কাটেনি জ্বালানি তেলের সংকট, তেলের জন্য ঘণ্টার পর ঘণ্টা অপেক্ষা",2026,2,True,True,0,0,0,0,0,0,0,0,0,0,0,0,0,0,0,0
prothomalo:https://www.prothomalo.com/world/usa/5r6mkbzr0e,prothomalo,bn,https://www.prothomalo.com/world/usa/5r6mkbzr0e,2026-03-25,ইরান যুদ্ধ আর জ্বালানি তেলের দামে ট্রাম্পের জনপ্রিয়তা আরও কমেছে,2026,2,True,True,1,14,1,2,0,0,0,0,0,0,0,0,0,0,0,0
prothomalo:https://www.prothomalo.com/bangladesh/district/3ah2snwarj,prothomalo,bn,https://www.prothomalo.com/bangladesh/district/3ah2snwarj,2026-03-23,"কুড়িগ্রামে জ্বালানি তেলের সংকট, ভোগান্তি চরমে",2026,14,True,True,0,0,0,0,0,0,0,0,0,0,0,0,0,1,0,0
prothomalo:https://www.prothomalo.com/bangladesh/district/zmjogt7320,prothomalo,bn,https://www.prothomalo.com/bangladesh/district/zmjogt7320,2026-03-23,নারায়ণগঞ্জে জ্বালানি তেলের দুই ডিপোতে ট্যাংকলরির দীর্ঘ সারি,2026,10,True,True,0,0,0,0,0,0,0,0,0,0,0,0,0,0,0,0
prothomalo:https://www.prothomalo.com/bangladesh/7hmxqjhp1j,prothomalo,bn,https://www.prothomalo.com/bangladesh/7hmxqjhp1j,2026-03-18,জ্বালানি তেলের অতিরিক্ত চাহিদা নিয়ন্ত্রণ করা যাচ্ছে না,2026,37,True,True,1,8,0,0,0,0,0,0,0,0,0,0,0,0,0,0
prothomalo:https://www.prothomalo.com/business/world-business/43m2maixlh,prothomalo,bn,https://www.prothomalo.com/business/world-business/43m2maixlh,2026-03-13,রাশিয়ার জ্বালানি তেলের ওপর নিষেধাজ্ঞা কিছুটা শিথিল করল যুক্তরাষ্ট্র,2026,6,True,True,1,14,0,0,0,0,0,0,0,1,0,0,0,0,0,0
prothomalo:https://www.prothomalo.com/world/usa/7uk7qhbngw,prothomalo,bn,https://www.prothomalo.com/world/usa/7uk7qhbngw,2026-03-11,জ্বালানি তেলের বাজারে অস্থিরতা ট্রাম্প প্রশাসনকে দুশ্চিন্তায় ফেলে দিয়েছে,2026,12,True,True,1,28,0,1,0,0,0,0,0,1,0,0,0,1,0,0
prothomalo:https://www.prothomalo.com/bangladesh/uiu89lh3gb,prothomalo,bn,https://www.prothomalo.com/bangladesh/uiu89lh3gb,2026-03-09,"জ্বালানি তেলের জন্য লাইন, পণ্য সরবরাহ নিয়েও দুশ্চিন্তা ",2026,23,True,True,1,3,0,0,1,3,0,1,0,1,0,0,0,0,1,3
prothomalo:https://www.prothomalo.com/bangladesh/2t67lc71yb,prothomalo,bn,https://www.prothomalo.com/bangladesh/2t67lc71yb,2026-03-08,জ্বালানি তেলের অবৈধ মজুত ঠেকাতে মাঠে ভ্রাম্যমাণ আদালত,2026,7,True,True,0,1,0,0,1,1,0,1,0,0,0,0,0,0,0,0
prothomalo:https://www.prothomalo.com/video/bangladesh/jjtqxgfwc1,prothomalo,bn,https://www.prothomalo.com/video/bangladesh/jjtqxgfwc1,2026-03-08,দেশে জ্বালানি তেলের মজুত কত? ,2026,6,True,True,0,0,0,0,0,0,0,0,0,0,0,0,0,0,0,0
prothomalo:https://www.prothomalo.com/bangladesh/jbaalaani-teler-mjut-ktttaa-aatngk-ktttaa-yauktik,prothomalo,bn,https://www.prothomalo.com/bangladesh/jbaalaani-teler-mjut-ktttaa-aatngk-ktttaa-yauktik,2026-03-08,"জ্বালানি তেলের মজুত কতটা, আতঙ্ক কতটা যৌক্তিক",2026,5,True,True,0,0,0,0,0,0,0,0,0,0,0,0,0,0,0,0
prothomalo:https://www.prothomalo.com/bangladesh/1d76q6dis7,prothomalo,bn,https://www.prothomalo.com/bangladesh/1d76q6dis7,2026-03-08,"জ্বালানি তেলের মজুত কতটা, আতঙ্কের কেনাকাটা কতটা যৌক্তিক",2026,83,True,True,1,16,0,0,0,0,0,1,0,0,0,0,1,2,0,0
prothomalo:https://www.prothomalo.com/video/bangladesh/gci95f806o,prothomalo,bn,https://www.prothomalo.com/video/bangladesh/gci95f806o,2026-03-07,চট্টগ্রামে জ্বালানি সংকট: তেলের জন্য পাম্পে ঘণ্টার পর ঘণ্টা অপেক্ষা,2026,2,True,True,0,0,0,0,0,0,0,0,0,0,0,0,0,0,0,0
prothomalo:https://www.prothomalo.com/video/bangladesh/zicbdz0bn9,prothomalo,bn,https://www.prothomalo.com/video/bangladesh/zicbdz0bn9,2026-03-07,ইরানে যুদ্ধের প্রভাবে ঢাকাসহ অনেক জেলাতেই জ্বালানি তেলের 'প্যানিক বায়িং',2026,2,True,True,1,4,0,0,0,0,0,0,0,0,0,0,0,0,0,0
prothomalo:https://www.prothomalo.com/business/analysis/zjbozlewmj,prothomalo,bn,https://www.prothomalo.com/business/analysis/zjbozlewmj,2026-03-07,জ্বালানি তেলের মজুত ও পাইপলাইনের সঠিক চিত্র তুলে ধরা জরুরি,2026,19,True,True,1,3,0,0,0,0,1,4,0,0,0,0,0,0,0,0
prothomalo:https://www.prothomalo.com/bangladesh/district/v6pydr3s6s,prothomalo,bn,https://www.prothomalo.com/bangladesh/district/v6pydr3s6s,2026-03-06,খাগড়াছড়িতে জ্বালানি তেলের কৃত্রিম সংকট ঠেকাতে অভিযান,2026,7,True,True,1,5,0,0,0,0,0,0,0,0,0,0,0,0,0,0
prothomalo:https://www.prothomalo.com/business/world-business/z9m6ne8sa8,prothomalo,bn,https://www.prothomalo.com/business/world-business/z9m6ne8sa8,2026-03-30,বিশ্ববাজারে তেলের দাম আবার ১১৫ ডলার ছাড়াল,2026,8,True,True,1,27,0,0,0,0,0,0,0,0,0,0,0,0,0,0
prothomalo:https://www.prothomalo.com/business/world-business/cxc5j0gzaj,prothomalo,bn,https://www.prothomalo.com/business/world-business/cxc5j0gzaj,2026-03-25,তেলের দাম ১৫০ ডলারে উঠলে মন্দার ঝুঁকি আছে: ব্ল্যাকরকের প্রধান ল্যারি ফিংক,2026,11,True,True,1,17,0,0,0,0,0,0,0,0,0,0,0,1,0,0
prothomalo:https://www.prothomalo.com/business/world-business/v9vo27go9p,prothomalo,bn,https://www.prothomalo.com/business/world-business/v9vo27go9p,2026-03-24,"ট্রাম্পের দাবি অস্বীকার ইরানের, বিশ্ববাজারে আবার বাড়ছে তেলের দাম",2026,13,True,True,1,27,0,0,0,0,0,0,0,0,0,0,0,1,0,0
prothomalo:https://www.prothomalo.com/business/world-business/48we4h40iy,prothomalo,bn,https://www.prothomalo.com/business/world-business/48we4h40iy,2026-03-22,শ্রীলঙ্কায় দ্বিতীয় দফায় তেলের দাম ২৫% বাড়ানো হলো,2026,7,True,True,1,9,0,0,0,0,0,0,0,0,0,0,0,0,0,0
prothomalo:https://www.prothomalo.com/business/world-business/c2dcq3rdmi,prothomalo,bn,https://www.prothomalo.com/business/world-business/c2dcq3rdmi,2026-03-19,বিশ্ববাজারে তেলের দাম ১১০ ডলার ছাড়াল,2026,9,True,True,1,22,0,0,0,0,0,0,0,0,0,0,0,0,0,0
prothomalo:https://www.prothomalo.com/business/world-business/ulsntonzhh,prothomalo,bn,https://www.prothomalo.com/business/world-business/ulsntonzhh,2026-03-17,"তেলের দাম বেড়েছে, হরমুজ পাহারা নিয়ে অনিশ্চয়তার জের",2026,9,True,True,1,21,0,0,0,0,0,0,0,0,0,0,0,0,0,0
prothomalo:https://www.prothomalo.com/business/u6099ykla5,prothomalo,bn,https://www.prothomalo.com/business/u6099ykla5,2026-03-15,"সরবরাহ কম, দাম বাড়ছে সয়াবিন ও পাম তেলের",2026,7,False,True,1,5,0,0,0,0,0,1,0,0,0,0,1,2,0,0
prothomalo:https://www.bigganchinta.com/feature/hcn14ti3hq,prothomalo,bn,https://www.bigganchinta.com/feature/hcn14ti3hq,2026-03-13,ইরান যুদ্ধ শেষ না হলে তেলের দাম কমানোর তেমন উপায় নেই,2026,28,True,True,1,44,0,0,0,0,0,1,0,0,0,0,1,2,0,0
prothomalo:https://www.prothomalo.com/world/usa/rbtpz0qute,prothomalo,bn,https://www.prothomalo.com/world/usa/rbtpz0qute,2026-03-13,তেলের দাম ব্যারেল ২০০ ডলার হওয়ার সম্ভাবনা কম: মার্কিন জ্বালানিমন্ত্রী,2026,5,True,True,1,11,0,0,0,0,0,0,0,0,0,0,0,0,0,0
prothomalo:https://www.prothomalo.com/business/world-business/8taac5allw,prothomalo,bn,https://www.prothomalo.com/business/world-business/8taac5allw,2026-03-12,"তেলের দাম আবার ১০০ ডলার ছাড়াল, ২০০ ডলার ছাড়াতে পারে বলে ইরানের সতর্ক বার্তা",2026,12,True,True,1,20,0,0,0,0,0,0,0,0,0,0,0,1,0,0
prothomalo:https://www.prothomalo.com/business/0yhmu8mklu,prothomalo,bn,https://www.prothomalo.com/business/0yhmu8mklu,2026-03-11,তেলের দাম ১০ ডলার বাড়লে বাংলাদেশের আমদানি খরচ মাসে বাড়তে পারে ৮ কোটি ডলার: ঢাকা চেম্বার,2026,5,True,True,1,11,0,0,0,0,0,0,0,0,0,1,0,1,0,0
prothomalo:https://www.prothomalo.com/business/world-business/dcea8q3766,prothomalo,bn,https://www.prothomalo.com/business/world-business/dcea8q3766,2026-03-10,"বিশ্ববাজারে তেলের দাম কত হবে, মূল্যস্ফীতি কত বাড়বে, আবারও কি মন্দা হবে",2026,15,True,True,1,23,0,0,0,0,0,0,0,0,0,0,1,2,0,0
prothomalo:https://www.prothomalo.com/business/world-business/mgl257srug,prothomalo,bn,https://www.prothomalo.com/business/world-business/mgl257srug,2026-03-10,ট্রাম্পের সতর্কবার্তায় এক দিনের মধ্যে কমে গেল তেলের দাম,2026,8,True,True,1,14,0,0,0,0,0,0,0,0,0,0,0,0,0,0
prothomalo:https://www.prothomalo.com/business/world-business/bishbbaajaare-teler-daam-ekhn-115-ddlaar,prothomalo,bn,https://www.prothomalo.com/business/world-business/bishbbaajaare-teler-daam-ekhn-115-ddlaar,2026-03-09,বিশ্ববাজারে তেলের দাম এখন ১১৫ ডলার,2026,4,True,True,1,3,0,0,0,0,0,0,0,0,0,0,0,0,0,0
prothomalo:https://www.prothomalo.com/business/world-business/ghi39vcoxu,prothomalo,bn,https://www.prothomalo.com/business/world-business/ghi39vcoxu,2026-03-09,"বিশ্ববাজারে তেলের দাম এখন ১১৫ ডলার, পতন এশিয়ার শেয়ারবাজারে",2026,15,True,True,1,18,0,0,0,1,0,0,0,0,0,0,0,0,0,0
prothomalo:https://www.prothomalo.com/business/analysis/byix2tcdwv,prothomalo,bn,https://www.prothomalo.com/business/analysis/byix2tcdwv,2026-03-08,"বিশ্ববাজারে তেলের সঙ্গে বাড়ছে খাদ্যের দাম, কী করবে বাংলাদেশ",2026,14,False,True,1,38,0,0,0,0,0,1,0,0,0,1,0,0,0,0
prothomalo:https://www.prothomalo.com/bangladesh/capital/4tvs45ivml,prothomalo,bn,https://www.prothomalo.com/bangladesh/capital/4tvs45ivml,2026-03-08,"হঠাৎ সয়াবিন তেল সরবরাহে সংকট, খোলা তেলের দাম বেড়েছে",2026,5,True,True,1,3,0,0,0,0,0,0,0,0,0,0,0,0,0,0
prothomalo:https://www.prothomalo.com/world/middle-east/qmi6trn6is,prothomalo,bn,https://www.prothomalo.com/world/middle-east/qmi6trn6is,2026-03-07,বিশ্ববাজারে তেলের দাম প্রতি ব্যারেল ৯০ ডলার ছাড়িয়েছে,2026,8,True,True,1,12,0,0,0,0,0,0,0,0,0,0,0,0,0,0
prothomalo:https://www.prothomalo.com/business/world-business/zs8iebifya,prothomalo,bn,https://www.prothomalo.com/business/world-business/zs8iebifya,2026-03-04,"এশিয়ার শেয়ারবাজারে পতন চলছে, তেলের দাম ৮০ ডলার ছাড়াল",2026,7,True,True,1,10,0,0,0,0,0,0,0,0,0,0,0,0,0,0
prothomalo:https://www.prothomalo.com/world/middle-east/iraan-israayyel-snghaate-baarrche-teler-daam,prothomalo,bn,https://www.prothomalo.com/world/middle-east/iraan-israayyel-snghaate-baarrche-teler-daam,2026-03-02,ইরান-ইসরায়েল সংঘাতে বাড়ছে তেলের দাম,2026,4,True,True,1,3,0,0,0,0,0,0,0,0,0,0,0,0,0,0
prothomalo:https://www.prothomalo.com/business/world-business/5etdg8nw5k,prothomalo,bn,https://www.prothomalo.com/business/world-business/5etdg8nw5k,2026-03-02,"বিশ্ববাজারে বেড়েছে তেলের দাম, ওয়ালস্ট্রিটে পতনের আভাস",2026,9,True,True,1,20,0,0,0,0,0,0,0,0,0,0,0,0,0,0
prothomalo:https://www.prothomalo.com/bangladesh/district/9g7jxavplq,prothomalo,bn,https://www.prothomalo.com/bangladesh/district/9g7jxavplq,2026-03-31,তেলের হিসাব দেখাতে না পারায় ফিলিং স্টেশন মালিককে কারাদণ্ড,2026,10,False,True,0,0,0,1,0,0,0,0,0,0,0,0,0,0,0,0
prothomalo:https://www.prothomalo.com/bangladesh/district/nayifbjbsb,prothomalo,bn,https://www.prothomalo.com/bangladesh/district/nayifbjbsb,2026-03-30,চট্টগ্রামে কালো তেলের ডিপো ও বন্ধ ফিলিং স্টেশন থেকে ৩৩ হাজার লিটার তেল জব্দ,2026,13,False,True,0,0,0,0,1,3,0,1,0,0,0,0,0,0,0,0
prothomalo:https://www.prothomalo.com/bangladesh/district/wg0vnbwy81,prothomalo,bn,https://www.prothomalo.com/bangladesh/district/wg0vnbwy81,2026-03-30,"রাজবাড়ীতে তেলের জন্য মধ্যরাত থেকে লাইনে অপেক্ষা, তবু অনিশ্চয়তা",2026,4,False,True,0,0,0,0,0,1,0,0,0,0,0,0,0,0,1,2
prothomalo:https://www.prothomalo.com/bangladesh/district/opcleh2u3y,prothomalo,bn,https://www.prothomalo.com/bangladesh/district/opcleh2u3y,2026-03-30,৬৫ বছর বয়সে তেলের লাইনে পৌনে সাত ঘণ্টা অপেক্ষা,2026,10,False,True,0,0,0,0,0,0,0,0,0,1,0,0,0,0,0,1
prothomalo:https://www.prothomalo.com/business/3guc8s9t18,prothomalo,bn,https://www.prothomalo.com/business/3guc8s9t18,2026-03-29,"সয়াবিন তেলের সরবরাহ–সংকট কাটেনি, দামও বাড়তি",2026,6,False,True,1,2,0,0,0,0,0,0,0,0,0,0,0,1,0,0
prothomalo:https://www.prothomalo.com/bangladesh/su72e3b7ab,prothomalo,bn,https://www.prothomalo.com/bangladesh/su72e3b7ab,2026-03-28,"তেলের ঘাটতি কৃত্রিমভাবে তৈরি হয়েছে কিছু মিডিয়া, অতি উৎসাহ ও চোরাচালানের কারণে: চিফ হুইপ",2026,4,False,True,0,1,0,0,1,2,1,4,0,0,0,0,1,5,0,0
prothomalo:https://www.prothomalo.com/world/asia/djsc541x87,prothomalo,bn,https://www.prothomalo.com/world/asia/djsc541x87,2026-03-25,যুদ্ধ বন্ধে ট্রাম্পের আলোচনা চলার দাবি: এশিয়ার বাজারে তেলের দামে বড় পতন,2026,6,True,True,1,25,0,0,0,0,0,0,0,0,0,0,0,0,0,0
prothomalo:https://www.prothomalo.com/business/world-business/degjlmcswa,prothomalo,bn,https://www.prothomalo.com/business/world-business/degjlmcswa,2026-03-23,ট্রাম্পের হামলা স্থগিত করায় তেলের দামে বড় পতন,2026,9,True,True,1,23,0,0,0,0,0,0,0,0,0,0,0,0,0,0
prothomalo:https://www.prothomalo.com/bangladesh/capital/otf0557u74,prothomalo,bn,https://www.prothomalo.com/bangladesh/capital/otf0557u74,2026-03-18,"পাম্পে তেলের জন্য দীর্ঘ সারি–অপেক্ষা, কোথাও আছে কোথাও নেই",2026,11,False,True,0,0,0,0,0,0,0,0,0,0,0,0,0,1,0,0
prothomalo:https://www.prothomalo.com/bangladesh/district/6uw15rhhoq,prothomalo,bn,https://www.prothomalo.com/bangladesh/district/6uw15rhhoq,2026-03-13,"দেশে অপরিশোধিত তেলের মজুত কত, পেট্রল–অকটেনের উৎপাদন চলবে কত দিন",2026,36,True,True,1,12,0,0,0,0,0,1,0,0,0,0,0,0,0,0
prothomalo:https://www.bigganchinta.com/others/sth6xmon6a,prothomalo,bn,https://www.bigganchinta.com/others/sth6xmon6a,2026-03-11,তেলের বদলে পৃথিবী সৌরশক্তিতে চললে কেমন হতো ইরান-যুক্তরাষ্ট্র সংকট,2026,3,False,True,1,15,0,0,0,0,0,0,0,0,0,0,0,1,0,0
prothomalo:https://www.prothomalo.com/education/higher-education/7vwbuohvr2,prothomalo,bn,https://www.prothomalo.com/education/higher-education/7vwbuohvr2,2026-03-10,"পাকিস্তানে দুই সপ্তাহ স্কুল বন্ধ, বিশ্ববিদ্যালয় অনলাইনে, তেলের দামের প্রভাবে এসব সিদ্ধান্ত",2026,6,True,True,1,7,0,0,0,0,0,0,0,0,0,0,0,0,0,0
prothomalo:https://www.prothomalo.com/bangladesh/capital/ic9b2tmeox,prothomalo,bn,https://www.prothomalo.com/bangladesh/capital/ic9b2tmeox,2026-03-08,"তেলের জন্য ঘণ্টার পর ঘণ্টা অপেক্ষা, না পেয়ে ক্ষোভ",2026,6,False,True,1,4,0,0,0,0,0,0,0,0,0,0,0,0,0,0
prothomalo:https://www.prothomalo.com/bangladesh/capital/solcklbx7c,prothomalo,bn,https://www.prothomalo.com/bangladesh/capital/solcklbx7c,2026-03-07,"তেলের পেছনে যাচ্ছে সময়, দুশ্চিন্তায় রাইড শেয়ারের চালকেরা",2026,4,False,True,1,2,0,0,0,0,0,0,0,0,0,0,0,0,0,0
prothomalo:https://www.prothomalo.com/business/world-business/satrrlhzhr,prothomalo,bn,https://www.prothomalo.com/business/world-business/satrrlhzhr,2026-03-05,"ইরানের তেলের ৯০% কেনে চীন, আর কারা কিনছে",2026,3,False,True,1,28,0,0,0,0,0,0,0,0,0,0,0,0,0,0
prothomalo:https://www.prothomalo.com/video/bangladesh/c2v4afkbqx,prothomalo,bn,https://www.prothomalo.com/video/bangladesh/c2v4afkbqx,2026-03-31,জ্বালানি সংকট থেকে উত্তরণের উপায় ,2026,2,True,True,0,0,0,0,0,0,0,0,0,0,0,0,0,0,0,0
prothomalo:https://www.prothomalo.com/business/economics/f0oqfdnfm2,prothomalo,bn,https://www.prothomalo.com/business/economics/f0oqfdnfm2,2026-03-31,"২ লাখ ৬০ হাজার টন জ্বালানি তেল আনা হচ্ছে, ক্রয় কমিটিতে অনুমোদন",2026,9,True,True,1,4,0,0,0,0,0,0,0,0,0,0,0,0,0,0
prothomalo:https://www.prothomalo.com/bangladesh/uqfwlejmmj,prothomalo,bn,https://www.prothomalo.com/bangladesh/uqfwlejmmj,2026-03-31,এক দিনে ৮৮ হাজার লিটার তেল উদ্ধার: জ্বালানি বিভাগ,2026,17,False,True,0,0,0,0,1,3,0,0,0,0,0,0,0,0,0,0
prothomalo:https://www.prothomalo.com/video/bangladesh/rx1gwuct5b,prothomalo,bn,https://www.prothomalo.com/video/bangladesh/rx1gwuct5b,2026-03-31,নড়াইলে ৭ হাজার ৪০০ লিটার জ্বালানি তেল জব্দ,2026,3,True,True,0,0,0,0,0,0,1,2,0,0,0,0,0,0,0,0
prothomalo:https://www.prothomalo.com/bangladesh/district/o02tfagidd,prothomalo,bn,https://www.prothomalo.com/bangladesh/district/o02tfagidd,2026-03-31,"জ্বালানি তেল নিতে গিয়ে হামলায় আহত চাকসু নেতা, হাসপাতালে ভর্তি",2026,3,True,True,0,0,0,0,0,0,1,2,0,0,0,0,0,0,0,0
prothomalo:https://www.prothomalo.com/business/economics/yz3lal0sfw,prothomalo,bn,https://www.prothomalo.com/business/economics/yz3lal0sfw,2026-03-31,"জ্বালানি–সংকটে ভুগছে শিল্পকারখানা, মধ্যপ্রাচ্যে যুদ্ধের প্রভাব",2026,15,False,True,1,6,0,0,0,0,0,0,0,0,0,0,0,0,0,0
prothomalo:https://www.prothomalo.com/video/bangladesh/5gv51q9car,prothomalo,bn,https://www.prothomalo.com/video/bangladesh/5gv51q9car,2026-03-30,"জ্বালানি তেল ইস্যুতে সংসদে উত্তাপ, বিরোধী দলের হট্টগোল",2026,3,True,True,0,0,0,0,0,0,0,0,0,0,0,0,0,0,0,0
prothomalo:https://www.prothomalo.com/bangladesh/district/rb05vcofdu,prothomalo,bn,https://www.prothomalo.com/bangladesh/district/rb05vcofdu,2026-03-30,"চাঁদপুরের ডিপোগুলোয় পর্যাপ্ত জ্বালানি মজুত আছে, চলবে আরও এক সপ্তাহ",2026,19,False,True,0,0,0,0,0,0,0,0,0,0,0,0,0,0,0,0
prothomalo:https://www.prothomalo.com/bangladesh/district/4wrqcvy1ci,prothomalo,bn,https://www.prothomalo.com/bangladesh/district/4wrqcvy1ci,2026-03-29,"চুয়াডাঙ্গায় চালু হচ্ছে ‘ফুয়েল কার্ড’, কার্ড দেখিয়ে নিতে হবে জ্বালানি তেল",2026,18,True,True,0,0,0,0,1,2,1,2,0,0,0,0,0,0,0,0
prothomalo:https://www.prothomalo.com/bangladesh/district/rm25msbivv,prothomalo,bn,https://www.prothomalo.com/bangladesh/district/rm25msbivv,2026-03-29,"১০ ঘণ্টা পর ট্যাংকলরি শ্রমিকদের কর্মবিরতি প্রত্যাহার, জ্বালানি তেল সরবরাহ শুরু",2026,7,True,True,0,0,0,0,0,0,1,2,0,0,0,0,0,0,0,1
prothomalo:https://www.prothomalo.com/bangladesh/district/3lpcu37mqz,prothomalo,bn,https://www.prothomalo.com/bangladesh/district/3lpcu37mqz,2026-03-29,"ট্যাংকলরি শ্রমিক ইউনিয়নের কর্মবিরতি, রংপুর বিভাগে জ্বালানি তেল সরবরাহ বন্ধ",2026,8,True,True,0,0,0,0,0,0,0,1,0,0,0,0,0,0,0,1
prothomalo:https://www.prothomalo.com/bangladesh/district/fw0oo34uqy,prothomalo,bn,https://www.prothomalo.com/bangladesh/district/fw0oo34uqy,2026-03-29,রাজশাহীতে জ্বালানি তেল মজুত ও পাচার রোধে তিন প্লাটুন বিজিবি মোতায়েন,2026,5,True,True,0,0,0,0,0,0,1,6,0,0,0,0,0,1,0,0
prothomalo:https://www.prothomalo.com/politics/j4ul0zry6p,prothomalo,bn,https://www.prothomalo.com/politics/j4ul0zry6p,2026-03-28,"দুর্ঘটনা, অব্যবস্থাপনা ও জ্বালানি পরিস্থিতি
নিয়ে এমপিদের ক্ষোভ",2026,8,False,True,1,3,1,4,0,1,1,6,0,0,0,0,1,6,0,0
prothomalo:https://www.prothomalo.com/bangladesh/district/lq03eeez12,prothomalo,bn,https://www.prothomalo.com/bangladesh/district/lq03eeez12,2026-03-28,"জ্বালানি তেল মজুত করা হচ্ছে বাড়িতে, দোকানে ও গোয়ালঘরে",2026,23,True,True,0,0,0,0,0,1,0,0,0,0,0,0,0,0,1,5
prothomalo:https://www.prothomalo.com/bangladesh/f56ixmw4nv,prothomalo,bn,https://www.prothomalo.com/bangladesh/f56ixmw4nv,2026-03-28,"বিকল্প জ্বালানি উৎসে সাড়া অনেক, তবে বিলম্বের শঙ্কা",2026,32,False,True,1,25,0,1,0,0,0,0,0,0,0,0,1,2,0,0
prothomalo:https://www.prothomalo.com/video/bangladesh/ytkhrsgnfk,prothomalo,bn,https://www.prothomalo.com/video/bangladesh/ytkhrsgnfk,2026-03-27,জ্বালানি তেলে দিনে ১৬৭ কোটি টাকা ভর্তুকি দিচ্ছে সরকার: জ্বালানি প্রতিমন্ত্রী,2026,4,True,True,0,0,0,0,0,0,0,0,0,0,0,0,1,3,0,0
prothomalo:https://www.prothomalo.com/bangladesh/district/kdunl51ux3,prothomalo,bn,https://www.prothomalo.com/bangladesh/district/kdunl51ux3,2026-03-27,"জ্বালানি তেলসংকট, ইজিবাইকে করে কনের বাড়িতে গেলেন বর",2026,4,True,True,1,2,0,0,0,0,0,0,0,0,0,0,0,0,0,0
prothomalo:https://www.prothomalo.com/bangladesh/district/eiq9q6p5aj,prothomalo,bn,https://www.prothomalo.com/bangladesh/district/eiq9q6p5aj,2026-03-27,সরকার জ্বালানি তেলে প্রতিদিন ১৬৭ কোটি টাকা ভর্তুকি দিচ্ছে: জ্বালানি প্রতিমন্ত্রী,2026,12,True,True,0,0,0,0,0,0,0,0,0,0,0,0,1,3,0,0
prothomalo:https://www.prothomalo.com/bangladesh/district/he5ex0pkkh,prothomalo,bn,https://www.prothomalo.com/bangladesh/district/he5ex0pkkh,2026-03-27,"বান্দরবানে পর্যটকের চাপ, জ্বালানি তেল–সংকটে ভোগান্তি",2026,13,True,True,0,0,0,0,0,0,0,0,0,0,0,0,0,0,0,0
prothomalo:https://www.prothomalo.com/bangladesh/district/pne78quzqi,prothomalo,bn,https://www.prothomalo.com/bangladesh/district/pne78quzqi,2026-03-26,দেশে জ্বালানি তেল নিয়ে এল আরও এক জাহাজ,2026,19,True,True,1,4,0,0,0,0,1,2,0,0,0,0,0,0,0,0
prothomalo:https://www.prothomalo.com/bangladesh/district/oibtpqb6ke,prothomalo,bn,https://www.prothomalo.com/bangladesh/district/oibtpqb6ke,2026-03-26,"সাতক্ষীরায় মোটরসাইকেলের জ্বালানি নিতে লাগবে ‘ফুয়েল কার্ড’, পাম্পে দীর্ঘ সারি",2026,10,False,True,0,0,0,0,0,0,0,0,0,0,0,0,0,0,0,0
prothomalo:https://www.prothomalo.com/world/asia/rrx50brx84,prothomalo,bn,https://www.prothomalo.com/world/asia/rrx50brx84,2026-03-25,জ্বালানি নিয়ে ‘আসন্ন বিপদ’: জাতীয় জরুরি অবস্থা জারি করল ফিলিপাইন,2026,4,False,True,1,3,0,0,0,1,0,0,0,0,0,0,0,1,0,0
prothomalo:https://www.prothomalo.com/opinion/column/zz38ahokmh,prothomalo,bn,https://www.prothomalo.com/opinion/column/zz38ahokmh,2026-03-24,মধ্যপ্রাচ্যে যুদ্ধ: বাংলাদেশের জ্বালানি নিরাপত্তার কী হবে,2026,18,False,True,1,17,0,0,0,0,0,1,0,0,0,0,1,13,0,0
prothomalo:https://www.prothomalo.com/bangladesh/povb2vnym0,prothomalo,bn,https://www.prothomalo.com/bangladesh/povb2vnym0,2026-03-24,দেশে কোন জ্বালানি তেল কত দিন চলবে ,2026,40,True,True,1,12,0,0,0,0,1,4,0,0,0,0,0,1,0,0
prothomalo:https://www.prothomalo.com/world/usa/kpssnr9ksl,prothomalo,bn,https://www.prothomalo.com/world/usa/kpssnr9ksl,2026-03-23,"ইতিহাসের ভয়াবহ জ্বালানি–সংকটের মুখে বিশ্ব, সতর্কবার্তা আইইএ প্রধানের",2026,6,False,True,1,24,0,0,0,0,0,0,0,0,0,0,0,1,0,0
prothomalo:https://www.prothomalo.com/opinion/column/ojqdb6mig8,prothomalo,bn,https://www.prothomalo.com/opinion/column/ojqdb6mig8,2026-03-22,ইরান যুদ্ধে বাংলাদেশের জ্বালানি ও রিজার্ভ কতটা চাপে,2026,15,False,True,1,39,0,0,0,0,0,0,0,0,0,0,1,4,0,0
prothomalo:https://www.prothomalo.com/bangladesh/n1dq17hl4z,prothomalo,bn,https://www.prothomalo.com/bangladesh/n1dq17hl4z,2026-03-21,"মধ্যপ্রাচ্য সংকটে এলএনজি আমদানি ব্যাহত, ঝুঁকিতে বিদ্যুৎ–জ্বালানি",2026,35,False,True,1,22,0,0,0,0,1,3,0,0,0,0,0,1,0,1
prothomalo:https://www.prothomalo.com/business/economics/2jpfs3525i,prothomalo,bn,https://www.prothomalo.com/business/economics/2jpfs3525i,2026-03-20,"জ্বালানি আমদানিতে বাড়তি ঋণ 
নেওয়ার চেষ্টা করছে সরকার",2026,12,False,True,1,13,0,0,0,0,0,0,0,0,0,0,0,0,0,0
prothomalo:https://www.prothomalo.com/bangladesh/p811ytmcg8,prothomalo,bn,https://www.prothomalo.com/bangladesh/p811ytmcg8,2026-03-19,"জ্বালানি তেল নিয়ে আসছে ৬টি জাহাজ, অনিশ্চিত ৫টি",2026,28,True,True,0,0,0,0,0,0,0,0,0,0,0,0,0,0,0,0
prothomalo:https://www.prothomalo.com/opinion/column/858ehtjc0s,prothomalo,bn,https://www.prothomalo.com/opinion/column/858ehtjc0s,2026-03-18,মধ্যপ্রাচ্য যুদ্ধে জ্বালানি–সংকট ও পারমাণবিক ঝুঁকি,2026,7,False,True,1,22,0,0,0,0,0,0,0,0,0,0,0,0,0,0
prothomalo:https://www.prothomalo.com/video/bangladesh/c46ebs6i3m,prothomalo,bn,https://www.prothomalo.com/video/bangladesh/c46ebs6i3m,2026-03-17,"পতেঙ্গায় পুরোদমে চলছে জ্বালানি তেল খালাসের কাজ, সরবরাহ হচ্ছে সারা দেশে ",2026,1,True,True,0,0,0,0,0,0,0,1,0,0,0,0,0,0,0,0
prothomalo:https://www.prothomalo.com/business/economics/yb8r6q3d9d,prothomalo,bn,https://www.prothomalo.com/business/economics/yb8r6q3d9d,2026-03-16,জ্বালানি খাতে অতীতে হওয়া কিছু চুক্তি ‘অসম’ ছিল: রাশেদ আল মাহমুদ তিতুমীর,2026,2,True,True,0,0,0,0,0,0,0,0,0,0,0,0,0,0,0,0
prothomalo:https://www.prothomalo.com/bangladesh/jbaalaani-tel-bikrite-aaj-theke-reshnin-nei,prothomalo,bn,https://www.prothomalo.com/bangladesh/jbaalaani-tel-bikrite-aaj-theke-reshnin-nei,2026-03-15,জ্বালানি তেল বিক্রিতে আজ থেকে রেশনিং নেই,2026,5,True,True,0,0,0,0,0,0,0,0,0,0,0,0,0,0,0,0
prothomalo:https://www.prothomalo.com/bangladesh/266xa68ckj,prothomalo,bn,https://www.prothomalo.com/bangladesh/266xa68ckj,2026-03-15,"জ্বালানি তেল বিক্রিতে আজ থেকে রেশনিং থাকছে না, প্রয়োজনমতো কিনতে পারবেন সবাই",2026,36,True,True,1,2,0,1,0,0,0,0,0,0,0,0,0,0,0,0
prothomalo:https://www.prothomalo.com/bangladesh/jbaalaani-tel-kenaar-siimaa-tule-nicche-srkaar,prothomalo,bn,https://www.prothomalo.com/bangladesh/jbaalaani-tel-kenaar-siimaa-tule-nicche-srkaar,2026-03-14,জ্বালানি তেল কেনার সীমা তুলে নিচ্ছে সরকার,2026,3,True,True,0,0,0,0,0,0,0,0,0,0,0,0,0,0,0,0
prothomalo:https://www.prothomalo.com/bangladesh/2gw534p8di,prothomalo,bn,https://www.prothomalo.com/bangladesh/2gw534p8di,2026-03-14,জ্বালানি তেল কেনার সীমা তুলে নিচ্ছে সরকার,2026,47,True,True,1,2,0,1,0,0,1,2,0,0,0,0,0,0,0,0
prothomalo:https://www.prothomalo.com/bangladesh/k7mcx4xz3o,prothomalo,bn,https://www.prothomalo.com/bangladesh/k7mcx4xz3o,2026-03-14,জ্বালানি–নিরাপত্তায় নিজস্ব সম্পদ আহরণে জোর দিতে হবে,2026,10,False,True,0,1,0,0,1,3,1,3,0,1,0,0,0,1,0,0
prothomalo:https://www.prothomalo.com/bangladesh/district/6ko6ztsdmg,prothomalo,bn,https://www.prothomalo.com/bangladesh/district/6ko6ztsdmg,2026-03-14,"জ্বালানি সংকটে স্পিডবোট বন্ধ, ঈদযাত্রা নিয়ে দুশ্চিন্তা যাত্রীদের",2026,9,True,True,0,0,0,0,0,0,0,0,0,0,0,0,0,0,0,0
prothomalo:https://www.prothomalo.com/bangladesh/klwcuwu8d0,prothomalo,bn,https://www.prothomalo.com/bangladesh/klwcuwu8d0,2026-03-14,জ্বালানি তেল পরিশোধনাগার নির্মাণে আবার বিদেশি ঋণ চায় সরকার,2026,18,True,True,0,0,0,0,0,0,0,0,0,0,0,0,0,0,0,0
prothomalo:https://www.prothomalo.com/opinion/column/vam520il46,prothomalo,bn,https://www.prothomalo.com/opinion/column/vam520il46,2026-03-13,ইরান যুদ্ধের জ্বালানি ধাক্কা শেষ পর্যন্ত কত দূর যাবে,2026,3,False,True,1,16,0,0,0,1,0,0,0,0,0,1,0,0,0,0
prothomalo:https://www.prothomalo.com/bangladesh/f0x55d5b7f,prothomalo,bn,https://www.prothomalo.com/bangladesh/f0x55d5b7f,2026-03-11,ভারতের কাছে বাড়তি জ্বালানি তেল চেয়ে চিঠি,2026,24,True,True,1,2,0,0,0,0,1,11,0,0,0,0,0,0,0,0
prothomalo:https://www.prothomalo.com/bangladesh/jbaalaani-tel-aamdaanir-u-s-baarraate-caayy-srkaar,prothomalo,bn,https://www.prothomalo.com/bangladesh/jbaalaani-tel-aamdaanir-u-s-baarraate-caayy-srkaar,2026-03-11,জ্বালানি তেল আমদানির উৎস বাড়াতে চায় সরকার,2026,3,True,True,0,1,0,0,0,0,0,1,0,0,0,0,0,0,0,0
prothomalo:https://www.prothomalo.com/bangladesh/2tp60c9zld,prothomalo,bn,https://www.prothomalo.com/bangladesh/2tp60c9zld,2026-03-11,জ্বালানি তেল আমদানির উৎস বাড়াতে চায় সরকার,2026,62,True,True,1,20,0,1,0,0,1,20,0,0,0,0,0,0,0,0
prothomalo:https://www.prothomalo.com/video/bangladesh/c1srmtr301,prothomalo,bn,https://www.prothomalo.com/video/bangladesh/c1srmtr301,2026-03-10,"জ্বালানি তেল নিতে দীর্ঘ লাইন, অস্থিরতা এখনো কাটেনি",2026,5,True,True,1,2,0,0,0,0,0,0,0,0,0,0,0,0,0,0
prothomalo:https://www.prothomalo.com/bangladesh/district/ndkyelu3vh,prothomalo,bn,https://www.prothomalo.com/bangladesh/district/ndkyelu3vh,2026-03-10,জ্বালানি তেল নেই রাঙামাটির কোনো ফিলিং স্টেশনে,2026,31,True,True,0,0,0,0,0,0,0,0,0,0,0,0,0,0,0,0
prothomalo:https://www.prothomalo.com/business/economics/6winaqeroz,prothomalo,bn,https://www.prothomalo.com/business/economics/6winaqeroz,2026-03-10,জ্বালানি–সংকটের কারণে চ্যালেঞ্জের মুখে পণ্য সরবরাহ,2026,15,False,True,1,5,0,0,0,0,0,0,0,0,0,0,0,0,0,0
prothomalo:https://www.prothomalo.com/video/bangladesh/ebay9wyqra,prothomalo,bn,https://www.prothomalo.com/video/bangladesh/ebay9wyqra,2026-03-09,জ্বালানি তেল কিনতে সোমবারও দীর্ঘ লাইন,2026,2,True,True,0,0,0,0,0,0,0,0,0,0,0,0,0,0,0,0
prothomalo:https://www.prothomalo.com/world/middle-east/77g5m0psxe,prothomalo,bn,https://www.prothomalo.com/world/middle-east/77g5m0psxe,2026-03-09,হরমুজ প্রণালিতে অচলাবস্থা ইতিহাসের সবচেয়ে ভয়াবহ জ্বালানি–সংকট তৈরি করতে পারে,2026,8,False,True,1,19,0,0,0,0,0,1,0,0,0,0,0,0,0,0
prothomalo:https://www.prothomalo.com/bangladesh/qf5a7ykzxt,prothomalo,bn,https://www.prothomalo.com/bangladesh/qf5a7ykzxt,2026-03-09,"জ্বালানি তেল কিনতে লাইন ছাড়িয়েছে এক কিলোমিটার, বন্ধ পাম্পেও অপেক্ষা",2026,23,True,True,0,0,0,0,0,0,0,0,0,0,0,0,0,0,0,0
prothomalo:https://www.prothomalo.com/bangladesh/district/5eunsql8vk,prothomalo,bn,https://www.prothomalo.com/bangladesh/district/5eunsql8vk,2026-03-08,"যশোরে মজুত করা ৬ হাজার লিটার জ্বালানি তেল জব্দ, লাখ টাকা জরিমানা",2026,7,True,True,0,0,0,0,0,0,0,0,0,1,0,0,0,0,0,0
prothomalo:https://www.prothomalo.com/video/bangladesh/u3i1tnxk6b,prothomalo,bn,https://www.prothomalo.com/video/bangladesh/u3i1tnxk6b,2026-03-07,"জ্বালানি তেলে সীমা বেঁধে দিল বিপিসি, কোন গাড়ি কত লিটার পাবে?",2026,4,True,True,0,0,0,0,0,0,0,0,0,0,0,0,0,0,0,0
prothomalo:https://www.prothomalo.com/roundtable/n2u1v9pacx,prothomalo,bn,https://www.prothomalo.com/roundtable/n2u1v9pacx,2026-03-07,বিদ্যুৎ ও জ্বালানি খাত সংস্কার: সরকারের কাছে প্রত্যাশা,2026,19,True,True,1,3,0,1,1,14,1,9,1,3,0,0,0,1,0,0
prothomalo:https://www.prothomalo.com/bangladesh/district/mao49eigjf,prothomalo,bn,https://www.prothomalo.com/bangladesh/district/mao49eigjf,2026-03-06,"‘শুনেছি যুদ্ধের কারণে জ্বালানি তেল ফুরিয়ে
যাচ্ছে, তাই ট্যাংক ফুল করতে এলাম’",2026,16,True,True,1,9,0,0,0,0,0,0,0,0,0,0,1,3,0,0
prothomalo:https://www.prothomalo.com/bangladesh/3bgg79mlyt,prothomalo,bn,https://www.prothomalo.com/bangladesh/3bgg79mlyt,2026-03-06,"সংকট এড়াতে বেশি দামে 
আমদানি করা হচ্ছে জ্বালানি ",2026,22,False,True,1,13,0,0,0,0,0,1,0,0,0,0,1,2,0,0
prothomalo:https://www.prothomalo.com/opinion/editorial/ehfh45hapu,prothomalo,bn,https://www.prothomalo.com/opinion/editorial/ehfh45hapu,2026-03-06,বিদ্যুৎ–জ্বালানি ব্যবহারে সাশ্রয়ী হতে হবে,2026,3,False,True,1,10,0,0,0,0,0,0,0,0,0,1,0,0,0,0
prothomalo:https://www.prothomalo.com/business/economics/wrkha3ore0,prothomalo,bn,https://www.prothomalo.com/business/economics/wrkha3ore0,2026-03-04,জ্বালানি খাতে বিনিয়োগ বাড়ানোর পরামর্শ,2026,4,True,True,0,1,0,0,0,0,0,1,0,0,0,0,0,1,0,0
prothomalo:https://www.prothomalo.com/bangladesh/ao7ff60njv,prothomalo,bn,https://www.prothomalo.com/bangladesh/ao7ff60njv,2026-03-04,সাশ্রয়ী হলে মার্চ পর্যন্ত জ্বালানি সরবরাহ ধরে রাখা যাবে: বিদ্যুৎমন্ত্রী,2026,3,False,True,1,4,0,0,0,0,0,1,0,0,0,0,0,0,0,0
prothomalo:https://www.prothomalo.com/business/world-business/02bj5gm3k5,prothomalo,bn,https://www.prothomalo.com/business/world-business/02bj5gm3k5,2026-03-26,"যুদ্ধের আবহে বিশ্ববাজারে বেড়েছে ডলারের দাম, এশিয়ার বাজারে আজও চাঙা ",2026,3,False,True,1,13,0,0,0,0,0,0,0,0,0,0,0,0,0,0
prothomalo:https://www.prothomalo.com/business/industry/drb0wra2z0,prothomalo,bn,https://www.prothomalo.com/business/industry/drb0wra2z0,2026-03-25,"সোনার দাম বিশ্ববাজারে কমেছে, দেশে কী কমবে",2026,3,False,True,1,22,0,0,0,0,0,0,0,0,0,0,0,0,0,0
prothomalo:https://www.prothomalo.com/bangladesh/gk0lr120cu,prothomalo,bn,https://www.prothomalo.com/bangladesh/gk0lr120cu,2026-03-24,উড়োজাহাজের জ্বালানির দাম এবার লিটারে বাড়ল ৯০ টাকা,2026,10,True,True,1,14,0,0,0,0,0,0,0,1,0,0,0,1,0,0
prothomalo:https://www.prothomalo.com/world/middle-east/w2h352f22o,prothomalo,bn,https://www.prothomalo.com/world/middle-east/w2h352f22o,2026-03-23,"আলোচনা হয়নি, জ্বালানির দাম কমাতে হামলা স্থগিতের কৌশল ট্রাম্পের: ইরান",2026,9,True,True,1,24,0,0,0,0,0,0,0,0,0,0,0,0,0,0
prothomalo:https://www.prothomalo.com/world/usa/w35cxuvlej,prothomalo,bn,https://www.prothomalo.com/world/usa/w35cxuvlej,2026-03-20,"যুদ্ধ চড়িয়েছে জ্বালানির দাম, চাপে যুক্তরাষ্ট্রের মানুষ",2026,4,True,True,1,19,0,0,0,0,0,0,0,0,0,0,0,0,0,0
prothomalo:https://www.prothomalo.com/business/world-business/qnwdo5pzxj,prothomalo,bn,https://www.prothomalo.com/business/world-business/qnwdo5pzxj,2026-03-20,"মধ্যপ্রাচ্যে যুদ্ধ শুরুর পর 
যুক্তরাষ্ট্রে পেট্রলের দাম ৩০ শতাংশ বেড়েছে",2026,18,True,True,1,10,0,0,0,0,0,0,0,0,0,0,0,0,0,0
prothomalo:https://www.prothomalo.com/bangladesh/district/ywhczo457r,prothomalo,bn,https://www.prothomalo.com/bangladesh/district/ywhczo457r,2026-03-30,গাজীপুরে বন্ধ পাম্প থেকে ৩৩ হাজার লিটার ডিজেল-অকটেন জব্দ,2026,16,True,True,0,0,0,0,1,2,0,1,0,0,0,0,0,0,0,0
prothomalo:https://www.prothomalo.com/bangladesh/district/6eujxwolhc,prothomalo,bn,https://www.prothomalo.com/bangladesh/district/6eujxwolhc,2026-03-14,পাবনায় গোয়ালঘরে পাওয়া গেল দেড় হাজার লিটার পেট্রল-অকটেন,2026,10,True,True,0,0,0,0,0,0,0,0,0,0,0,0,0,0,0,0
prothomalo:https://www.prothomalo.com/bangladesh/district/pdwilaj7ou,prothomalo,bn,https://www.prothomalo.com/bangladesh/district/pdwilaj7ou,2026-03-29,"সীতাকুণ্ডে পাম্পে অকটেন নেই, তথ্য গরমিল থাকায় একটিকে জরিমানা",2026,8,True,True,0,0,0,0,0,0,0,1,0,0,0,0,0,0,0,0
prothomalo:https://www.prothomalo.com/world/asia/4jf7bqmwt2,prothomalo,bn,https://www.prothomalo.com/world/asia/4jf7bqmwt2,2026-03-23,পাকিস্তানে সরকারি গাড়িতে হাই-অকটেন ব্যবহারে নিষেধাজ্ঞা আরোপ,2026,8,True,True,1,3,0,0,0,0,0,0,1,2,0,0,0,0,0,0
prothomalo:https://www.prothomalo.com/bangladesh/ejtlh9adlx,prothomalo,bn,https://www.prothomalo.com/bangladesh/ejtlh9adlx,2026-03-11,বিভাগীয় শহরে অকটেন–পেট্রোলের সরবরাহ ১০ শতাংশ বাড়ল,2026,8,True,True,0,1,0,0,0,0,0,0,0,0,0,0,0,0,0,0
prothomalo:https://www.prothomalo.com/bangladesh/district/2yynbuifav,prothomalo,bn,https://www.prothomalo.com/bangladesh/district/2yynbuifav,2026-03-31,"মেহেরপুরে এক ব্যক্তির বাড়ি থেকে ৮০০ লিটার ডিজেল উদ্ধার, মামলা দায়ের",2026,12,True,True,0,0,0,0,0,1,0,1,0,0,0,0,0,0,0,0
prothomalo:https://www.prothomalo.com/bangladesh/ddijel-niyyei-yt-dushcintaa,prothomalo,bn,https://www.prothomalo.com/bangladesh/ddijel-niyyei-yt-dushcintaa,2026-03-31,ডিজেল নিয়েই যত দুশ্চিন্তা,2026,8,True,True,0,0,0,0,0,0,0,0,0,0,0,0,0,0,0,0
prothomalo:https://www.prothomalo.com/bangladesh/vgk9o8xzwb,prothomalo,bn,https://www.prothomalo.com/bangladesh/vgk9o8xzwb,2026-03-31,ডিজেল নিয়েই যত দুশ্চিন্তা,2026,88,True,True,1,8,0,0,0,0,1,5,0,0,0,0,1,7,0,0
prothomalo:https://www.prothomalo.com/bangladesh/district/78gicvqsud,prothomalo,bn,https://www.prothomalo.com/bangladesh/district/78gicvqsud,2026-03-31,"নড়াইলে সাড়ে ৭ হাজার লিটার ডিজেল জব্দ, দুজনকে জরিমানা",2026,9,True,True,0,0,0,1,0,1,1,3,0,0,0,0,0,0,0,0
prothomalo:https://www.prothomalo.com/video/bangladesh/buh6e7e9ba,prothomalo,bn,https://www.prothomalo.com/video/bangladesh/buh6e7e9ba,2026-03-30,ডিজেল–সংকটে হুমকির মুখে বোরো ধানের চাষ ,2026,2,True,True,0,0,0,0,0,0,0,0,0,0,0,0,0,0,0,0
prothomalo:https://www.prothomalo.com/bangladesh/district/cwkha5qb8i,prothomalo,bn,https://www.prothomalo.com/bangladesh/district/cwkha5qb8i,2026-03-29,ভারত থেকে আসছে ৭ হাজার টন ডিজেল,2026,23,True,True,1,5,0,0,0,0,1,16,0,0,0,0,0,1,0,0
prothomalo:https://www.prothomalo.com/bangladesh/district/az15jignul,prothomalo,bn,https://www.prothomalo.com/bangladesh/district/az15jignul,2026-03-29,"গভীর রাতে মিয়ানমারে পাচার হচ্ছিল ডিজেল, আটক ৭",2026,6,True,True,0,0,0,0,0,0,1,2,0,0,0,0,0,0,0,0
prothomalo:https://www.prothomalo.com/bangladesh/district/3umgn59t9j,prothomalo,bn,https://www.prothomalo.com/bangladesh/district/3umgn59t9j,2026-03-27,"বেশি লাভের আশায় পানির ট্যাংকে 
৬ হাজার লিটার ডিজেল মজুত",2026,8,True,True,0,0,0,0,0,0,0,0,0,0,0,0,0,0,0,0
prothomalo:https://www.prothomalo.com/bangladesh/district/vclko1cwts,prothomalo,bn,https://www.prothomalo.com/bangladesh/district/vclko1cwts,2026-03-27,"শেরপুরে আবাসিক ভবনে ট্যাংক স্থাপন করে ডিজেল মজুত, ব্যবসায়ীকে জরিমানা",2026,4,True,True,0,0,0,0,0,0,0,0,0,0,0,0,0,0,0,0
prothomalo:https://www.prothomalo.com/business/economics/ix5b2zhl1f,prothomalo,bn,https://www.prothomalo.com/business/economics/ix5b2zhl1f,2026-03-26,জরুরি চাহিদা মেটাতে ছুটির দিনে ৩ লাখ টন ডিজেল কেনার অনুমোদন,2026,5,True,True,1,2,0,0,0,0,0,0,0,0,0,0,0,0,0,0
prothomalo:https://www.prothomalo.com/video/bangladesh/eugxzn8c1k,prothomalo,bn,https://www.prothomalo.com/video/bangladesh/eugxzn8c1k,2026-03-31,"অবৈধভাবে মজুত ৮০০ লিটার পেট্রল জব্দ, ১০ হাজার টাকা জরিমানা",2026,3,True,True,0,0,0,0,0,0,0,0,0,0,0,0,0,0,0,0
prothomalo:https://www.prothomalo.com/bangladesh/district/ce1q6twab2,prothomalo,bn,https://www.prothomalo.com/bangladesh/district/ce1q6twab2,2026-03-16,"দক্ষিণাঞ্চলে ডিজেল মজুতের অভিযোগ, ঘাটে আটকা শত শত মাছধরার ট্রলার",2026,27,True,True,1,3,0,0,0,1,0,0,0,0,0,0,0,0,0,0
prothomalo:https://www.prothomalo.com/bangladesh/district/3dh4gcvp7d,prothomalo,bn,https://www.prothomalo.com/bangladesh/district/3dh4gcvp7d,2026-03-14,"ডিজেল নিতে সড়কের ওপর যানবাহনের দীর্ঘ সারি, মহাসড়কের ৮ কিলোমিটারে যানজট",2026,9,True,True,0,0,0,0,0,0,0,0,0,0,0,0,0,0,0,0
prothomalo:https://www.prothomalo.com/bangladesh/district/cu8jhqpt2y,prothomalo,bn,https://www.prothomalo.com/bangladesh/district/cu8jhqpt2y,2026-03-28,"নেত্রকোনায় মজুত করা ৮০০ লিটার পেট্রল জব্দ, ৪০ হাজার টাকা জরিমানা",2026,8,True,True,0,0,0,0,0,0,0,0,0,0,0,0,0,0,0,0
prothomalo:https://www.prothomalo.com/bangladesh/7nps6fhteo,prothomalo,bn,https://www.prothomalo.com/bangladesh/7nps6fhteo,2026-03-12,বাংলাদেশকে অতিরিক্ত ডিজেল দেওয়ার অনুরোধ বিবেচনা করছে ভারত,2026,9,True,True,1,5,0,0,0,0,0,1,0,0,0,0,0,0,0,0
prothomalo:https://www.prothomalo.com/business/world-business/bno1ksa8hd,prothomalo,bn,https://www.prothomalo.com/business/world-business/bno1ksa8hd,2026-03-27,পেট্রল ও ডিজেলে শুল্ক কমাল ভারত,2026,16,True,True,1,6,0,0,0,0,0,0,0,0,0,0,0,1,0,0
prothomalo:https://www.prothomalo.com/bangladesh/district/qc6qaheghb,prothomalo,bn,https://www.prothomalo.com/bangladesh/district/qc6qaheghb,2026-03-12,"সড়কে আড়াআড়ি উল্টে পড়ল কাভার্ড ভ্যান, ঝরতে থাকা ডিজেল নিতে ভিড়",2026,5,True,True,0,0,0,0,0,0,0,0,0,0,0,0,0,0,0,0
prothomalo:https://www.prothomalo.com/bangladesh/district/8pv9jph44p,prothomalo,bn,https://www.prothomalo.com/bangladesh/district/8pv9jph44p,2026-03-11,"সিঙ্গাইরে অতিরিক্ত দামে বিক্রি হচ্ছিল ডিজেল, দুই পরিবেশককে জরিমানা",2026,8,True,True,0,1,0,0,0,0,0,0,0,0,0,0,0,0,0,0
prothomalo:https://www.prothomalo.com/business/ddijel-kt-desh-theke-aase,prothomalo,bn,https://www.prothomalo.com/business/ddijel-kt-desh-theke-aase,2026-03-11,ডিজেল কত দেশ থেকে আসে,2026,4,True,True,0,0,0,0,0,0,0,1,0,0,0,0,0,0,0,0
prothomalo:https://www.prothomalo.com/bangladesh/district/j3hl6jt8nl,prothomalo,bn,https://www.prothomalo.com/bangladesh/district/j3hl6jt8nl,2026-03-11,"ডিজেল কত দেশ থেকে আসে, ভারত থেকে কতটুকু ",2026,41,True,True,1,3,0,0,0,0,1,14,0,0,0,0,0,1,0,0
prothomalo:https://www.prothomalo.com/bangladesh/district/wqdn5qr5t8,prothomalo,bn,https://www.prothomalo.com/bangladesh/district/wqdn5qr5t8,2026-03-10,"শ্বশুর ডিলার, জামাতার বাড়িতে পাওয়া গেল অবৈধভাবে মজুত ডিজেল",2026,11,True,True,0,1,0,0,0,0,0,0,0,0,0,0,0,0,0,0
prothomalo:https://www.prothomalo.com/bangladesh/district/e9a6lzs3my,prothomalo,bn,https://www.prothomalo.com/bangladesh/district/e9a6lzs3my,2026-03-10,"ডিজেল সরবরাহ কমেছে, লাইটার জাহাজ ও ডিপো পরিচালনায় সংকটের শঙ্কা",2026,14,True,True,0,0,0,0,0,0,0,0,0,0,0,0,0,0,0,0
prothomalo:https://www.prothomalo.com/bangladesh/district/1s7bn0ijaj,prothomalo,bn,https://www.prothomalo.com/bangladesh/district/1s7bn0ijaj,2026-03-09,"মধ্যপ্রাচ্যে যুদ্ধ শুরুর পর ডিজেল নিয়ে এল প্রথম ট্যাংকার, আসবে আরও চারটি",2026,23,True,True,1,2,0,0,0,0,0,1,0,0,0,0,0,0,0,0
prothomalo:https://www.prothomalo.com/bangladesh/district/3iz89b5o5w,prothomalo,bn,https://www.prothomalo.com/bangladesh/district/3iz89b5o5w,2026-03-23,গাইবান্ধায় পেট্রল না পেয়ে ঢাকা-রংপুর মহাসড়ক আধা ঘণ্টা অবরোধ,2026,14,True,True,0,0,0,0,0,0,0,0,0,0,0,0,0,0,1,5
prothomalo:https://www.prothomalo.com/bangladesh/district/atnbe0nzm9,prothomalo,bn,https://www.prothomalo.com/bangladesh/district/atnbe0nzm9,2026-03-23,"৪৩টি ফিলিং স্টেশন বন্ধ, ৩টিতে বিক্রি হচ্ছে শুধু পেট্রল",2026,28,True,True,0,0,0,0,0,1,0,0,0,1,0,0,0,0,0,0
prothomalo:https://www.prothomalo.com/bangladesh/district/baanshjhaarre-maattir-nice-ttyaank-bsiyye-ddijel-mjut,prothomalo,bn,https://www.prothomalo.com/bangladesh/district/baanshjhaarre-maattir-nice-ttyaank-bsiyye-ddijel-mjut,2026-03-07,বাঁশঝাড়ে মাটির নিচে ট্যাংক বসিয়ে ডিজেল মজুত,2026,4,True,True,0,0,0,0,0,0,0,0,0,0,0,0,0,0,0,0
prothomalo:https://www.prothomalo.com/bangladesh/district/s7qcxx94ro,prothomalo,bn,https://www.prothomalo.com/bangladesh/district/s7qcxx94ro,2026-03-07,বাঁশঝাড়ে মাটির নিচে পানির ট্যাংক বসিয়ে ১০ হাজার লিটার ডিজেল মজুত,2026,6,True,True,0,0,0,0,0,0,0,0,0,0,0,0,0,0,0,0
prothomalo:https://www.prothomalo.com/bangladesh/district/5rwep54pwp,prothomalo,bn,https://www.prothomalo.com/bangladesh/district/5rwep54pwp,2026-03-02,সাতক্ষীরায় ইউনিয়ন বিএনপির কার্যালয়ে পেট্রল ঢেলে আগুন,2026,4,True,True,0,0,0,0,0,0,0,0,0,0,0,0,0,0,0,0
prothomalo:https://www.prothomalo.com/business/industry/xh9wsncc5r,prothomalo,bn,https://www.prothomalo.com/business/industry/xh9wsncc5r,2026-03-09,ভোজ্যতেলের দাম এক ফোঁটাও বৃদ্ধির আশঙ্কা নেই: বাণিজ্যমন্ত্রী,2026,5,True,True,0,1,0,0,0,0,0,1,0,0,0,0,0,1,0,0
prothomalo:https://www.prothomalo.com/bangladesh/vvd13a8k11,prothomalo,bn,https://www.prothomalo.com/bangladesh/vvd13a8k11,2026-03-08,উড়োজাহাজের জ্বালানির দাম বাড়ল,2026,4,True,True,0,0,0,0,0,0,0,0,0,0,0,0,0,0,0,0
prothomalo:https://www.prothomalo.com/video/bangladesh/7mfmx8dbmz,prothomalo,bn,https://www.prothomalo.com/video/bangladesh/7mfmx8dbmz,2026-03-06,দাম বাড়ার গুজবে সাতক্ষীরায় পেট্রলপাম্পে তেল নেওয়ার হিড়িক,2026,6,True,True,1,2,0,0,0,0,0,0,0,0,0,0,0,0,0,0
prothomalo:https://www.kishoralo.com/feature/19sz4163aj,prothomalo,bn,https://www.kishoralo.com/feature/19sz4163aj,2026-03-04,যুদ্ধ হলে তেল-গ্যাসের দাম বাড়ে কেন,2026,12,False,True,1,26,0,0,0,0,0,1,0,0,0,0,0,1,0,0
prothomalo:https://www.prothomalo.com/bangladesh/tele-bhrtuki-ek-maase-5-haajaar-kotti,prothomalo,bn,https://www.prothomalo.com/bangladesh/tele-bhrtuki-ek-maase-5-haajaar-kotti,2026-03-31,তেলে ভর্তুকি: এক মাসে ৫ হাজার কোটি,2026,6,False,True,1,3,0,0,0,0,0,0,0,0,0,0,1,3,0,0
prothomalo:https://www.prothomalo.com/bangladesh/tel-bikrite-siimaa-bendhe-dil-bipisi,prothomalo,bn,https://www.prothomalo.com/bangladesh/tel-bikrite-siimaa-bendhe-dil-bipisi,2026-03-06,তেল বিক্রিতে সীমা বেঁধে দিল বিপিসি,2026,7,True,True,0,1,0,0,0,0,0,0,0,0,0,0,0,0,0,0
prothomalo:https://www.prothomalo.com/bangladesh/fudaecl65g,prothomalo,bn,https://www.prothomalo.com/bangladesh/fudaecl65g,2026-03-10,দিনে ৫ লিটার তেল পাবে রাইড শেয়ারের মোটরসাইকেল,2026,18,False,True,0,1,0,0,0,0,0,0,0,0,0,0,0,0,0,0
prothomalo:https://www.prothomalo.com/bangladesh/district/gal7mmey3e,prothomalo,bn,https://www.prothomalo.com/bangladesh/district/gal7mmey3e,2026-03-15,খুলনায় ডিপো থেকে তেল উত্তোলন শুরু,2026,8,False,True,0,0,0,0,0,0,0,0,0,0,0,0,0,0,1,2
prothomalo:https://www.prothomalo.com/bangladesh/ddhaakaar-bibhinn-paampe-gaarrir-laain,prothomalo,bn,https://www.prothomalo.com/bangladesh/ddhaakaar-bibhinn-paampe-gaarrir-laain,2026-03-05,ঢাকার বিভিন্ন পাম্পে গাড়ির লাইন,2026,5,False,True,0,0,0,0,0,0,0,0,0,0,0,0,0,0,0,0
prothomalo:https://www.prothomalo.com/bangladesh/capital/xfgnapa2f0,prothomalo,bn,https://www.prothomalo.com/bangladesh/capital/xfgnapa2f0,2026-03-07,রাজধানীর ফিলিং স্টেশনগুলোর নিরাপত্তা নজরদারিতে পুলিশ,2026,9,False,True,1,6,0,0,0,0,0,0,0,0,0,0,0,0,0,0
prothomalo:https://www.prothomalo.com/bangladesh/district/d224ziu39p,prothomalo,bn,https://www.prothomalo.com/bangladesh/district/d224ziu39p,2026-03-14,"খুলনায় ডিপো থেকে তেল উত্তোলন বন্ধ, চাহিদামতো সরবরাহ না পাওয়ার অভিযোগ",2026,8,False,True,0,0,0,0,0,0,0,0,0,0,0,0,0,0,1,2
prothomalo:https://www.prothomalo.com/bangladesh/district/v85gwl8kto,prothomalo,bn,https://www.prothomalo.com/bangladesh/district/v85gwl8kto,2026-03-29,শরীয়তপুরে তেল না পেয়ে পাম্প ঘেরাও করে বিক্ষোভ কৃষকদের,2026,14,False,True,0,0,0,0,0,0,0,0,0,0,0,0,0,0,1,12
prothomalo:https://www.prothomalo.com/bangladesh/tpplx88bar,prothomalo,bn,https://www.prothomalo.com/bangladesh/tpplx88bar,2026-03-30,দেশজুড়ে অভিযানে ২ লাখ ৮ হাজার ৬৫০ লিটার তেল উদ্ধার,2026,24,False,True,1,3,0,0,1,4,1,4,0,0,0,0,0,1,0,0
prothomalo:https://www.prothomalo.com/opinion/editorial/6t1r74cy7g,prothomalo,bn,https://www.prothomalo.com/opinion/editorial/6t1r74cy7g,2026-03-30,মজুতদারদের বিরুদ্ধে কঠোর ব্যবস্থা নিতে হবে,2026,18,False,True,1,11,0,0,1,4,0,1,0,0,0,0,1,2,0,0
prothomalo:https://www.prothomalo.com/bangladesh/98dg2rig45,prothomalo,bn,https://www.prothomalo.com/bangladesh/98dg2rig45,2026-03-31,পেট্রলপাম্পে নিরাপত্তা জোরদারের দাবি পাম্পমালিকদের,2026,21,True,True,1,3,0,0,0,0,0,0,0,0,1,3,0,0,0,0
prothomalo:https://www.prothomalo.com/bangladesh/district/3pzf6gxed1,prothomalo,bn,https://www.prothomalo.com/bangladesh/district/3pzf6gxed1,2026-03-29,‘বাচ্চার বাবায় হুন্ডার তেল না পাইলে তো যাইতে পারতেছি না’,2026,16,False,True,0,0,0,0,0,0,0,0,0,0,0,0,0,0,0,0
prothomalo:https://www.prothomalo.com/bangladesh/district/4iifq9366t,prothomalo,bn,https://www.prothomalo.com/bangladesh/district/4iifq9366t,2026-03-14,"‘গাড়িআলারা তেল পাচ্ছে, আমরা কৃষকেরা পাচ্ছিনে’",2026,19,False,True,0,0,0,0,0,0,0,0,0,0,0,0,0,1,0,0
prothomalo:https://www.prothomalo.com/bangladesh/etvsvqgisx,prothomalo,bn,https://www.prothomalo.com/bangladesh/etvsvqgisx,2026-03-06,যানবাহনে তেল নেওয়ার সীমা বেঁধে দিল বিপিসি,2026,23,True,True,1,9,0,0,0,0,0,0,0,0,0,0,0,0,0,0
prothomalo:https://www.prothomalo.com/bangladesh/district/hl3b9f3f6w,prothomalo,bn,https://www.prothomalo.com/bangladesh/district/hl3b9f3f6w,2026-03-26,সাগরঘেরা দ্বীপটিতে যান চলাচল পুরোপুরি বন্ধ হওয়ার শঙ্কা,2026,10,False,True,0,0,0,0,0,0,0,0,0,0,0,0,0,0,0,0
prothomalo:https://www.prothomalo.com/bangladesh/district/cam796rqhs,prothomalo,bn,https://www.prothomalo.com/bangladesh/district/cam796rqhs,2026-03-06,ইরান-ইসরায়েল যুদ্ধ: সাতক্ষীরায় পেট্রলপাম্পে তেল কেনার হিড়িক,2026,19,True,True,1,6,0,0,0,0,0,0,0,0,0,0,0,0,0,0
prothomalo:https://www.prothomalo.com/politics/ugcf0zesxw,prothomalo,bn,https://www.prothomalo.com/politics/ugcf0zesxw,2026-03-30,"পাম্পে দীর্ঘ লাইন প্রকৃত চিত্র নয়, অতিরিক্ত ক্রয় ও মজুতের প্রবণতায় কৃত্রিম সংকট",2026,27,False,True,1,4,0,0,1,2,0,1,0,0,0,1,1,4,0,0
prothomalo:https://www.prothomalo.com/bangladesh/kqkqtri6gz,prothomalo,bn,https://www.prothomalo.com/bangladesh/kqkqtri6gz,2026-03-25,দুটি ডিজেলবাহী জাহাজ আনতে বাড়তি ব্যয় ৩৩০ কোটি টাকা ,2026,42,True,True,1,22,0,0,0,0,0,0,0,0,0,0,1,3,0,0
prothomalo:https://www.prothomalo.com/bangladesh/1smcoy8yjr,prothomalo,bn,https://www.prothomalo.com/bangladesh/1smcoy8yjr,2026-03-14,‘এক পাম্প থেকে আরেক পাম্পে যেতেই হাফ লিটার তেল যায়’,2026,9,False,True,1,3,0,0,0,0,0,0,0,0,0,0,0,0,0,0
prothomalo:https://www.prothomalo.com/bangladesh/district/71hmz9u81j,prothomalo,bn,https://www.prothomalo.com/bangladesh/district/71hmz9u81j,2026-03-24,"বগুড়ায় ৭৮টি ফিলিং স্টেশনের বেশিরভাগই বন্ধ, ভোগান্তিতে যানবাহনের চালকেরা",2026,28,False,True,0,0,0,0,0,0,0,0,0,0,0,0,0,1,0,0
prothomalo:https://www.prothomalo.com/bangladesh/capital/b2lqe0ot62,prothomalo,bn,https://www.prothomalo.com/bangladesh/capital/b2lqe0ot62,2026-03-11,রাজধানীর বিভিন্ন পাম্পে আজও দীর্ঘ সারি,2026,17,False,True,0,0,0,0,0,0,0,0,0,0,0,0,0,0,0,0
prothomalo:https://www.prothomalo.com/video/bangladesh/9qimixogrc,prothomalo,bn,https://www.prothomalo.com/video/bangladesh/9qimixogrc,2026-03-06,"ফিলিং স্টেশনগুলোতে লম্বা লাইন, তেল নেওয়ার সীমা বেঁধে দিল বিপিসি",2026,2,True,True,0,0,0,0,0,0,0,0,0,0,0,0,0,0,0,0
prothomalo:https://www.prothomalo.com/bangladesh/ek-dine-88-haajaar-littaar-tel-uddhaar,prothomalo,bn,https://www.prothomalo.com/bangladesh/ek-dine-88-haajaar-littaar-tel-uddhaar,2026-03-31,এক দিনে ৮৮ হাজার লিটার তেল উদ্ধার,2026,3,False,True,0,0,0,0,0,1,0,0,0,0,0,0,0,0,0,0
prothomalo:https://www.prothomalo.com/bangladesh/district/hybsbm8btf,prothomalo,bn,https://www.prothomalo.com/bangladesh/district/hybsbm8btf,2026-03-31,"পাম্পে তেল না পেয়ে কৃষিমন্ত্রীকে ফোন কৃষকের, তবু তেল মিলছে না",2026,4,False,True,0,1,0,0,0,0,0,0,0,0,0,0,0,0,0,0
prothomalo:https://www.prothomalo.com/bangladesh/district/yje7s1vy6n,prothomalo,bn,https://www.prothomalo.com/bangladesh/district/yje7s1vy6n,2026-03-31,"আখাউড়ায় চাকায় রং দিয়ে নির্ধারিত দামে তেল বিক্রি, সংকটের মধ্যে খুচরা ব্যবসায়ীর ব্যতিক্রমী উদ্যোগ",2026,7,False,True,0,0,0,0,0,0,0,0,0,0,0,0,0,0,0,0
prothomalo:https://www.prothomalo.com/bangladesh/district/f0bgkmhm5w,prothomalo,bn,https://www.prothomalo.com/bangladesh/district/f0bgkmhm5w,2026-03-31,"তেল মজুত করে ৩০০ টাকা লিটার বিক্রি করছিলেন দোকানি, জরিমানা",2026,14,False,True,0,0,0,0,0,0,0,0,0,0,0,0,0,0,0,0
prothomalo:https://www.prothomalo.com/world/middle-east/nz4ghm5v3s,prothomalo,bn,https://www.prothomalo.com/world/middle-east/nz4ghm5v3s,2026-03-31,ট্রাম্পের হুমকির পর দুবাই উপকূলে বড় তেল ট্যাঙ্কারে ইরানের হামলা,2026,3,False,True,1,24,0,0,0,0,0,0,0,1,0,0,0,0,0,0
prothomalo:https://www.prothomalo.com/bangladesh/district/sjabdkpu5f,prothomalo,bn,https://www.prothomalo.com/bangladesh/district/sjabdkpu5f,2026-03-30,"‘তেল নিতে গিয়েই পাম্পে এক বেলা শেষ, কাজ করব কখন’",2026,18,False,True,0,0,0,0,0,0,0,0,0,0,0,0,0,0,0,0
prothomalo:https://www.prothomalo.com/world/south-america/fvv2638b86,prothomalo,bn,https://www.prothomalo.com/world/south-america/fvv2638b86,2026-03-30,"কিউবায় পৌঁছাল রাশিয়ার তেল, হাভানার পাশে থাকার অঙ্গীকার মস্কোর",2026,4,False,True,0,0,0,0,0,0,0,0,0,0,0,0,0,0,1,2
prothomalo:https://www.prothomalo.com/bangladesh/district/m4fhriqkx4,prothomalo,bn,https://www.prothomalo.com/bangladesh/district/m4fhriqkx4,2026-03-30,"১৫ কিলোমিটার ঘুরে ৩০০ টাকার তেল 
পেলেন মোটরসাইকেলচালক রহিম",2026,22,False,True,1,5,0,1,0,0,0,0,0,0,0,0,0,1,0,0
prothomalo:https://www.prothomalo.com/bangladesh/bzq29a50h5,prothomalo,bn,https://www.prothomalo.com/bangladesh/bzq29a50h5,2026-03-30,"গভীর রাতে ৫ পাম্পে ঘোরাঘুরি, ৭ ঘণ্টা লাইনে দাঁড়িয়ে পেলেন গাড়ির তেল",2026,5,False,True,0,0,0,0,0,0,0,0,0,0,0,0,0,0,0,0
prothomalo:https://www.prothomalo.com/world/usa/niwsplkxif,prothomalo,bn,https://www.prothomalo.com/world/usa/niwsplkxif,2026-03-30,"রাখঢাক না রেখেই ট্রাম্প বললেন, ইরানের তেল চান",2026,3,False,True,1,35,0,0,0,0,0,0,0,0,0,0,0,0,0,0
prothomalo:https://www.prothomalo.com/bangladesh/district/3wlk4ftjmt,prothomalo,bn,https://www.prothomalo.com/bangladesh/district/3wlk4ftjmt,2026-03-29,তেল না পেয়ে পেট্রলপাম্পের ব্যবস্থাপককে হত্যা,2026,4,True,True,0,0,0,0,0,0,0,0,0,0,0,0,0,0,0,0
prothomalo:https://www.prothomalo.com/bangladesh/district/s8ho8v7zyu,prothomalo,bn,https://www.prothomalo.com/bangladesh/district/s8ho8v7zyu,2026-03-29,"রাঙামাটিতে তেল বিক্রি হচ্ছে রুটিন করে, শৃঙ্খলায় পাম্পে সেনাবাহিনী মোতায়েন",2026,16,False,True,0,0,0,0,1,2,0,0,0,0,0,0,0,0,0,0
prothomalo:https://www.prothomalo.com/bangladesh/district/g57p8hayed,prothomalo,bn,https://www.prothomalo.com/bangladesh/district/g57p8hayed,2026-03-29,"ফিলিং স্টেশনগুলোতে তেল না পেয়ে ক্রেতাদের ক্ষোভ, অতিরিক্ত চাপকে দায়ী করছেন স্টেশনের লোকজন",2026,8,False,True,0,0,0,0,0,1,0,0,0,0,0,0,0,1,0,0
prothomalo:https://www.prothomalo.com/bangladesh/capital/s1ebg1j7j7,prothomalo,bn,https://www.prothomalo.com/bangladesh/capital/s1ebg1j7j7,2026-03-27,সাড়ে ১০ ঘণ্টা অপেক্ষার পর তেল পেলেন পলাশ,2026,4,False,True,0,0,0,0,0,0,0,0,0,0,0,0,0,0,0,0
prothomalo:https://www.prothomalo.com/world/middle-east/dhzfs6knhv,prothomalo,bn,https://www.prothomalo.com/world/middle-east/dhzfs6knhv,2026-03-27,"হরমুজ সংকটের মধ্যে দিনে ১৪ কোটি ডলারের তেল বিক্রি করছে ইরান, যুদ্ধের মধ্যেও বেড়েছে আয়",2026,5,False,True,1,34,0,0,0,0,0,0,0,0,0,0,0,0,0,0
prothomalo:https://www.prothomalo.com/bangladesh/district/ymjx7s1cmm,prothomalo,bn,https://www.prothomalo.com/bangladesh/district/ymjx7s1cmm,2026-03-27,"শরীয়তপুরে তেল না থাকায় দুই দিন ধরে সব কটি ফিলিং স্টেশন বন্ধ, ভোগান্তি",2026,15,False,True,0,0,0,0,0,0,0,0,0,0,0,0,0,0,0,0
prothomalo:https://www.prothomalo.com/bangladesh/capital/eg6c1t4x4t,prothomalo,bn,https://www.prothomalo.com/bangladesh/capital/eg6c1t4x4t,2026-03-26,সন্তানকে হাসপাতালে নেওয়ার পথে সাড়ে চার ঘণ্টা লাইনে দাঁড়িয়ে পেলেন তেল,2026,7,False,True,0,0,0,0,0,0,0,0,0,0,0,0,0,0,0,0
prothomalo:https://www.prothomalo.com/bangladesh/district/h00vz5qxhr,prothomalo,bn,https://www.prothomalo.com/bangladesh/district/h00vz5qxhr,2026-03-25,সিলেটে ফিলিং স্টেশন থেকে মোটরসাইকেলে তেল নিতে পুলিশের ৩ শর্ত,2026,4,False,True,0,0,0,1,0,0,0,0,0,0,0,0,0,0,0,0
prothomalo:https://www.prothomalo.com/bangladesh/capital/hbxj42fxuu,prothomalo,bn,https://www.prothomalo.com/bangladesh/capital/hbxj42fxuu,2026-03-25,তেল নিতে বন্ধ পাম্পে সাড়ে চার ঘণ্টা অপেক্ষায় জিয়ারুল,2026,6,False,True,0,0,0,0,0,0,0,0,0,0,0,0,0,0,0,0
prothomalo:https://www.prothomalo.com/bangladesh/district/cpt06lwb1n,prothomalo,bn,https://www.prothomalo.com/bangladesh/district/cpt06lwb1n,2026-03-24,"রাজশাহীতে পাম্পগুলোতে তেল সরবরাহ কম, গাড়ির ভিড়",2026,13,False,True,0,0,0,0,0,0,0,0,0,0,0,0,0,0,0,0
prothomalo:https://www.prothomalo.com/bangladesh/osbtjnhu5f,prothomalo,bn,https://www.prothomalo.com/bangladesh/osbtjnhu5f,2026-03-24,"ডিপোগুলোতে পর্যাপ্ত তেল আছে, পাম্পে দীর্ঘ লাইন দেওয়ার প্রয়োজন নেই: জ্বালানিমন্ত্রী",2026,8,False,True,0,0,0,0,0,0,0,0,0,0,0,0,0,0,0,0
prothomalo:https://www.prothomalo.com/video/bangladesh/v89tb0mu4l,prothomalo,bn,https://www.prothomalo.com/video/bangladesh/v89tb0mu4l,2026-03-24,তেল নেওয়াকে কেন্দ্র করে পেট্রলপাম্পে মারামারি ,2026,2,True,True,0,0,0,0,0,0,0,0,0,0,0,0,0,0,0,0
prothomalo:https://www.prothomalo.com/bangladesh/s6sxbkycjd,prothomalo,bn,https://www.prothomalo.com/bangladesh/s6sxbkycjd,2026-03-23,নিরাপত্তাহীনতাসহ তেল সরবরাহ না পাওয়ার কারণে পাম্পগুলো বন্ধ হয়ে যেতে পারে: মালিক সমিতি,2026,6,False,True,0,0,0,0,0,0,0,0,0,0,0,0,0,0,0,0
prothomalo:https://www.prothomalo.com/bangladesh/district/jbabe3or4t,prothomalo,bn,https://www.prothomalo.com/bangladesh/district/jbabe3or4t,2026-03-23,২৫ কিলোমিটার ঘুরে মিলল ২০০ টাকার তেল,2026,19,False,True,0,0,0,0,0,0,0,0,0,0,0,0,0,0,0,0
prothomalo:https://www.prothomalo.com/bangladesh/district/t8hgerxz57,prothomalo,bn,https://www.prothomalo.com/bangladesh/district/t8hgerxz57,2026-03-19,"চাহিদামতো তেল না পেয়ে ফিলিং স্টেশনে অস্ত্র উঁচিয়ে তাণ্ডব, ইটভাটার মালিক আটক",2026,5,False,True,0,0,1,2,0,0,0,0,0,0,0,0,0,0,0,0
prothomalo:https://www.prothomalo.com/bangladesh/capital/wmz2vazbfb,prothomalo,bn,https://www.prothomalo.com/bangladesh/capital/wmz2vazbfb,2026-03-17,"কোথাও রেশনিং, কোথাও চাহিদামতো তেল মিলছে",2026,5,False,True,0,0,0,0,0,0,0,0,0,0,0,0,0,0,0,0
prothomalo:https://www.prothomalo.com/bangladesh/capital/f0fh0pkfrc,prothomalo,bn,https://www.prothomalo.com/bangladesh/capital/f0fh0pkfrc,2026-03-17,তেল নিতে পাম্পের সামনে আজও অপেক্ষা,2026,8,False,True,0,0,0,0,0,0,0,0,0,0,0,0,0,0,0,0
prothomalo:https://www.prothomalo.com/bangladesh/capital/9abmnin60j,prothomalo,bn,https://www.prothomalo.com/bangladesh/capital/9abmnin60j,2026-03-15,রেশনিং তুলে দেওয়ার কথা বলা হলেও চাহিদামতো তেল মিলছে না,2026,3,False,True,0,0,0,0,0,0,0,0,0,0,0,0,0,0,0,0
prothomalo:https://www.prothomalo.com/bangladesh/capital/7c3qcxkds1,prothomalo,bn,https://www.prothomalo.com/bangladesh/capital/7c3qcxkds1,2026-03-13,"কিছু পাম্পে তেল নেই, কিছু পাম্পে ভিড় কম",2026,4,False,True,0,0,0,0,0,0,0,0,0,0,0,0,0,0,0,0
prothomalo:https://www.prothomalo.com/technology/294vp8y0ri,prothomalo,bn,https://www.prothomalo.com/technology/294vp8y0ri,2026-03-12,"কোন কোন পাম্পে তেল মিলবে, তার খোঁজ দিচ্ছে ‘তেল কই’ ওয়েবসাইট",2026,5,False,True,0,0,0,0,0,0,0,0,0,0,0,0,0,0,0,0
prothomalo:https://www.prothomalo.com/bangladesh/district/98ve2irqmn,prothomalo,bn,https://www.prothomalo.com/bangladesh/district/98ve2irqmn,2026-03-12,"রাঙামাটিতে ফিলিং স্টেশনে তেল কিনতে গিয়ে মারামারি, ভিডিও ভাইরাল",2026,19,False,True,1,2,0,0,0,0,0,0,0,0,0,0,0,0,0,0
prothomalo:https://www.prothomalo.com/bangladesh/district/chuttir-dineo-kholaa-thaakbe-bipisir-tel-ddipo,prothomalo,bn,https://www.prothomalo.com/bangladesh/district/chuttir-dineo-kholaa-thaakbe-bipisir-tel-ddipo,2026-03-12,ছুটির দিনেও খোলা থাকবে বিপিসির তেল ডিপো,2026,8,True,True,0,0,0,0,0,0,0,0,0,0,0,0,0,0,0,0
prothomalo:https://www.prothomalo.com/bangladesh/district/agm635pcwz,prothomalo,bn,https://www.prothomalo.com/bangladesh/district/agm635pcwz,2026-03-12,সরবরাহ স্বাভাবিক রাখতে ছুটির দিনেও খোলা থাকবে বিপিসির তেল ডিপো,2026,17,True,True,0,0,0,0,0,0,0,0,0,0,0,0,0,0,0,0
prothomalo:https://www.prothomalo.com/bangladesh/co31vnnr3y,prothomalo,bn,https://www.prothomalo.com/bangladesh/co31vnnr3y,2026-03-12,"যুক্তরাষ্ট্র রাশিয়ার তেল আমদানিতে ভারতকে যেমন ছাড় দিয়েছে, তেমনটি চেয়েছে বাংলাদেশ",2026,3,False,True,1,6,0,0,0,0,0,0,0,0,0,0,0,0,0,0
prothomalo:https://www.prothomalo.com/bangladesh/district/o989mwh1os,prothomalo,bn,https://www.prothomalo.com/bangladesh/district/o989mwh1os,2026-03-11,"বিপিসির তেল সরবরাহ বাড়ানোর ঘোষণা, ডিপো থেকে উত্তোলন শুরু করেছেন সিলেটের পাম্পমালিকেরা",2026,8,True,True,0,0,0,0,0,0,0,0,0,0,0,0,0,0,1,3
prothomalo:https://www.prothomalo.com/photo/bangladesh/z0syjqmvt6,prothomalo,bn,https://www.prothomalo.com/photo/bangladesh/z0syjqmvt6,2026-03-10,তেল সরবরাহ ঘিরে পতেঙ্গায় ব্যস্ততা,2026,4,False,True,0,0,0,0,0,0,1,2,0,0,0,0,0,0,0,0
prothomalo:https://www.prothomalo.com/bangladesh/district/j5ihovzm1d,prothomalo,bn,https://www.prothomalo.com/bangladesh/district/j5ihovzm1d,2026-03-10,"সিলেটে ফিলিং স্টেশনে ধর্মঘট প্রত্যাহার, তবে ডিপো থেকে তেল উত্তোলন বন্ধের ঘোষণা",2026,20,False,True,0,1,0,0,0,0,0,0,0,1,0,0,0,1,1,7
prothomalo:https://www.prothomalo.com/bangladesh/dine-5-littaar-tel-paabe-raaiddsheyyaarer-mottrsaaikel,prothomalo,bn,https://www.prothomalo.com/bangladesh/dine-5-littaar-tel-paabe-raaiddsheyyaarer-mottrsaaikel,2026-03-10,দিনে ৫ লিটার তেল পাবে রাইডশেয়ারের মোটরসাইকেল,2026,3,False,True,0,1,0,0,0,0,0,0,0,0,0,0,0,0,0,0
prothomalo:https://www.prothomalo.com/bangladesh/crime/k9cjgbk3l9,prothomalo,bn,https://www.prothomalo.com/bangladesh/crime/k9cjgbk3l9,2026-03-09,পাম্পে তেল নিতে গিয়ে আগ্নেয়াস্ত্র বের করলেন তিনি,2026,6,False,True,1,2,0,0,0,0,0,0,0,0,0,0,0,0,0,0
prothomalo:https://www.prothomalo.com/bangladesh/district/nzl2darsn8,prothomalo,bn,https://www.prothomalo.com/bangladesh/district/nzl2darsn8,2026-03-09,"নারায়ণগঞ্জে ডিপোর সামনে ট্যাংক-লরির দীর্ঘ সারি, চাহিদার সামান্য তেল মিলছে",2026,17,False,True,0,0,0,0,0,0,0,0,0,0,0,0,0,0,0,0
prothomalo:https://www.prothomalo.com/bangladesh/district/g5bdetynuu,prothomalo,bn,https://www.prothomalo.com/bangladesh/district/g5bdetynuu,2026-03-08,‘দু-চার টাকা লাভ করার জন্যেই তেল লুকায় রাখছিনু’,2026,6,False,True,0,0,0,0,0,0,0,0,0,1,0,0,0,0,0,0
prothomalo:https://www.prothomalo.com/business/economics/ma7ln40okj,prothomalo,bn,https://www.prothomalo.com/business/economics/ma7ln40okj,2026-03-08,চট্টগ্রাম বন্দরে তেল-গ্যাসের ১০ জাহাজ,2026,11,False,True,1,15,0,0,0,0,0,0,0,0,0,0,0,0,0,0
prothomalo:https://www.prothomalo.com/bangladesh/capital/mhoot6xly0,prothomalo,bn,https://www.prothomalo.com/bangladesh/capital/mhoot6xly0,2026-03-07,"‘তেল নিতেই দিনের অর্ধেক পার, বাকি সময়ে কি আর পোষায়’",2026,13,False,True,1,8,0,0,0,0,0,0,0,0,0,0,0,0,1,2
prothomalo:https://www.prothomalo.com/bangladesh/district/5ywb7fsnfw,prothomalo,bn,https://www.prothomalo.com/bangladesh/district/5ywb7fsnfw,2026-03-07,"কোথাও ‘তেল নাই’ লেখা সাঁটিয়ে বিক্রি বন্ধ, কোথাও ‘সীমিত পরিসরে’ বিক্রি",2026,50,False,True,1,2,0,0,0,1,0,0,0,0,0,0,0,0,0,0
prothomalo:https://www.prothomalo.com/video/bangladesh/hmxlpjln21,prothomalo,bn,https://www.prothomalo.com/video/bangladesh/hmxlpjln21,2026-03-06,তেল নিতে পরীবাগ ফিলিং স্টেশন থেকে শাহবাগ মেট্রো স্টেশন পর্যন্ত লম্বা লাইন,2026,4,False,True,0,0,0,0,0,0,0,0,0,0,0,0,0,1,0,0
prothomalo:https://www.haal.fashion/lifestyle/habuazz4yq,prothomalo,bn,https://www.haal.fashion/lifestyle/habuazz4yq,2026-03-06,সংকটের ভয়ে দেশে তেল কেনার হিড়িক: কী কী কাজে আসে এই তেল আর কোন দেশে কত তেল লাগে,2026,20,False,True,1,24,0,0,0,0,0,0,0,0,0,0,1,5,0,0
prothomalo:https://www.prothomalo.com/bangladesh/wsqduzzkzr,prothomalo,bn,https://www.prothomalo.com/bangladesh/wsqduzzkzr,2026-03-05,"তেল-গ্যাস নিয়ে দুশ্চিন্তা, এখনই সাশ্রয়ের নির্দেশনা ",2026,32,False,True,1,15,0,1,0,0,0,1,0,0,0,0,0,0,0,0
prothomalo:https://www.prothomalo.com/business/world-business/hgydq079br,prothomalo,bn,https://www.prothomalo.com/business/world-business/hgydq079br,2026-03-02,"বিশ্বের শীর্ষ ১০ তেল কোম্পানি, মধ্যপ্রাচ্যের মাত্র ১টি",2026,7,False,True,1,5,0,0,0,0,0,1,0,0,0,0,0,0,0,0
prothomalo:https://www.prothomalo.com/bangladesh/dutti-ddijelbaahii-jaahaaj-aante-baarrti-bipul-byyy,prothomalo,bn,https://www.prothomalo.com/bangladesh/dutti-ddijelbaahii-jaahaaj-aante-baarrti-bipul-byyy,2026-03-25,দুটি ডিজেলবাহী জাহাজ আনতে বাড়তি বিপুল ব্যয়,2026,5,True,True,1,2,0,0,0,0,0,0,0,0,0,0,0,0,0,0
prothomalo:https://www.prothomalo.com/bangladesh/district/2pr52plxyh,prothomalo,bn,https://www.prothomalo.com/bangladesh/district/2pr52plxyh,2026-03-10,"সিলেটে ফিলিং স্টেশনের কর্মীর ওপর হামলা, ৫ দাবিতে দুপুর পর্যন্ত ধর্মঘট",2026,4,False,True,0,0,0,0,0,0,0,0,0,1,0,0,0,0,1,10
prothomalo:https://www.prothomalo.com/bangladesh/7m3v7efake,prothomalo,bn,https://www.prothomalo.com/bangladesh/7m3v7efake,2026-03-28, সব পেট্রলপাম্পে বসছে ‘ট্যাগ অফিসার’,2026,17,True,True,1,5,0,0,1,2,0,0,0,0,0,0,0,1,0,0
prothomalo:https://www.prothomalo.com/video/bangladesh/0807jhprxp,prothomalo,bn,https://www.prothomalo.com/video/bangladesh/0807jhprxp,2026-03-28,"সংসদ আধিবেশনে শব্দযন্ত্রের গোলযোগ, তদন্ত কমিটি গঠন | সব পেট্রলপাম্পে বসছে ‘ট্যাগ অফিসার’",2026,1,True,True,0,0,0,0,0,0,0,0,0,0,0,0,0,0,0,0
prothomalo:https://www.prothomalo.com/business/tu7gi6l3co,prothomalo,bn,https://www.prothomalo.com/business/tu7gi6l3co,2026-03-02,হরমুজ প্রণালি বন্ধ হলে এখনই জ্বালানিসংকটের শঙ্কা নেই ,2026,19,False,True,1,23,0,0,0,0,0,0,0,0,0,0,0,0,0,0
prothomalo:https://www.prothomalo.com/video/bangladesh/kxtsxbgmka,prothomalo,bn,https://www.prothomalo.com/video/bangladesh/kxtsxbgmka,2026-03-25,জামালপুরে প্রায় ৩ হাজার লিটার পেট্রলসহ আটক ৭,2026,2,True,True,0,0,0,0,0,1,0,0,0,0,0,0,0,0,0,0
prothomalo:https://www.prothomalo.com/video/international/4uyqdsibg0,prothomalo,bn,https://www.prothomalo.com/video/international/4uyqdsibg0,2026-03-14,"ইরান যুদ্ধ: ট্রাম্পের বক্তব্যে ভিন্নতা, সমালোচনায় ট্রাম্প প্রশাসন",2026,3,False,True,1,9,0,0,0,0,0,0,0,0,0,0,0,0,0,0
prothomalo:https://www.prothomalo.com/world/middle-east/2denao78v7,prothomalo,bn,https://www.prothomalo.com/world/middle-east/2denao78v7,2026-03-14,ইরান যুদ্ধ শেষ করতে ইসরায়েলকে এক সপ্তাহ সময় দিয়েছে ওয়াশিংটন: মার্কিন গণমাধ্যমের খবর,2026,3,False,True,1,10,0,0,0,0,0,0,0,0,0,0,0,0,0,1
prothomalo:https://www.prothomalo.com/business/world-business/ez2mh24pba,prothomalo,bn,https://www.prothomalo.com/business/world-business/ez2mh24pba,2026-03-20,মার্কিন ডলারের বিপরীতে ভারতীয় রুপির রেকর্ড পতন,2026,3,False,True,1,6,0,0,0,0,0,0,0,0,0,0,0,0,0,1
prothomalo:https://www.prothomalo.com/bangladesh/wfmoogkbzo,prothomalo,bn,https://www.prothomalo.com/bangladesh/wfmoogkbzo,2026-04-30,"দেশে জ্বালানি তেলের দাম নতুন করে বাড়েনি, কমানোও হয়নি",2026,30,True,True,1,4,0,0,0,0,0,0,0,0,0,0,0,0,0,0
prothomalo:https://www.prothomalo.com/bangladesh/district/pfmeyel6a3,prothomalo,bn,https://www.prothomalo.com/bangladesh/district/pfmeyel6a3,2026-04-23,"জ্বালানি তেলের দাম বাড়ার পর কেমন আছেন এই মুদিদোকানি, পোশাকশ্রমিক ও সবজিচাষি  
",2026,14,True,True,1,7,0,0,0,0,0,0,0,0,0,0,0,0,0,0
prothomalo:https://www.prothomalo.com/bangladesh/9xu9npolg8,prothomalo,bn,https://www.prothomalo.com/bangladesh/9xu9npolg8,2026-04-21,জ্বালানি তেলের দাম বাড়ানোর পরেও ফিলিং স্টেশনে গাড়ির লাইন কমেনি,2026,10,True,True,1,3,0,0,0,0,0,0,0,0,0,0,0,0,0,0
prothomalo:https://www.prothomalo.com/video/bangladesh/fqw4aurd6n,prothomalo,bn,https://www.prothomalo.com/video/bangladesh/fqw4aurd6n,2026-04-20,দাম বাড়ার পরেও জ্বালানি তেলের সংকট কেন কাটছে না?,2026,2,True,True,0,0,0,0,0,0,0,0,0,0,0,0,0,0,0,0
prothomalo:https://www.prothomalo.com/video/bangladesh/4x4j7ysm1i,prothomalo,bn,https://www.prothomalo.com/video/bangladesh/4x4j7ysm1i,2026-04-19,জ্বালানি সংকট-তেলের দাম বৃদ্ধি নিয়ে সংসদে ক্ষোভ ঝাড়লেন রুমিন ফারহানা,2026,4,True,True,0,0,0,0,1,2,0,0,0,0,0,0,0,0,0,0
prothomalo:https://www.prothomalo.com/video/bangladesh/mwc7zifl5d,prothomalo,bn,https://www.prothomalo.com/video/bangladesh/mwc7zifl5d,2026-04-19,"দাম বাড়ানোর পরও জ্বালানি তেলের ভোগান্তি কমছে না, পাম্পের সামনে দীর্ঘ সারি",2026,2,True,True,0,0,0,0,0,0,0,0,0,0,0,0,0,0,0,0
prothomalo:https://www.prothomalo.com/politics/r8oficyq7v,prothomalo,bn,https://www.prothomalo.com/politics/r8oficyq7v,2026-04-19,জ্বালানি তেলের সংকট নিয়ে প্রথম থেকে নাটক করে পরিকল্পিতভাবে দাম বৃদ্ধি: নাহিদ ইসলাম,2026,5,True,True,1,3,0,0,1,2,0,0,0,1,0,0,0,0,0,0
prothomalo:https://www.prothomalo.com/business/analysis/zqj2amnqtw,prothomalo,bn,https://www.prothomalo.com/business/analysis/zqj2amnqtw,2026-04-19,"জ্বালানি তেলের কারণে পণ্যের দাম বাড়বে কি না, তা এখনই বলা সম্ভব নয় ",2026,14,True,True,1,5,0,0,0,0,0,0,0,0,0,1,1,3,0,0
prothomalo:https://www.prothomalo.com/bangladesh/ie4qyrk2tg,prothomalo,bn,https://www.prothomalo.com/bangladesh/ie4qyrk2tg,2026-04-19,"জ্বালানি তেলের দাম বেড়েছে, কোনটায় কত",2026,84,True,True,1,17,0,0,0,0,0,0,0,0,0,0,0,1,0,0
prothomalo:https://www.prothomalo.com/video/bangladesh/qaorqzcmte,prothomalo,bn,https://www.prothomalo.com/video/bangladesh/qaorqzcmte,2026-04-18,জ্বালানি তেলের দাম কত বাড়ল,2026,3,True,True,0,1,0,0,0,0,0,0,0,0,0,0,0,0,0,0
prothomalo:https://www.prothomalo.com/bangladesh/jbaalaani-teler-daam-baarrlo,prothomalo,bn,https://www.prothomalo.com/bangladesh/jbaalaani-teler-daam-baarrlo,2026-04-18,জ্বালানি তেলের দাম বাড়লো,2026,7,True,True,0,1,0,0,0,0,0,0,0,0,0,0,0,0,0,0
prothomalo:https://www.prothomalo.com/bangladesh/s536vzly0e,prothomalo,bn,https://www.prothomalo.com/bangladesh/s536vzly0e,2026-04-18,জ্বালানি তেলের দাম লিটারে ১৫ থেকে ২০ টাকা পর্যন্ত বৃদ্ধি,2026,12,True,True,1,2,0,0,0,0,0,0,0,0,0,0,0,0,0,0
prothomalo:https://www.prothomalo.com/business/world-business/bishbbaajaare-kml-jbaalaani-teler-daam,prothomalo,bn,https://www.prothomalo.com/business/world-business/bishbbaajaare-kml-jbaalaani-teler-daam,2026-04-15,বিশ্ববাজারে কমল জ্বালানি তেলের দাম,2026,4,True,True,1,5,0,0,0,0,0,0,0,0,0,0,0,0,0,0
prothomalo:https://www.prothomalo.com/business/world-business/8vpw6vzah9,prothomalo,bn,https://www.prothomalo.com/business/world-business/8vpw6vzah9,2026-04-15,বিশ্ববাজারে টানা দুই দিন কমল জ্বালানি তেলের দাম,2026,5,True,True,1,19,0,0,0,0,0,0,0,0,0,0,0,0,1,2
prothomalo:https://www.haal.fashion/lifestyle/l4y41eegwg,prothomalo,bn,https://www.haal.fashion/lifestyle/l4y41eegwg,2026-04-29,"৪৫০ লিটার জ্বালানি তেলের সমান কাজ করে মাত্র ২০ গ্রাম ইউরেনিয়াম, জীবনযাপনে কী পরিবর্তন আনতে পারে এটি",2026,4,True,True,0,0,0,0,0,0,0,0,0,0,0,0,0,0,0,0
prothomalo:https://www.prothomalo.com/bangladesh/district/mfyk1xabnn,prothomalo,bn,https://www.prothomalo.com/bangladesh/district/mfyk1xabnn,2026-04-28,"পাম্পে জ্বালানি তেলের জন্য অপেক্ষা করছিলেন কৃষক, হঠাৎ অসুস্থ হয়ে মৃত্যু",2026,3,True,True,0,0,0,0,0,0,0,0,0,0,0,0,0,0,0,0
prothomalo:https://www.prothomalo.com/bangladesh/capital/ut82gtbk1a,prothomalo,bn,https://www.prothomalo.com/bangladesh/capital/ut82gtbk1a,2026-04-27,"জ্বালানি তেলের জন্য অপেক্ষার লাইন ছোট হয়েছে, কমেছে ভোগান্তি",2026,12,True,True,1,3,0,0,0,0,0,0,0,0,0,0,0,0,0,0
prothomalo:https://www.prothomalo.com/bangladesh/district/uh3y81xpo2,prothomalo,bn,https://www.prothomalo.com/bangladesh/district/uh3y81xpo2,2026-04-25,"জ্বালানি তেলের মূল্যবৃদ্ধিতে দ্রব্যমূল্যে প্রভাব পড়বে না, হিসাব দেখালেন বাণিজ্যমন্ত্রী",2026,7,True,True,1,4,0,0,0,0,0,0,0,1,0,0,0,0,0,0
prothomalo:https://www.prothomalo.com/bangladesh/capital/ej9xi595j0,prothomalo,bn,https://www.prothomalo.com/bangladesh/capital/ej9xi595j0,2026-04-23,জ্বালানি তেলের লাইন ছোট হয়ে আসছে,2026,12,True,True,0,0,0,0,0,0,0,0,0,0,0,0,0,0,0,0
prothomalo:https://www.prothomalo.com/video/bangladesh/thz6ko4xty,prothomalo,bn,https://www.prothomalo.com/video/bangladesh/thz6ko4xty,2026-04-22,"জাতীয় জীবনে যেন সংকটে না পড়ি, সে জন্য জ্বালানি তেলের মূল্য বৃদ্ধি করা হয়েছে: স্বরাষ্ট্রমন্ত্রী",2026,3,True,True,0,0,0,0,0,0,0,0,0,0,0,0,0,0,0,0
prothomalo:https://www.prothomalo.com/video/bangladesh/g55x7k7ggc,prothomalo,bn,https://www.prothomalo.com/video/bangladesh/g55x7k7ggc,2026-04-21,"জ্বালানি তেলের মূল্যবৃদ্ধি, সবজির ট্রাকপ্রতি ৫–১০ হাজার টাকা খরচ বেড়েছে",2026,3,True,True,0,0,0,0,0,0,0,0,0,0,0,0,0,0,0,0
prothomalo:https://www.prothomalo.com/business/economics/xa979a0hti,prothomalo,bn,https://www.prothomalo.com/business/economics/xa979a0hti,2026-04-21,জ্বালানি তেলের মূল্যবৃদ্ধিতে মূল্যস্ফীতির ওপর তেমন প্রভাব পড়বে না: বাণিজ্যমন্ত্রী,2026,4,True,True,1,2,0,0,1,3,0,0,0,0,0,0,0,0,0,0
prothomalo:https://www.prothomalo.com/bangladesh/hqv6evgxj3,prothomalo,bn,https://www.prothomalo.com/bangladesh/hqv6evgxj3,2026-04-21,"জ্বালানি তেলের পর্যাপ্ত মজুত আছে, ‘প্যানিক বায়িং’ থেকে বিরত থাকার আহ্বান তথ্য উপদেষ্টার",2026,16,True,True,0,0,0,0,1,4,0,0,0,0,0,0,0,0,0,0
prothomalo:https://www.prothomalo.com/bangladesh/0ski3nnp21,prothomalo,bn,https://www.prothomalo.com/bangladesh/0ski3nnp21,2026-04-20,জ্বালানি তেলের বর্ধিত মূল্য প্রত্যাহারের দাবি ছাত্র ফেডারেশনের,2026,6,True,True,0,0,1,5,0,0,0,0,0,0,0,0,0,0,0,0
prothomalo:https://www.prothomalo.com/politics/t2kocjtggz,prothomalo,bn,https://www.prothomalo.com/politics/t2kocjtggz,2026-04-20,জ্বালানি তেলের সংকট নিয়ে সংসদে বিরোধীদলীয় নেতা ও স্বরাষ্ট্রমন্ত্রীর বিতর্ক,2026,6,True,True,0,1,0,0,0,0,0,1,0,0,0,0,0,0,0,0
prothomalo:https://www.prothomalo.com/bangladesh/pdjh4amcwf,prothomalo,bn,https://www.prothomalo.com/bangladesh/pdjh4amcwf,2026-04-20,"জ্বালানি তেলের মূল্যবৃদ্ধিতে মূল্যস্ফীতি কেন ‘সেভাবে বাড়বে না’, সেই ব্যাখ্যা দিলেন বাণিজ্যমন্ত্রী",2026,10,True,True,1,3,0,0,0,0,1,2,0,0,0,0,1,4,0,0
prothomalo:https://www.prothomalo.com/bangladesh/district/fan18hp8vx,prothomalo,bn,https://www.prothomalo.com/bangladesh/district/fan18hp8vx,2026-04-20,জ্বালানি তেলের সংকট ও মূল্যবৃদ্ধিতে যশোরে দুই দফায় ট্রাকের ভাড়া বেড়েছে,2026,8,True,True,0,0,0,0,0,0,0,0,0,0,0,0,0,0,0,0
prothomalo:https://www.prothomalo.com/bangladesh/district/pfz0s1krrm,prothomalo,bn,https://www.prothomalo.com/bangladesh/district/pfz0s1krrm,2026-04-20,জ্বালানি তেলের মূল্যবৃদ্ধিতে পাবনায় বিক্রয় প্রতিনিধিরা দিশাহারা,2026,9,True,True,0,0,0,0,0,0,0,0,0,0,0,0,0,0,0,0
prothomalo:https://www.prothomalo.com/bangladesh/2ku4qfy1p1,prothomalo,bn,https://www.prothomalo.com/bangladesh/2ku4qfy1p1,2026-04-20,মূল্যবৃদ্ধির পর জ্বালানি তেলের সরবরাহ বাড়াল বিপিসি,2026,64,True,True,1,6,0,1,0,0,0,0,0,0,0,0,1,6,0,0
prothomalo:https://www.prothomalo.com/bangladesh/kmjpe6lmq3,prothomalo,bn,https://www.prothomalo.com/bangladesh/kmjpe6lmq3,2026-04-19,জ্বালানি তেলের মূল্যবৃদ্ধিতে জনগণের প্রতি সুবিচার হয়নি,2026,7,True,True,1,2,0,1,0,1,0,0,0,0,0,0,0,0,0,0
prothomalo:https://www.prothomalo.com/bangladesh/deshe-jbaalaani-teler-rekrdd-muulybrddhi,prothomalo,bn,https://www.prothomalo.com/bangladesh/deshe-jbaalaani-teler-rekrdd-muulybrddhi,2026-04-19,দেশে জ্বালানি তেলের রেকর্ড মূল্যবৃদ্ধি,2026,9,True,True,0,1,0,0,0,0,0,0,0,0,0,0,0,0,0,0
prothomalo:https://www.prothomalo.com/business/lkqp4w1mki,prothomalo,bn,https://www.prothomalo.com/business/lkqp4w1mki,2026-04-14,জ্বালানি তেলের মূল্যবৃদ্ধির কারণে মার্চে বৈদ্যুতিক গাড়ি বিক্রি বেড়েছে,2026,4,True,True,0,1,0,0,0,0,0,0,0,0,0,0,0,1,0,0
prothomalo:https://www.prothomalo.com/bangladesh/district/i0udgw74ri,prothomalo,bn,https://www.prothomalo.com/bangladesh/district/i0udgw74ri,2026-04-08,"নাটোরে জ্বালানি তেলের দাবিতে মহাসড়ক অবরোধ, ফিলিং স্টেশনকে ৫০ হাজার টাকা জরিমানা",2026,2,True,True,0,0,0,0,0,0,0,0,0,0,0,0,0,0,1,7
prothomalo:https://www.prothomalo.com/bangladesh/district/q3r7xvfbvr,prothomalo,bn,https://www.prothomalo.com/bangladesh/district/q3r7xvfbvr,2026-04-08,অফিস ফেলে জ্বালানি তেলের জন্য লাইনে দীর্ঘ অপেক্ষা,2026,6,True,True,0,0,0,0,0,0,0,0,0,1,0,0,0,0,0,0
prothomalo:https://www.prothomalo.com/bangladesh/district/xsqsoh3u1o,prothomalo,bn,https://www.prothomalo.com/bangladesh/district/xsqsoh3u1o,2026-04-08,"ময়মনসিংহে বিএনপি নেতার ফিলিং স্টেশনে জ্বালানি তেলের তথ্যে গরমিল, ব্যবস্থাপক গ্রেপ্তার",2026,8,True,True,0,0,0,0,0,1,0,0,0,0,0,0,0,0,0,0
prothomalo:https://www.prothomalo.com/business/industry/u44fdg5l3s,prothomalo,bn,https://www.prothomalo.com/business/industry/u44fdg5l3s,2026-04-08,জ্বালানি তেলের সংকটে গাড়ি এলপিজি ও সিএনজিতে রূপান্তর বেড়েছে,2026,7,True,True,0,1,0,0,0,0,0,0,0,0,0,0,0,0,0,0
prothomalo:https://www.prothomalo.com/bangladesh/1jusyh0q7t,prothomalo,bn,https://www.prothomalo.com/bangladesh/1jusyh0q7t,2026-04-08,জ্বালানি তেলের বাড়তি চাহিদা নিয়ন্ত্রণ করা যায়নি,2026,32,True,True,1,6,0,0,0,1,0,0,0,1,0,0,0,1,0,0
prothomalo:https://www.prothomalo.com/bangladesh/i8s8959ejo,prothomalo,bn,https://www.prothomalo.com/bangladesh/i8s8959ejo,2026-04-06,জ্বালানি তেলের সংকটে মাছ আহরণ কমেছে অন্তত ১০%,2026,11,True,True,1,2,0,0,0,0,0,0,0,0,0,0,0,0,0,0
prothomalo:https://www.prothomalo.com/business/world-business/q3wmyatbx1,prothomalo,bn,https://www.prothomalo.com/business/world-business/q3wmyatbx1,2026-04-01,জ্বালানি তেলের সংকট কোন দেশ কীভাবে সামাল দিচ্ছে,2026,20,True,True,1,9,0,0,0,0,0,0,0,1,0,0,1,2,0,0
prothomalo:https://www.prothomalo.com/business/world-business/n5iz2bxgby,prothomalo,bn,https://www.prothomalo.com/business/world-business/n5iz2bxgby,2026-04-30,"বিশ্ববাজারে তেলের দাম এখন ১২০ ডলার, যুদ্ধ শুরুর পর সর্বোচ্চ",2026,9,True,True,1,29,0,0,0,0,0,0,0,0,0,0,0,0,1,7
prothomalo:https://www.prothomalo.com/video/bangladesh/57t8f9iq7r,prothomalo,bn,https://www.prothomalo.com/video/bangladesh/57t8f9iq7r,2026-04-29,বোতলজাত সয়াবিন তেলের দাম বাড়ল,2026,3,True,True,0,0,0,0,0,0,0,0,0,0,0,0,0,0,0,0
prothomalo:https://www.prothomalo.com/business/economics/ymodxgjyi4,prothomalo,bn,https://www.prothomalo.com/business/economics/ymodxgjyi4,2026-04-29,"সয়াবিন তেলের দাম কখন কীভাবে কমাবেন, তা–ও জানালেন বাণিজ্যমন্ত্রী",2026,12,True,True,1,2,0,0,0,0,0,0,0,0,0,0,0,0,0,0
prothomalo:https://www.prothomalo.com/business/d42la53luf,prothomalo,bn,https://www.prothomalo.com/business/d42la53luf,2026-04-29,সয়াবিন তেলের দাম লিটারে ৪ টাকা বেড়ে ১৯৯ টাকা ,2026,12,True,True,0,1,0,0,1,3,0,0,0,0,0,0,0,0,1,3
prothomalo:https://www.prothomalo.com/business/world-business/xvp4av6kvc,prothomalo,bn,https://www.prothomalo.com/business/world-business/xvp4av6kvc,2026-04-27,"বেড়েছে তেলের দাম, ইরান–যুক্তরাষ্ট্র আলোচনা স্থগিতের জের",2026,7,True,True,1,22,0,0,0,0,0,0,0,0,0,0,1,2,0,0
prothomalo:https://www.prothomalo.com/business/world-business/6tqupp7ixz,prothomalo,bn,https://www.prothomalo.com/business/world-business/6tqupp7ixz,2026-04-22,"আজ কমেছে তেলের দাম, ইরান–যুক্তরাষ্ট্র যুদ্ধবিরতির মেয়াদ বৃদ্ধির ফল",2026,4,True,True,1,18,0,0,0,0,0,0,0,0,0,0,0,0,0,1
prothomalo:https://www.prothomalo.com/business/world-business/e28fzb5kab,prothomalo,bn,https://www.prothomalo.com/business/world-business/e28fzb5kab,2026-04-20,"বিশ্ববাজারে আবার বেড়েছে তেলের দাম, ইরানের জাহাজ আটকের জের",2026,8,True,True,1,23,0,0,0,0,0,0,0,0,0,0,0,1,1,4
prothomalo:https://www.prothomalo.com/video/bangladesh/diyjhgtekg,prothomalo,bn,https://www.prothomalo.com/video/bangladesh/diyjhgtekg,2026-04-19,বিশ্ববাজারের চাপে তেলের দাম সামান্যই বাড়ানো হয়েছে: জ্বালানিমন্ত্রী,2026,1,True,True,1,1,0,0,0,0,0,0,0,0,0,0,0,0,0,0
prothomalo:https://www.prothomalo.com/business/economics/jv14dg3clp,prothomalo,bn,https://www.prothomalo.com/business/economics/jv14dg3clp,2026-04-19,তেলের দাম বাড়ানোর সঙ্গে আইএমএফের শর্তের কোনো সম্পর্ক নেই: অর্থমন্ত্রী,2026,11,True,True,0,1,0,0,0,0,0,0,0,0,0,0,0,0,0,0
prothomalo:https://www.prothomalo.com/bangladesh/district/dvcy9zfpqk,prothomalo,bn,https://www.prothomalo.com/bangladesh/district/dvcy9zfpqk,2026-04-19,"‘সংসারে এমনিতেই টানাটানি, এখন তেলের দাম বাড়ার চাপ’",2026,11,True,True,0,0,0,0,0,0,0,0,0,0,0,1,0,0,0,0
prothomalo:https://www.prothomalo.com/business/world-business/iraaner-ghossnnaayy-teler-daam-kml-ttraamper-sbaagt,prothomalo,bn,https://www.prothomalo.com/business/world-business/iraaner-ghossnnaayy-teler-daam-kml-ttraamper-sbaagt,2026-04-18,"ইরানের ঘোষণায় তেলের দাম কমল, ট্রাম্পের স্বাগত",2026,1,True,True,1,8,0,0,0,0,0,0,0,0,0,0,0,0,0,0
prothomalo:https://www.prothomalo.com/business/world-business/pyix9h3mbv,prothomalo,bn,https://www.prothomalo.com/business/world-business/pyix9h3mbv,2026-04-18,"যুদ্ধবিরতির মধ্যে হরমুজ ‘উন্মুক্ত’, ইরানের এই ঘোষণায় কমল তেলের দাম",2026,10,True,True,1,31,0,0,0,0,0,0,0,0,0,0,0,0,0,1
prothomalo:https://www.prothomalo.com/business/xnkdz3lse5,prothomalo,bn,https://www.prothomalo.com/business/xnkdz3lse5,2026-04-14,যুক্তরাষ্ট্র–ইরানের মধ্যে দ্বিতীয় দফা আলোচনার সম্ভাবনায় তেলের দাম কিছুটা কমেছে,2026,6,True,True,1,18,1,2,0,0,0,0,0,0,0,0,0,0,0,1
prothomalo:https://www.prothomalo.com/business/world-business/iho84ks7nb,prothomalo,bn,https://www.prothomalo.com/business/world-business/iho84ks7nb,2026-04-13,"বিশ্ববাজারে তেলের দাম আবার ১০০ ডলার ছাড়াল, হরমুজ অবরোধের হুমকির জের  ",2026,10,True,True,1,28,0,0,0,0,0,0,0,0,0,0,0,1,1,11
prothomalo:https://www.prothomalo.com/video/international/w26vic8wfb,prothomalo,bn,https://www.prothomalo.com/video/international/w26vic8wfb,2026-04-13,ইরানি বন্দর অবরোধের ঘোষণায় বিশ্ববাজারে তেলের দাম বেড়েছে,2026,2,True,True,1,4,0,0,0,0,0,0,0,0,0,0,0,0,1,2
prothomalo:https://www.prothomalo.com/bangladesh/u320jb3815,prothomalo,bn,https://www.prothomalo.com/bangladesh/u320jb3815,2026-04-12,ফার্নেস তেলের দাম লিটারে বাড়ল ২৪ টাকা ৫৯ পয়সা,2026,18,True,True,0,0,0,0,0,0,0,0,0,0,0,0,0,0,0,0
prothomalo:https://www.prothomalo.com/business/world-business/055zdixftz,prothomalo,bn,https://www.prothomalo.com/business/world-business/055zdixftz,2026-04-11,যুদ্ধবিরতি হলেও তেলের দাম স্বাভাবিক হতে সময় লাগবে,2026,6,True,True,1,24,0,0,0,0,0,0,0,0,0,0,0,1,0,0
prothomalo:https://www.prothomalo.com/business/world-business/bishbbaajaare-aabaar-baarrche-teler-daam,prothomalo,bn,https://www.prothomalo.com/business/world-business/bishbbaajaare-aabaar-baarrche-teler-daam,2026-04-09,বিশ্ববাজারে আবার বাড়ছে তেলের দাম,2026,5,True,True,1,6,0,0,0,0,0,0,0,0,0,0,0,0,0,0
prothomalo:https://www.prothomalo.com/business/world-business/6xr2v4qfym,prothomalo,bn,https://www.prothomalo.com/business/world-business/6xr2v4qfym,2026-04-09,"যুদ্ধবিরতি নিয়ে অনিশ্চয়তা, বিশ্ববাজারে আবারও বাড়ছে তেলের দাম",2026,21,True,True,1,32,0,0,0,0,0,0,0,0,0,0,0,1,0,0
prothomalo:https://www.prothomalo.com/business/world-business/yuddhbirtir-khbre-bishbbaajaare-teler-daam-kml,prothomalo,bn,https://www.prothomalo.com/business/world-business/yuddhbirtir-khbre-bishbbaajaare-teler-daam-kml,2026-04-08,যুদ্ধবিরতির খবরে বিশ্ববাজারে তেলের দাম কমল,2026,4,True,True,1,14,0,0,0,0,0,0,0,0,0,0,0,0,0,0
prothomalo:https://www.prothomalo.com/business/world-business/62na0zvto1,prothomalo,bn,https://www.prothomalo.com/business/world-business/62na0zvto1,2026-04-08,"যুদ্ধবিরতির খবরে তেলের দাম কমেছে, ব্যারেলপ্রতি ৯২ ডলারে নেমেছে ",2026,10,True,True,1,31,0,0,0,0,0,0,0,0,0,0,0,0,0,0
prothomalo:https://www.prothomalo.com/business/world-business/8sdkiug9nk,prothomalo,bn,https://www.prothomalo.com/business/world-business/8sdkiug9nk,2026-04-04,"তেলের দাম ২০০ ডলারে উঠতে পারে, সম্ভাবনা কতটা",2026,21,True,True,1,21,0,0,0,0,0,0,0,1,0,0,0,0,0,0
prothomalo:https://www.prothomalo.com/business/world-business/1jvul83ppp,prothomalo,bn,https://www.prothomalo.com/business/world-business/1jvul83ppp,2026-04-03,বিশ্ববাজারে তেলের দাম আবার বেড়েছে,2026,6,True,True,1,17,0,0,0,0,0,0,0,0,0,0,0,0,0,0
prothomalo:https://www.prothomalo.com/business/economics/dqtwvpezwe,prothomalo,bn,https://www.prothomalo.com/business/economics/dqtwvpezwe,2026-04-03,খোলা সয়াবিন তেলের দাম লিটারে ১০ টাকা বেড়েছে,2026,17,True,True,1,3,0,0,0,0,0,0,0,0,0,0,0,0,0,0
prothomalo:https://www.prothomalo.com/video/lkder854w5,prothomalo,bn,https://www.prothomalo.com/video/lkder854w5,2026-04-02,"ইরান যুদ্ধ, তেলের দাম, পেট্রোডলার—আসল খেলাটা কী",2026,1,True,True,1,2,0,0,0,0,0,0,0,0,0,0,0,0,0,0
prothomalo:https://www.prothomalo.com/bangladesh/capital/559z63bd9z,prothomalo,bn,https://www.prothomalo.com/bangladesh/capital/559z63bd9z,2026-04-28,ঢাকার ৫ তেলের পাম্পে আজ ভিন্ন চিত্র,2026,7,False,True,1,4,0,0,0,0,0,0,0,0,0,0,0,1,0,0
prothomalo:https://www.prothomalo.com/opinion/column/w0m4vfk3tf,prothomalo,bn,https://www.prothomalo.com/opinion/column/w0m4vfk3tf,2026-04-21,তেলের মূল্যবৃদ্ধি: নিম্নবিত্ত ও মধ্যবিত্তের কথা ভাবছে কি সরকার,2026,15,True,True,1,13,1,2,0,0,0,0,1,3,0,0,0,0,0,0
prothomalo:https://www.prothomalo.com/business/personal-finance/p5z7963cg0,prothomalo,bn,https://www.prothomalo.com/business/personal-finance/p5z7963cg0,2026-04-21,তেলের মূল্যবৃদ্ধিতে খরচ বাড়বে কোথায়,2026,16,True,True,0,0,0,0,0,0,0,0,1,2,0,0,1,2,0,0
prothomalo:https://www.prothomalo.com/video/bangladesh/wdrhitfv6l,prothomalo,bn,https://www.prothomalo.com/video/bangladesh/wdrhitfv6l,2026-04-20,"আসাদগেটে তেলের লাইনে ১২ ঘণ্টা, ভোরে ছিনতাইয়ের শিকার",2026,4,False,True,0,0,0,0,0,0,0,0,0,0,0,0,0,0,0,0
prothomalo:https://www.prothomalo.com/bangladesh/capital/l5hvduz3pi,prothomalo,bn,https://www.prothomalo.com/bangladesh/capital/l5hvduz3pi,2026-04-20,"মোহাম্মদপুরে তেলের জন্য ১২ ঘণ্টার অপেক্ষা, খাওয়া–ঘুম নেই, হলো ছিনতাইও",2026,25,False,True,0,0,0,0,0,0,0,0,0,0,0,0,0,0,0,0
prothomalo:https://www.prothomalo.com/bangladesh/district/gk6sd8lijf,prothomalo,bn,https://www.prothomalo.com/bangladesh/district/gk6sd8lijf,2026-04-20,"এপ্রিলের ২০ দিনে এল ১২টি জাহাজ, দেশে কোন তেলের মজুত কত",2026,32,False,True,1,2,0,0,0,0,1,2,0,0,0,0,0,1,0,0
prothomalo:https://www.prothomalo.com/bangladesh/district/xc5axlgqpd,prothomalo,bn,https://www.prothomalo.com/bangladesh/district/xc5axlgqpd,2026-04-19,তেলের সংকট ও লোডশেডিংয়ের দুশ্চিন্তা দূর করছে ভ্রাম্যমাণ সৌর সেচযন্ত্র ,2026,3,False,True,0,0,0,0,0,0,0,0,0,0,0,0,0,0,0,0
prothomalo:https://www.prothomalo.com/photo/bangladesh/gemnh1skiy,prothomalo,bn,https://www.prothomalo.com/photo/bangladesh/gemnh1skiy,2026-04-19,তেলের অপেক্ষায় রাতের ঘুমও এখন ফিলিং স্টেশনে  ,2026,4,False,True,0,1,0,0,0,0,0,0,0,0,0,0,0,0,0,0
prothomalo:https://www.prothomalo.com/video/bangladesh/t8my7u5cb4,prothomalo,bn,https://www.prothomalo.com/video/bangladesh/t8my7u5cb4,2026-04-14,"তেলের জন্য ১০ ঘণ্টা অপেক্ষা, লাইনে দাঁড়িয়েই দুপুরের খাবার",2026,4,False,True,0,0,0,0,0,0,0,0,0,0,0,0,0,0,0,0
prothomalo:https://www.prothomalo.com/bangladesh/sa90ndx4tc,prothomalo,bn,https://www.prothomalo.com/bangladesh/sa90ndx4tc,2026-04-11,"তিন জেলায় র‍্যাবের অভিযান, ৫০ হাজার লিটার তেলের অবৈধ মজুত শনাক্ত",2026,7,False,True,0,1,0,0,1,4,0,0,0,0,0,0,0,0,0,0
prothomalo:https://www.prothomalo.com/bangladesh/capital/cjr1syijl0,prothomalo,bn,https://www.prothomalo.com/bangladesh/capital/cjr1syijl0,2026-04-07,‘অফিস থেকে ছুটি নিয়ে তেলের জন্য লাইনে দাঁড়িয়েছি’,2026,4,False,True,0,0,0,0,0,0,0,0,0,0,0,0,0,0,0,0
prothomalo:https://www.prothomalo.com/bangladesh/district/p8nmjoi9uk,prothomalo,bn,https://www.prothomalo.com/bangladesh/district/p8nmjoi9uk,2026-04-01,"ভোর থেকে মোটরসাইকেল নিয়ে তেলের লাইনে বাবা, ওষুধ নিয়ে এসেছেন ছেলে",2026,4,False,True,0,0,0,0,0,0,0,0,0,0,0,0,0,0,0,0
prothomalo:https://www.prothomalo.com/bangladesh/cxc9dlcihi,prothomalo,bn,https://www.prothomalo.com/bangladesh/cxc9dlcihi,2026-04-30,"জ্বালানি সরবরাহে ঘাটতি নেই, তবে আসেনি ‘জরুরি তেল’",2026,65,False,True,1,5,0,0,0,0,0,0,0,0,0,0,1,1,0,0
prothomalo:https://www.prothomalo.com/opinion/column/fwnuulieed,prothomalo,bn,https://www.prothomalo.com/opinion/column/fwnuulieed,2026-04-28,রূপপুরে জ্বালানি স্থাপন: একটি প্রযুক্তিগত মাইলফলক,2026,6,False,True,1,7,0,0,0,0,0,0,0,0,0,0,0,0,0,0
prothomalo:https://www.prothomalo.com/video/bangladesh/qrnsjs5oxj,prothomalo,bn,https://www.prothomalo.com/video/bangladesh/qrnsjs5oxj,2026-04-26,জ্বালানি তেল বিক্রিতে পুলিশের রেশনিং তুলে নেওয়া হয়েছে: প্রধানমন্ত্রী,2026,2,True,True,0,0,0,0,0,0,0,0,0,0,0,0,0,0,0,0
prothomalo:https://www.prothomalo.com/business/world-business/iutgi54kjo,prothomalo,bn,https://www.prothomalo.com/business/world-business/iutgi54kjo,2026-04-26,"বৈশ্বিক জ্বালানি বাজার কি বিপর্যয়ের মুখে, কী হতে পারে",2026,10,False,True,1,33,0,0,0,0,0,0,0,0,0,0,1,11,0,1
prothomalo:https://www.prothomalo.com/world/1emqaxy890,prothomalo,bn,https://www.prothomalo.com/world/1emqaxy890,2026-04-25,জ্বালানি খাতের ভবিষ্যৎ চিরতরে বদলে গেছে: আইইএ প্রধান,2026,4,True,True,1,4,0,0,0,0,0,0,0,0,0,0,0,0,0,0
prothomalo:https://www.prothomalo.com/video/bangladesh/1slg6mqb8h,prothomalo,bn,https://www.prothomalo.com/video/bangladesh/1slg6mqb8h,2026-04-24,"জ্বালানি তেল নিতে এসে ইউএনওর হাতে লাঞ্ছিত হওয়ার অভিযোগ লালমনিরহাটের এক যুবকের
",2026,3,True,True,0,0,0,0,0,0,0,0,0,0,0,0,0,0,0,0
prothomalo:https://www.prothomalo.com/business/economics/edn0k4i05o,prothomalo,bn,https://www.prothomalo.com/business/economics/edn0k4i05o,2026-04-24,এক জাহাজ জ্বালানি তেলে বাড়তি ব্যয় ৬০০ কোটি টাকা,2026,22,True,True,1,12,0,0,0,0,0,0,0,0,0,0,0,0,0,0
prothomalo:https://www.prothomalo.com/bangladesh/k88pbh2by8,prothomalo,bn,https://www.prothomalo.com/bangladesh/k88pbh2by8,2026-04-22,জ্বালানি খাতে টেকসই সমাধানে কাঠামোগত সংস্কার জরুরি,2026,5,True,True,0,0,0,0,0,1,0,0,1,2,0,0,0,0,0,0
prothomalo:https://www.prothomalo.com/video/bangladesh/l0hxg8sijn,prothomalo,bn,https://www.prothomalo.com/video/bangladesh/l0hxg8sijn,2026-04-19,দেশের ইতিহাসের সর্বোচ্চ দামে জ্বালানি তেল,2026,2,True,True,0,1,0,0,0,0,0,0,0,0,0,0,0,0,0,0
prothomalo:https://www.prothomalo.com/world/china/dofd3c0x2c,prothomalo,bn,https://www.prothomalo.com/world/china/dofd3c0x2c,2026-04-19,চীনের মুদ্রা দিয়ে ইরান থেকে জ্বালানি তেল কিনছে ভারত ,2026,9,True,True,1,12,0,0,0,0,0,0,0,0,0,0,0,0,0,0
prothomalo:https://www.prothomalo.com/world/india/3w1nznsaht,prothomalo,bn,https://www.prothomalo.com/world/india/3w1nznsaht,2026-04-19,চীনের মুদ্রা দিয়ে ইরান থেকে জ্বালানি তেল কিনছে ভারত ,2026,9,True,True,1,12,0,0,0,0,0,0,0,0,0,0,0,0,0,0
prothomalo:https://www.prothomalo.com/business/economics/t0avfulwrb,prothomalo,bn,https://www.prothomalo.com/business/economics/t0avfulwrb,2026-04-18,যুক্তরাষ্ট্রের সঙ্গে বাণিজ্যচুক্তি জ্বালানি নিরাপত্তার সার্বভৌমত্ব ক্ষুণ্ন করছে: দেবপ্রিয় ভট্টাচার্য ,2026,4,False,True,1,2,0,0,0,0,0,0,0,1,0,0,1,2,0,0
prothomalo:https://www.prothomalo.com/bangladesh/vf2ndh45tz,prothomalo,bn,https://www.prothomalo.com/bangladesh/vf2ndh45tz,2026-04-16,জ্বালানি সংকটের কারণে নির্বাচন স্থগিতের কথা জানাল বার কাউন্সিল  ,2026,1,True,True,0,0,0,0,0,0,0,0,0,0,0,0,0,0,0,0
prothomalo:https://www.prothomalo.com/bangladesh/t4t5l75da7,prothomalo,bn,https://www.prothomalo.com/bangladesh/t4t5l75da7,2026-04-15,"তেল সরবরাহে ঘাটতি নেই, আতঙ্ক থেকে বাড়তি কিনছে: জ্বালানি বিভাগ",2026,16,False,True,1,2,0,0,0,1,0,0,0,0,0,0,1,2,0,0
prothomalo:https://www.prothomalo.com/bangladesh/1z5ahmyc34,prothomalo,bn,https://www.prothomalo.com/bangladesh/1z5ahmyc34,2026-04-15,উৎপাদনে গতি কমলেও তেল সরবরাহে বিরূপ প্রভাব পড়বে না: জ্বালানি বিভাগ,2026,11,False,True,1,9,0,0,0,0,0,0,0,0,0,0,0,1,0,0
prothomalo:https://www.prothomalo.com/bangladesh/district/id4w3ex9am,prothomalo,bn,https://www.prothomalo.com/bangladesh/district/id4w3ex9am,2026-04-15,"বাড়ির ভেতরে লুকানো ছিল সাড়ে পাঁচ হাজার লিটার জ্বালানি তেল, একজনকে জরিমানা",2026,10,True,True,0,0,0,0,0,0,0,0,0,0,0,0,0,0,0,0
prothomalo:https://www.prothomalo.com/bangladesh/f2ymvxbgrz,prothomalo,bn,https://www.prothomalo.com/bangladesh/f2ymvxbgrz,2026-04-12,জ্বালানি খাতে জবাবদিহি নিশ্চিতে সাংবাদিকদের প্রশিক্ষণ দিল টিআইবি,2026,5,True,True,0,0,0,0,0,1,0,0,0,0,0,0,0,1,0,0
prothomalo:https://www.prothomalo.com/bangladesh/district/r7gfc4usb8,prothomalo,bn,https://www.prothomalo.com/bangladesh/district/r7gfc4usb8,2026-04-12,"রাজশাহীতে ‘ফুয়েল ম্যানেজমেন্ট’ অ্যাপ চালু, রেশনিং পদ্ধতিতে মিলবে জ্বালানি তেল",2026,10,True,True,0,0,0,0,0,1,0,0,0,1,0,0,0,0,0,0
prothomalo:https://www.prothomalo.com/bangladesh/3r563txx6c,prothomalo,bn,https://www.prothomalo.com/bangladesh/3r563txx6c,2026-04-09,"ঢাকার দুই পাম্পে ‘ফুয়েল পাস’ অ্যাপ, কিউআর কোড দিয়ে নেওয়া যাবে জ্বালানি",2026,4,False,True,0,0,0,0,0,1,0,0,0,0,0,0,0,0,0,0
prothomalo:https://www.prothomalo.com/video/international/wfxbak71sa,prothomalo,bn,https://www.prothomalo.com/video/international/wfxbak71sa,2026-04-06,মধ্যপ্রাচ্যে যুদ্ধ: শ্রমবাজার ও জ্বালানি সংকট,2026,2,True,True,1,2,0,0,0,0,0,0,0,0,0,0,0,0,0,0
prothomalo:https://www.prothomalo.com/bangladesh/district/rfv7fvtsz1,prothomalo,bn,https://www.prothomalo.com/bangladesh/district/rfv7fvtsz1,2026-04-06,জামালপুরে জ্বালানি তেল না পেয়ে মোটরসাইকেলচালকদের ২ ঘণ্টা সড়ক অবরোধ,2026,3,True,True,0,0,0,0,0,0,0,0,0,0,0,0,0,0,1,4
prothomalo:https://www.prothomalo.com/bangladesh/district/xa06jzm56c,prothomalo,bn,https://www.prothomalo.com/bangladesh/district/xa06jzm56c,2026-04-05,নওগাঁয় অ্যাপের মাধ্যমে জ্বালানি তেল বিক্রি শুরু,2026,2,True,True,0,0,0,0,0,0,0,0,0,0,0,0,0,0,0,0
prothomalo:https://www.prothomalo.com/lifestyle/5uubhlm7ct,prothomalo,bn,https://www.prothomalo.com/lifestyle/5uubhlm7ct,2026-04-05,শাবিপ্রবির জ্বালানি ও খনিপ্রকৌশলের শিক্ষার্থীরা কাজ করছেন দেশে–বিদেশে,2026,3,False,True,0,0,0,0,0,0,0,0,0,0,0,0,0,0,0,0
prothomalo:https://www.prothomalo.com/world/pakistan/ktsel44do1,prothomalo,bn,https://www.prothomalo.com/world/pakistan/ktsel44do1,2026-04-05,জ্বালানি নিয়ে বিক্ষোভ: পাকিস্তানে অন্তত এক মাস গণপরিবহন ফ্রির ঘোষণা দিলেন প্রধানমন্ত্রী শাহবাজ,2026,9,False,True,1,2,0,0,0,0,0,0,0,0,0,0,0,0,1,7
prothomalo:https://www.prothomalo.com/bangladesh/district/5br8amdh6r,prothomalo,bn,https://www.prothomalo.com/bangladesh/district/5br8amdh6r,2026-04-04,"বগুড়ার শেরপুরে জ্বালানি-সংকট, মাঠপর্যায়ে সরকারি কার্যক্রমে ধীরগতি",2026,3,False,True,0,0,0,0,0,0,0,0,0,0,0,0,0,0,0,0
prothomalo:https://www.prothomalo.com/bangladesh/district/zxk3qe5vv3,prothomalo,bn,https://www.prothomalo.com/bangladesh/district/zxk3qe5vv3,2026-04-04,যুদ্ধের এক মাসে দেশে কত জ্বালানি তেল এল,2026,31,True,True,1,11,0,0,0,0,1,8,0,0,0,0,0,0,0,0
prothomalo:https://www.prothomalo.com/bangladesh/district/msxgnrfwmg,prothomalo,bn,https://www.prothomalo.com/bangladesh/district/msxgnrfwmg,2026-04-03,"জ্বালানি তেল নিতে ফেনীতে গিয়েছিলেন নোয়াখালীর তরুণ, পথে দুর্ঘটনায় মৃত্যু",2026,6,True,True,0,0,0,0,0,0,0,0,0,0,0,0,0,0,0,0
prothomalo:https://www.prothomalo.com/bangladesh/district/nkeeu2djbu,prothomalo,bn,https://www.prothomalo.com/bangladesh/district/nkeeu2djbu,2026-04-02,"ঠাকুরগাঁওয়ে জ্বালানি তেল না পেয়ে মহাসড়ক অবরোধ, পটকা বিস্ফোরণ",2026,6,True,True,0,0,0,0,0,0,0,0,0,0,0,0,0,0,1,9
prothomalo:https://www.prothomalo.com/bangladesh/ugj2z2m09o,prothomalo,bn,https://www.prothomalo.com/bangladesh/ugj2z2m09o,2026-04-02,"এক দিনে উদ্ধার ২৫ হাজার লিটার জ্বালানি তেল, এখন পর্যন্ত পৌনে ৪ লাখ",2026,19,True,True,0,0,0,0,0,1,0,0,0,0,0,0,0,0,0,0
prothomalo:https://www.prothomalo.com/bangladesh/district/4cbcdpdne1,prothomalo,bn,https://www.prothomalo.com/bangladesh/district/4cbcdpdne1,2026-04-02,"হবিগঞ্জে জ্বালানি তেলবাহী ট্রেন লাইনচ্যুত, লুটপাট বন্ধে ঘটনাস্থলে বিজিবি",2026,4,True,True,0,0,0,0,1,2,0,0,0,0,0,0,0,0,0,0
prothomalo:https://www.prothomalo.com/bangladesh/district/4nqalkz52t,prothomalo,bn,https://www.prothomalo.com/bangladesh/district/4nqalkz52t,2026-04-01,"জ্বালানি তেল দেওয়া হবে সকালে, গভীর রাত থেকে ফিলিং স্টেশনে ভিড়",2026,24,True,True,0,0,0,0,0,0,0,0,0,1,0,0,0,0,0,0
prothomalo:https://www.prothomalo.com/business/economics/8h1kq2aw1s,prothomalo,bn,https://www.prothomalo.com/business/economics/8h1kq2aw1s,2026-04-30,ইরান যুদ্ধের কারণে এ বছর বিশ্ববাজারে পণ্যের দাম ১৬% বাড়তে পারে: বিশ্বব্যাংক,2026,17,False,True,1,17,0,0,0,0,0,0,0,0,0,0,0,1,0,0
prothomalo:https://www.prothomalo.com/opinion/column/06mw55vu7e,prothomalo,bn,https://www.prothomalo.com/opinion/column/06mw55vu7e,2026-04-26,"বিদ্যুতের দাম বাড়বে না, কিন্তু ভর্তুকি কমবে—উপায় কী",2026,15,False,True,1,3,0,0,1,3,0,0,0,0,0,0,1,17,0,0
prothomalo:https://www.prothomalo.com/politics/6q1ig1vtpf,prothomalo,bn,https://www.prothomalo.com/politics/6q1ig1vtpf,2026-04-21,এলপিজিসহ জ্বালানির দাম মাত্রাতিরিক্ত বৃদ্ধি করা হয়েছে: সংসদে আখতার হোসেন,2026,5,True,True,1,2,0,1,0,1,0,0,0,0,1,4,0,0,0,0
prothomalo:https://www.prothomalo.com/video/international/98y4ww02jb,prothomalo,bn,https://www.prothomalo.com/video/international/98y4ww02jb,2026-04-20,"ডিজেলের দাম বাড়ার প্রভাব এলপিজিতে, চলতি মেসেই দ্বিতীয়দফা দাম বৃদ্ধি",2026,3,True,True,0,0,0,0,0,0,0,0,0,0,0,0,0,0,0,0
prothomalo:https://www.prothomalo.com/bangladesh/ztywuqrp27,prothomalo,bn,https://www.prothomalo.com/bangladesh/ztywuqrp27,2026-04-20,"এর আগে ডিজেলের দাম কমলেও বাসভাড়া কমেনি, এখন বাড়ানোর যৌক্তিকতা কতটা",2026,15,True,True,0,0,0,0,0,0,0,0,0,0,0,0,0,0,0,0
prothomalo:https://www.prothomalo.com/bangladesh/district/wj2czs8giy,prothomalo,bn,https://www.prothomalo.com/bangladesh/district/wj2czs8giy,2026-04-20,"‘দাম বাড়ল, এবার তেল চাই’",2026,12,False,True,0,0,0,0,0,0,0,0,0,0,0,1,0,0,0,0
prothomalo:https://www.prothomalo.com/bangladesh/mmoowjwjhb,prothomalo,bn,https://www.prothomalo.com/bangladesh/mmoowjwjhb,2026-04-19,দাম বাড়ার পরও ভর্তুকি আছে: জ্বালানিমন্ত্রী,2026,12,False,True,1,4,0,0,0,0,0,0,0,0,0,0,1,5,0,0
prothomalo:https://www.prothomalo.com/business/kam7f545at,prothomalo,bn,https://www.prothomalo.com/business/kam7f545at,2026-04-17,"সবজি, মুরগি, ডিমের দাম কত বাড়ল",2026,5,False,True,0,1,0,0,0,0,0,0,1,2,0,0,0,0,0,0
prothomalo:https://www.prothomalo.com/business/lp2g3v3jqo,prothomalo,bn,https://www.prothomalo.com/business/lp2g3v3jqo,2026-04-04,ডিজেল ও অকটেন আমদানির জন্য  বিকেলে জরুরি বৈঠকে বসছেন অর্থমন্ত্রী ,2026,16,True,True,1,2,0,0,0,0,0,0,0,0,0,0,0,0,0,0
prothomalo:https://www.prothomalo.com/bangladesh/district/qw2xelrmn0,prothomalo,bn,https://www.prothomalo.com/bangladesh/district/qw2xelrmn0,2026-04-24,বউভাতে নবদম্পতিকে অকটেন উপহার দিলেন বন্ধুরা,2026,9,True,True,0,0,0,0,0,0,0,0,0,0,0,0,0,0,0,0
prothomalo:https://www.prothomalo.com/video/bangladesh/adwjcnx95r,prothomalo,bn,https://www.prothomalo.com/video/bangladesh/adwjcnx95r,2026-04-24,বিয়েতে নবদম্পতিকে অকটেন উপহার দিলেন বন্ধুরা,2026,3,True,True,0,0,0,0,0,0,0,0,0,0,0,0,0,0,0,0
prothomalo:https://www.prothomalo.com/video/bangladesh/p3ob3b7zux,prothomalo,bn,https://www.prothomalo.com/video/bangladesh/p3ob3b7zux,2026-04-19,"অকটেন–ডিজেলের কত দিনের মজুত আছে, সংসদে জবাব চাইলেন রুমিন ফারহানা",2026,5,True,True,0,0,0,0,0,0,0,0,0,0,0,0,0,0,0,0
prothomalo:https://www.prothomalo.com/bangladesh/robbaar-theke-baarrte-paare-aktten-srbraah,prothomalo,bn,https://www.prothomalo.com/bangladesh/robbaar-theke-baarrte-paare-aktten-srbraah,2026-04-17,রোববার থেকে বাড়তে পারে অকটেন সরবরাহ,2026,8,True,True,0,0,0,0,0,0,0,0,0,0,0,0,0,0,0,0
prothomalo:https://www.prothomalo.com/bangladesh/d20vowsggm,prothomalo,bn,https://www.prothomalo.com/bangladesh/d20vowsggm,2026-04-17,"ভোগান্তি কমাতে বিপিসির নতুন পরিকল্পনা, রোববার থেকে বাড়তে পারে অকটেন সরবরাহ  ",2026,53,True,True,0,1,0,0,0,0,0,0,0,0,0,0,0,1,0,0
prothomalo:https://www.prothomalo.com/video/bangladesh/c8lkzlhqn4,prothomalo,bn,https://www.prothomalo.com/video/bangladesh/c8lkzlhqn4,2026-04-14,"তেল নিয়ে আরেকটি জাহাজ আসছে দেশে, আছে ২৫ দিনের চাহিদার সমান অকটেন",2026,3,True,True,0,0,0,0,0,0,0,0,0,0,0,0,0,0,0,0
prothomalo:https://www.prothomalo.com/bangladesh/district/hi2ax9988c,prothomalo,bn,https://www.prothomalo.com/bangladesh/district/hi2ax9988c,2026-04-10,খুলনায় ট্যাংকলরি থেকে অকটেন চুরির সময় হাতেনাতে পাঁচজন আটক,2026,4,True,True,0,0,0,0,0,0,0,0,0,0,0,0,0,0,0,0
prothomalo:https://www.prothomalo.com/video/international/2e26t5r6xg,prothomalo,bn,https://www.prothomalo.com/video/international/2e26t5r6xg,2026-04-09,যুদ্ধবিরতির পর ২৬ হাজার টন অকটেন নিয়ে দেশে এল ‘এমটি সেন্ট্রাল স্টার’,2026,4,True,True,1,3,0,0,0,0,0,0,0,0,0,0,0,0,0,0
prothomalo:https://www.prothomalo.com/bangladesh/gi6qcjespg,prothomalo,bn,https://www.prothomalo.com/bangladesh/gi6qcjespg,2026-04-05,"অকটেন কী, কোথা থেকে আসে, সংকট কতটা",2026,56,True,True,1,4,0,0,0,0,0,0,0,0,0,0,0,1,0,0
prothomalo:https://www.prothomalo.com/opinion/column/w4bld8q8gc,prothomalo,bn,https://www.prothomalo.com/opinion/column/w4bld8q8gc,2026-04-23,ডিজেল কার্ড কেন খাদ্যনিরাপত্তার সমাধান ,2026,19,True,True,1,2,0,1,0,0,0,1,0,1,0,0,0,0,0,0
prothomalo:https://www.prothomalo.com/bangladesh/district/mshs9mwc7n,prothomalo,bn,https://www.prothomalo.com/bangladesh/district/mshs9mwc7n,2026-04-22,ভারত থেকে পাইপলাইনে আরও ৭ হাজার টন ডিজেল আসছে,2026,17,True,True,0,0,0,0,0,0,1,17,0,0,0,0,0,0,0,0
prothomalo:https://www.prothomalo.com/video/bangladesh/qzx1e73kzn,prothomalo,bn,https://www.prothomalo.com/video/bangladesh/qzx1e73kzn,2026-04-22,২০০ টাকা খরচ করে ৫০০ টাকার ডিজেল পান কৃষক,2026,2,True,True,0,0,0,0,0,0,0,0,0,0,0,0,0,0,0,0
prothomalo:https://www.prothomalo.com/photo/bangladesh/qw7k8uuyz2,prothomalo,bn,https://www.prothomalo.com/photo/bangladesh/qw7k8uuyz2,2026-04-22,ডিজেল কিনতে গিয়ে বিড়ম্বনায় কৃষকেরা,2026,2,True,True,0,1,0,0,0,0,0,0,0,0,0,0,0,0,0,0
prothomalo:https://www.prothomalo.com/bangladesh/district/lm2ep2eegc,prothomalo,bn,https://www.prothomalo.com/bangladesh/district/lm2ep2eegc,2026-04-22,"শেরপুরে পাচারের সময় ৮০০ লিটার ডিজেল জব্দ, আটক ২",2026,7,True,True,0,0,0,0,0,0,1,3,0,0,0,0,0,0,0,0
prothomalo:https://www.prothomalo.com/bangladesh/district/qifsmcb2wg,prothomalo,bn,https://www.prothomalo.com/bangladesh/district/qifsmcb2wg,2026-04-18,"ডিজেল সংকট ও লোডশেডিংয়ে অচল ৪ হাজার সেচপাম্প, বোরো ধানের আবাদ নিয়ে দুশ্চিন্তা",2026,19,True,True,1,2,0,0,0,0,0,0,0,0,0,0,0,0,0,0
prothomalo:https://www.prothomalo.com/bangladesh/district/hfppf8gdao,prothomalo,bn,https://www.prothomalo.com/bangladesh/district/hfppf8gdao,2026-04-17,"১ লাখ ৪১ হাজার টন ডিজেল নিয়ে 
দেশে আসছে চার ট্যাংকার",2026,16,True,True,0,0,0,0,0,0,0,0,0,0,0,0,0,1,0,0
prothomalo:https://www.prothomalo.com/bangladesh/district/54wg6ez8wu,prothomalo,bn,https://www.prothomalo.com/bangladesh/district/54wg6ez8wu,2026-04-16,"নোয়াখালীতে ২ হাজার ২০০ লিটার ডিজেল লুটের পর মালিককে ফেরত, যা জানা গেল",2026,6,True,True,0,0,0,0,0,0,0,0,0,0,0,0,0,0,0,0
prothomalo:https://www.prothomalo.com/bangladesh/district/fwisqoiop4,prothomalo,bn,https://www.prothomalo.com/bangladesh/district/fwisqoiop4,2026-04-16,"নেত্রকোনায় অবৈধভাবে মজুত ৩ হাজার ১০০ লিটার ডিজেল জব্দ, জরিমানা",2026,9,True,True,0,0,0,0,0,0,0,0,0,0,0,0,0,0,0,0
prothomalo:https://www.prothomalo.com/video/bangladesh/vq5drri0xh,prothomalo,bn,https://www.prothomalo.com/video/bangladesh/vq5drri0xh,2026-04-15,ডিজেল নিতে লাইনে দাঁড়ানো নিয়ে গ্রাহকদের মধ্যে দফায় দফায় হাতাহাতি,2026,2,True,True,0,0,0,0,0,0,0,0,0,0,0,0,0,0,0,0
prothomalo:https://www.prothomalo.com/bangladesh/district/3wia4mffwg,prothomalo,bn,https://www.prothomalo.com/bangladesh/district/3wia4mffwg,2026-04-14,"নেত্রকোনায় হাওরে পুরোদমে ধান কাটা শুরু, ডিজেল সহজলভ্য করার উদ্যোগ",2026,3,True,True,0,0,0,0,0,0,0,0,0,0,0,1,0,0,0,0
prothomalo:https://www.prothomalo.com/bangladesh/district/oyldk5bxi9,prothomalo,bn,https://www.prothomalo.com/bangladesh/district/oyldk5bxi9,2026-04-14,"জেট ফুয়েল নিয়ে এল এক জাহাজ, ডিজেল নিয়ে আসছে দুটি",2026,16,True,True,0,0,0,0,0,0,0,0,0,0,0,0,0,0,0,0
prothomalo:https://www.prothomalo.com/business/economics/avhah9tftn,prothomalo,bn,https://www.prothomalo.com/business/economics/avhah9tftn,2026-04-08,দুই লাখ টন ডিজেল আমদানির প্রস্তাব নীতিগতভাবে অনুমোদন,2026,18,True,True,1,9,0,0,0,0,0,0,0,1,0,0,0,0,0,0
prothomalo:https://www.prothomalo.com/opinion/editorial/rd28nv9h4y,prothomalo,bn,https://www.prothomalo.com/opinion/editorial/rd28nv9h4y,2026-04-07,কৃষিতে ডিজেল সরবরাহ নিশ্চিত করা জরুরি,2026,10,True,True,1,7,0,0,0,0,0,0,0,0,0,0,1,2,0,0
prothomalo:https://www.prothomalo.com/bangladesh/district/1z01srdl9d,prothomalo,bn,https://www.prothomalo.com/bangladesh/district/1z01srdl9d,2026-04-06,"নেত্রকোনায় ব্যবসায়ীর গুদাম থেকে ৪ হাজার ৩০০ লিটার ডিজেল জব্দ, জরিমানা",2026,7,True,True,0,0,0,0,0,0,0,0,0,0,0,0,0,0,0,0
prothomalo:https://www.prothomalo.com/bangladesh/district/9x2t8zxs3m,prothomalo,bn,https://www.prothomalo.com/bangladesh/district/9x2t8zxs3m,2026-04-06,নগরকান্দায় পাটখেতে সেচের জন্য ডিজেল সংগ্রহে চারটি ফিলিং স্টেশন নির্ধারণ,2026,5,True,True,0,0,0,0,0,0,0,0,0,0,0,0,0,0,0,0
prothomalo:https://www.prothomalo.com/video/bangladesh/8v0t1ahmzd,prothomalo,bn,https://www.prothomalo.com/video/bangladesh/8v0t1ahmzd,2026-04-06,"কৃষকদের জন্য অ্যাপ চালু, ২৪ ঘণ্টায় মিলবে ৭ লিটার ডিজেল",2026,5,True,True,0,0,0,0,0,0,0,0,0,0,0,0,0,0,0,0
prothomalo:https://www.prothomalo.com/bangladesh/district/tthx4umnjz,prothomalo,bn,https://www.prothomalo.com/bangladesh/district/tthx4umnjz,2026-04-05,শরীয়তপুরে কৃষকদের ডিজেল দিতে চালু হয়েছে জেলা প্রশাসনের অ্যাপ,2026,35,True,True,0,0,0,0,0,1,0,0,0,0,0,0,0,0,0,0
prothomalo:https://www.prothomalo.com/bangladesh/district/89jr7sv5r1,prothomalo,bn,https://www.prothomalo.com/bangladesh/district/89jr7sv5r1,2026-04-05,"পাথরঘাটায় অবৈধভাবে মজুত ১৯০ ব্যারেল ডিজেল উদ্ধার, ৫০ হাজার টাকা জরিমানা",2026,9,True,True,0,0,0,0,1,3,0,0,0,0,0,0,0,0,0,0
prothomalo:https://www.prothomalo.com/business/economics/h6olh8zmuc,prothomalo,bn,https://www.prothomalo.com/business/economics/h6olh8zmuc,2026-04-04,"কাজাখস্তান থেকে আনা 
হচ্ছে ১ লাখ টন ডিজেল",2026,6,True,True,1,6,0,0,0,0,0,0,0,0,0,0,0,0,0,0
prothomalo:https://www.prothomalo.com/bangladesh/district/t5vi60mdi6,prothomalo,bn,https://www.prothomalo.com/bangladesh/district/t5vi60mdi6,2026-04-04,৩৪ হাজার টন ডিজেল নিয়ে দেশে এল আরেক জাহাজ,2026,11,True,True,1,3,0,0,0,0,0,0,0,0,0,0,0,0,0,0
prothomalo:https://www.prothomalo.com/bangladesh/district/bnnoj3y227,prothomalo,bn,https://www.prothomalo.com/bangladesh/district/bnnoj3y227,2026-04-04,"অগ্রাধিকার ভিত্তিতে ডিজেল পেয়ে স্বস্তিতে জামালপুরের কৃষকেরা, সচল হচ্ছে সেচপাম্প",2026,11,True,True,0,0,0,0,0,0,0,0,0,0,0,0,0,0,0,0
prothomalo:https://www.prothomalo.com/bangladesh/district/z1r21vtwob,prothomalo,bn,https://www.prothomalo.com/bangladesh/district/z1r21vtwob,2026-04-03,"২৭ হাজার টন ডিজেল নিয়ে সিঙ্গাপুর
থেকে এল আরও একটি জাহাজ",2026,14,True,True,0,1,0,0,0,0,0,0,0,0,0,0,0,0,0,0
prothomalo:https://www.prothomalo.com/bangladesh/district/z2jh2c7gjs,prothomalo,bn,https://www.prothomalo.com/bangladesh/district/z2jh2c7gjs,2026-04-03,"বাড়ির ছাদে পানির ট্যাংকে ডিজেল মজুত, ব্যবসায়ীকে জরিমানা",2026,9,True,True,0,0,0,0,0,0,0,0,0,0,0,0,0,0,0,0
prothomalo:https://www.prothomalo.com/video/bangladesh/8904f661fj,prothomalo,bn,https://www.prothomalo.com/video/bangladesh/8904f661fj,2026-04-03,ডিজেল সংকটে পানিশূন্য ফসলের মাঠ ,2026,1,True,True,0,0,0,0,0,0,0,0,0,0,0,0,0,0,0,0
prothomalo:https://www.prothomalo.com/bangladesh/district/00kmkl92ak,prothomalo,bn,https://www.prothomalo.com/bangladesh/district/00kmkl92ak,2026-04-02,"নদীতে রাখা ট্যাংকারে ৩৭ হাজার লিটার ডিজেল মজুত, অভিযানে জব্দ",2026,4,True,True,0,0,0,0,0,0,0,0,0,0,0,0,0,0,0,0
prothomalo:https://www.prothomalo.com/bangladesh/district/noso47az5y,prothomalo,bn,https://www.prothomalo.com/bangladesh/district/noso47az5y,2026-04-02,"মজুতের জন্য ভ্যানে নেওয়া হচ্ছিল ড্রামভর্তি ডিজেল, গ্রেপ্তার ২",2026,5,True,True,0,0,0,0,0,0,0,0,0,0,0,0,0,0,0,0
prothomalo:https://www.prothomalo.com/opinion/column/ggpv9dgys3,prothomalo,bn,https://www.prothomalo.com/opinion/column/ggpv9dgys3,2026-04-01,৩ দিন অনলাইন ক্লাসে কত লিটার ডিজেল বাঁচবে?,2026,8,True,True,1,17,0,0,1,2,0,1,0,0,0,0,1,3,0,0
prothomalo:https://www.prothomalo.com/bangladesh/district/4f0jqeycvr,prothomalo,bn,https://www.prothomalo.com/bangladesh/district/4f0jqeycvr,2026-04-01,"মেহেরপুরে আবারও ৫ হাজার লিটার ডিজেল জব্দ, মামলা",2026,11,True,True,0,0,0,0,1,3,0,0,0,0,0,0,0,0,0,0
prothomalo:https://www.prothomalo.com/bangladesh/district/30w0emmnht,prothomalo,bn,https://www.prothomalo.com/bangladesh/district/30w0emmnht,2026-04-01,"সিদ্ধিরগঞ্জে মজুত করা ১৪ হাজার লিটার ডিজেল জব্দ, দুজনের কারাদণ্ড",2026,6,True,True,0,0,0,0,0,0,0,0,0,0,0,0,0,0,0,0
prothomalo:https://www.prothomalo.com/video/bangladesh/b880z73hsi,prothomalo,bn,https://www.prothomalo.com/video/bangladesh/b880z73hsi,2026-04-01,"নারায়ণগঞ্জে ৯ হাজার লিটার ডিজেল জব্দ, একজনের কারাদণ্ড",2026,3,True,True,0,0,0,0,0,0,0,0,0,0,0,0,0,0,0,0
prothomalo:https://www.prothomalo.com/video/bangladesh/ep987i5hk6,prothomalo,bn,https://www.prothomalo.com/video/bangladesh/ep987i5hk6,2026-04-01,"রাতের আঁধারে ৭ হাজার লিটার ডিজেল মজুত, অভিযানে জব্দ",2026,4,True,True,0,0,0,0,0,0,0,0,0,0,0,0,0,0,0,0
prothomalo:https://www.prothomalo.com/bangladesh/district/fnqrw9bv6n,prothomalo,bn,https://www.prothomalo.com/bangladesh/district/fnqrw9bv6n,2026-04-01,"ভোলায় ময়দার কারখানা ও বেকারি থেকে ৬ হাজার লিটার ডিজেল জব্দ, জরিমানা",2026,9,True,True,0,0,0,0,0,1,0,0,0,0,0,0,0,0,0,0
prothomalo:https://www.prothomalo.com/bangladesh/district/s1fszdgsk9,prothomalo,bn,https://www.prothomalo.com/bangladesh/district/s1fszdgsk9,2026-04-01,"শরীয়তপুরে রাতের আঁধারে মজুত করা হচ্ছিল ডিজেল, হাতেনাতে ধরল প্রশাসন",2026,19,True,True,0,0,0,0,0,0,0,0,0,0,0,0,0,0,0,0
prothomalo:https://www.prothomalo.com/entertainment/bollywood/2vrl16ehq0,prothomalo,bn,https://www.prothomalo.com/entertainment/bollywood/2vrl16ehq0,2026-04-30,৫০০ লিটার পেট্রল! বিস্ফোরণ ও আগুনের লেলিহান শিখার মধ্যে রণবীর,2026,3,True,True,0,0,0,0,0,0,0,0,0,0,0,0,0,0,0,0
prothomalo:https://www.prothomalo.com/bangladesh/district/9igwvc2kmg,prothomalo,bn,https://www.prothomalo.com/bangladesh/district/9igwvc2kmg,2026-04-16,"প্রাচীর দেওয়া বাড়িতে লুকিয়ে রাখা হয়েছিল ১২০০ লিটার পেট্রল, গ্রেপ্তার ৩",2026,11,True,True,0,0,0,0,0,0,0,0,0,0,0,0,0,0,0,0
prothomalo:https://www.prothomalo.com/video/bangladesh/vajjhmwrv7,prothomalo,bn,https://www.prothomalo.com/video/bangladesh/vajjhmwrv7,2026-04-09,"পেট্রল নিতে এসে বাগবিতণ্ডা, ছুরিকাঘাতে আহত ৩",2026,2,True,True,0,0,0,0,0,0,0,0,0,0,0,0,0,0,0,0
prothomalo:https://www.prothomalo.com/video/h9eja82p91,prothomalo,bn,https://www.prothomalo.com/video/h9eja82p91,2026-04-06,গ্যালনে পেট্রল নেওয়াকে কেন্দ্র করে সংঘর্ষ,2026,2,True,True,0,0,0,0,0,0,0,0,0,0,0,0,0,0,0,0
prothomalo:https://www.prothomalo.com/bangladesh/pettrl-u-paadn-deshei-taahle-snktt-ken,prothomalo,bn,https://www.prothomalo.com/bangladesh/pettrl-u-paadn-deshei-taahle-snktt-ken,2026-04-06,"পেট্রল উৎপাদন দেশেই, তাহলে সংকট কেন",2026,8,True,True,1,2,0,0,0,0,0,0,0,0,0,0,0,0,0,0
prothomalo:https://www.prothomalo.com/bangladesh/jribzrsc34,prothomalo,bn,https://www.prothomalo.com/bangladesh/jribzrsc34,2026-04-06,"পেট্রল উৎপাদন দেশেই, তাহলে সংকট কেন",2026,86,True,True,1,4,0,0,0,0,0,0,0,0,0,0,0,1,0,0
prothomalo:https://www.prothomalo.com/bangladesh/district/c2tglnu0ck,prothomalo,bn,https://www.prothomalo.com/bangladesh/district/c2tglnu0ck,2026-04-01,"পাকুন্দিয়ায় ফিলিং স্টেশনে ভেজাল পেট্রল বিক্রির অভিযোগ, তদন্ত কমিটি",2026,7,True,True,0,0,0,0,0,0,0,0,0,0,0,0,0,0,0,1
prothomalo:https://www.prothomalo.com/business/economics/pnb70v48np,prothomalo,bn,https://www.prothomalo.com/business/economics/pnb70v48np,2026-04-24,"পণ্যমূল্য বৃদ্ধি, চাপে সাধারণ মানুষ ",2026,13,False,True,1,7,0,0,0,0,0,0,0,0,0,0,0,0,0,0
prothomalo:https://www.prothomalo.com/business/economics/bhojyteler-daam-baarrche-naa-shulkchaarrer-cintaa,prothomalo,bn,https://www.prothomalo.com/business/economics/bhojyteler-daam-baarrche-naa-shulkchaarrer-cintaa,2026-04-12,"ভোজ্যতেলের দাম বাড়ছে না, শুল্কছাড়ের চিন্তা",2026,3,True,True,0,0,0,0,0,0,0,0,0,0,0,0,0,0,0,0
prothomalo:https://www.prothomalo.com/business/economics/9twyjfx514,prothomalo,bn,https://www.prothomalo.com/business/economics/9twyjfx514,2026-04-12,"ভোজ্যতেলের দাম বাড়ছে না, শুল্কছাড়ের চিন্তা",2026,10,True,True,1,2,0,0,1,3,0,0,0,0,0,0,0,0,1,3
prothomalo:https://www.prothomalo.com/business/economics/ss0hhui2uy,prothomalo,bn,https://www.prothomalo.com/business/economics/ss0hhui2uy,2026-04-10,মাছ মুরগি সবজি তেলসহ অনেক পণ্যের দাম বাড়তি,2026,3,False,True,0,0,0,0,0,1,0,0,0,1,0,0,1,2,0,0
prothomalo:https://www.prothomalo.com/business/gn7iludsnq,prothomalo,bn,https://www.prothomalo.com/business/gn7iludsnq,2026-04-09,"মধ্যপ্রাচ্য যুদ্ধে তেল ও এলএনজির দাম বাড়লে অর্থনীতিতে কী কী প্রভাব পড়বে, জানাল সানেম",2026,4,False,True,1,6,0,0,0,0,0,0,0,0,0,0,0,1,0,0
prothomalo:https://www.prothomalo.com/business/lyv44fm3xj,prothomalo,bn,https://www.prothomalo.com/business/lyv44fm3xj,2026-04-08,"সোনালি মুরগির দাম ৫২% বেড়েছে, বিক্রি ৪২০-৪৩০ টাকা দরে",2026,5,False,True,0,1,0,0,0,0,0,0,0,0,0,0,0,1,0,0
prothomalo:https://www.prothomalo.com/bangladesh/f5kku0lekz,prothomalo,bn,https://www.prothomalo.com/bangladesh/f5kku0lekz,2026-04-07,উড়োজাহাজের জ্বালানির দাম এবার বাড়ল লিটারে ২৫ টাকা,2026,5,True,True,1,8,0,0,0,0,0,0,0,0,0,0,0,0,0,0
prothomalo:https://www.prothomalo.com/politics/4vsybvxco1,prothomalo,bn,https://www.prothomalo.com/politics/4vsybvxco1,2026-04-07,"কােন জ্বালানির মজুত কত জানালেন মন্ত্রী, প্রয়োজনে আগামী মাস থেকে দাম বাড়ানোর চিন্তা",2026,20,False,True,1,4,0,0,1,3,0,0,0,0,0,0,0,0,0,0
prothomalo:https://www.prothomalo.com/business/economics/du4smpowuq,prothomalo,bn,https://www.prothomalo.com/business/economics/du4smpowuq,2026-04-03,"জ্বালানির দাম নিয়ে শিগগিরই সিদ্ধান্ত, জানালেন অর্থমন্ত্রী",2026,5,True,True,1,2,0,0,0,0,0,1,0,0,0,1,0,0,0,0
prothomalo:https://www.prothomalo.com/bangladesh/kaaen-jbaalaanir-mjut-kt-jaanaalen-mntrii,prothomalo,bn,https://www.prothomalo.com/bangladesh/kaaen-jbaalaanir-mjut-kt-jaanaalen-mntrii,2026-04-07,কােন জ্বালানির মজুত কত জানালেন মন্ত্রী,2026,4,False,True,0,0,0,0,0,0,0,0,0,0,0,0,0,0,0,0
prothomalo:https://www.prothomalo.com/bangladesh/96zz0445md,prothomalo,bn,https://www.prothomalo.com/bangladesh/96zz0445md,2026-04-07,"জ্বালানির সরবরাহ সমস্যা ‘কিছুটা’, তবে ‘অস্বাভাবিক’ নয়: প্রধানমন্ত্রীর তথ্য উপদেষ্টা",2026,7,False,True,1,2,0,0,1,4,0,0,0,0,0,0,0,0,0,0
prothomalo:https://www.prothomalo.com/business/economics/jbaalaanir-muulybrddhi-pribhn-o-pnnye-prbhaab,prothomalo,bn,https://www.prothomalo.com/business/economics/jbaalaanir-muulybrddhi-pribhn-o-pnnye-prbhaab,2026-04-20,জ্বালানির মূল্যবৃদ্ধি: পরিবহন ও পণ্যে প্রভাব,2026,3,False,True,0,0,0,0,0,0,0,0,0,0,0,0,0,0,0,0
prothomalo:https://www.prothomalo.com/opinion/editorial/g77v3rvyoe,prothomalo,bn,https://www.prothomalo.com/opinion/editorial/g77v3rvyoe,2026-04-20,মূল্যস্ফীতির চাপ জনগণ কীভাবে সামলাবে,2026,20,False,True,1,10,1,2,0,1,0,0,0,0,0,0,0,1,0,0
prothomalo:https://www.prothomalo.com/video/bangladesh/1njjksd3rd,prothomalo,bn,https://www.prothomalo.com/video/bangladesh/1njjksd3rd,2026-04-01,"সিরাজগঞ্জে ‘ফুয়েল কার্ড’ নিতে দীর্ঘ লাইন, প্রথম দিনেই কার্ড পেয়েছেন ১ হাজার ৮৫০ জন",2026,4,False,True,0,0,0,0,0,0,0,0,0,0,0,0,0,0,0,0
prothomalo:https://www.prothomalo.com/video/bangladesh/zimq2mc7uu,prothomalo,bn,https://www.prothomalo.com/video/bangladesh/zimq2mc7uu,2026-04-08,"পেট্রলের উৎপাদন দেশেই, তাহলে সংকট কেন?",2026,5,True,True,1,4,0,0,0,0,0,0,0,0,0,0,0,0,0,0
prothomalo:https://www.prothomalo.com/business/epriler-20-dine-deshe-el-12tti-jaahaaj,prothomalo,bn,https://www.prothomalo.com/business/epriler-20-dine-deshe-el-12tti-jaahaaj,2026-04-20,এপ্রিলের ২০ দিনে দেশে এল ১২টি জাহাজ,2026,3,False,True,1,2,0,0,0,0,0,0,0,0,0,0,0,0,0,0
prothomalo:https://www.prothomalo.com/bangladesh/district/q6mycxuy77,prothomalo,bn,https://www.prothomalo.com/bangladesh/district/q6mycxuy77,2026-04-15,‘তেল নিতে এত ভিড় জীবনেও দেখিনি’,2026,17,False,True,0,0,0,0,0,0,0,0,0,0,0,0,0,0,0,0
prothomalo:https://www.prothomalo.com/bangladesh/district/ekev7wpzvd,prothomalo,bn,https://www.prothomalo.com/bangladesh/district/ekev7wpzvd,2026-04-19,"সাতক্ষীরায় মজুত তেল বাড়তি দামে বিক্রি, দুই ফিলিং স্টেশনকে জরিমানা",2026,4,False,True,0,0,0,0,0,0,0,0,0,0,0,0,0,0,0,0
prothomalo:https://www.prothomalo.com/bangladesh/district/2eyk2ct94i,prothomalo,bn,https://www.prothomalo.com/bangladesh/district/2eyk2ct94i,2026-04-01,মোটরসাইকেলের ট্যাংকি খুলে ফিলিং স্টেশনে আবদুল মজিদ,2026,24,False,True,0,0,0,0,0,0,1,2,0,0,0,0,0,0,0,1
prothomalo:https://www.prothomalo.com/bangladesh/district/mzeuv72fpx,prothomalo,bn,https://www.prothomalo.com/bangladesh/district/mzeuv72fpx,2026-04-23,সরকারি সিদ্ধান্তের আগেই বরিশাল-ঢাকা নৌপথে লঞ্চে ভাড়া বাড়ল এক দফা,2026,17,False,True,1,2,0,0,0,1,0,0,0,0,0,0,0,0,0,0
prothomalo:https://www.prothomalo.com/bangladesh/district/pkbk2y1vvz,prothomalo,bn,https://www.prothomalo.com/bangladesh/district/pkbk2y1vvz,2026-04-20,"প্রধানমন্ত্রী বললেন, ‘আরে খিদা পাইছে আমার, বাপের বাড়িতে খেতে দিবেন না?’",2026,3,False,True,1,3,0,0,0,1,1,2,0,1,0,0,0,0,0,0
prothomalo:https://www.prothomalo.com/business/economics/dmzj6wgp59,prothomalo,bn,https://www.prothomalo.com/business/economics/dmzj6wgp59,2026-04-08,ঝুঁকি এড়াতে ৪ দেশের তেলে ঝুঁকছে ইস্টার্ন রিফাইনারি,2026,15,False,True,1,9,0,0,0,0,0,0,0,0,0,0,0,0,0,0
prothomalo:https://www.prothomalo.com/bangladesh/ig5oxux5y9,prothomalo,bn,https://www.prothomalo.com/bangladesh/ig5oxux5y9,2026-04-03,সব বাড়তি ব্যয় ভর্তুকি বা লোকসান নয়,2026,11,False,True,1,2,0,0,0,0,0,0,0,0,0,0,1,15,0,0
prothomalo:https://www.prothomalo.com/business/world-business/35h6mp63xi,prothomalo,bn,https://www.prothomalo.com/business/world-business/35h6mp63xi,2026-04-29,"ওপেক থেকে বেরিয়ে গেল আরব আমিরাত, কী প্রভাব পড়বে তেল–বাণিজ্যে",2026,4,False,True,1,15,0,0,0,0,1,5,0,0,0,0,0,0,0,1
prothomalo:https://www.prothomalo.com/bangladesh/1yzg572yyf,prothomalo,bn,https://www.prothomalo.com/bangladesh/1yzg572yyf,2026-04-24,"‘এটা অবিশ্বাস্য, ১৫ মিনিট দাঁড়িয়েই ১ হাজার টাকার তেল পেলাম’",2026,7,False,True,0,1,0,0,0,0,0,0,0,0,0,0,0,0,0,0
prothomalo:https://www.prothomalo.com/opinion/column/jh4g8i41cr,prothomalo,bn,https://www.prothomalo.com/opinion/column/jh4g8i41cr,2026-04-23,তেল সরবরাহের যে সমাধান সরকার এখনো দেখছে না,2026,11,False,True,0,1,0,0,1,2,0,0,0,0,0,0,0,0,0,0
prothomalo:https://www.prothomalo.com/bangladesh/capital/w8k263f1ju,prothomalo,bn,https://www.prothomalo.com/bangladesh/capital/w8k263f1ju,2026-04-22,"তেল ছাড়া ‘সংসার চলবে না’, তাই খাওয়া বাদ দিয়ে লাইনে",2026,6,False,True,1,3,0,0,0,0,0,0,0,0,0,0,0,0,0,0
prothomalo:https://www.prothomalo.com/opinion/column/m7cys0rjet,prothomalo,bn,https://www.prothomalo.com/opinion/column/m7cys0rjet,2026-04-22,‘সোনার দামের ডলারে’ কিনে আনা তেল যাচ্ছে কোথায়?,2026,29,False,True,1,13,0,0,1,4,0,0,1,2,0,0,1,3,0,1
prothomalo:https://www.prothomalo.com/bangladesh/district/3tzc8oyg65,prothomalo,bn,https://www.prothomalo.com/bangladesh/district/3tzc8oyg65,2026-04-20,চুয়াডাঙ্গায় সিরিয়াল ভেঙে তেল সংগ্রহের অভিযোগে দণ্ডিত পুলিশের সদস্যকে অব্যাহতি দিলেন আদালত,2026,6,False,True,0,0,0,0,0,0,0,0,0,0,0,0,0,0,0,0
prothomalo:https://www.prothomalo.com/bangladesh/gvfxi0gpnq,prothomalo,bn,https://www.prothomalo.com/bangladesh/gvfxi0gpnq,2026-04-19,"১৬ ঘণ্টাতেও তেল পাননি, তাই পাম্পের কাছে রাস্তাতেই বিছানা পেতে ঘুমাচ্ছেন তিনি",2026,6,False,True,0,0,0,0,1,2,0,0,0,0,0,0,0,0,0,0
prothomalo:https://www.prothomalo.com/bangladesh/district/b3xndk79up,prothomalo,bn,https://www.prothomalo.com/bangladesh/district/b3xndk79up,2026-04-18,"সিরিয়াল ভেঙে তেল সংগ্রহ, চুয়াডাঙ্গায় পুলিশ সদস্যকে জরিমানার ঘটনায় উদ্বেগ জানিয়ে বিবৃতি",2026,7,False,True,0,1,0,0,0,1,0,0,0,0,0,0,0,0,0,0
prothomalo:https://www.prothomalo.com/world/usa/1c5mnevknw,prothomalo,bn,https://www.prothomalo.com/world/usa/1c5mnevknw,2026-04-18,রাশিয়ার তেল বিক্রির ওপর আবারও যুক্তরাষ্ট্রের ছাড়,2026,3,False,True,1,15,0,0,0,0,0,0,0,0,0,0,0,0,0,0
prothomalo:https://www.prothomalo.com/video/bangladesh/w11vei210w,prothomalo,bn,https://www.prothomalo.com/video/bangladesh/w11vei210w,2026-04-17,"নাটোরে গভীর রাতে পেট্রলপাম্পে ভাঙচুর, প্রতিবাদে তেল বিক্রি বন্ধ",2026,2,True,True,0,0,0,0,0,0,0,0,0,0,0,0,0,0,1,3
prothomalo:https://www.prothomalo.com/business/world-business/lvqvlnjw2b,prothomalo,bn,https://www.prothomalo.com/business/world-business/lvqvlnjw2b,2026-04-16,"যুক্তরাষ্ট্র এখন যত তেল আমদানি করছে, রপ্তানিও করছে তার কাছাকাছি",2026,4,False,True,1,9,0,0,0,0,0,1,0,0,0,0,0,0,0,0
prothomalo:https://www.prothomalo.com/bangladesh/capital/kqafe18ao8,prothomalo,bn,https://www.prothomalo.com/bangladesh/capital/kqafe18ao8,2026-04-15,"‘রাত ১টায় লাইনে দাঁড়িয়ে ছিলাম, বেলা ২টায় তেল পেলাম’",2026,5,False,True,1,2,0,0,0,0,0,0,0,0,0,0,0,1,0,0
prothomalo:https://www.prothomalo.com/bangladesh/district/2snj0pa908,prothomalo,bn,https://www.prothomalo.com/bangladesh/district/2snj0pa908,2026-04-15,"তেল শেষ হওয়ায় মাঝপথে থেমে গেল দূরপাল্লার বাস, যাত্রীদের ভোগান্তি",2026,7,False,True,0,0,0,0,0,0,0,0,0,0,0,0,0,0,0,0
prothomalo:https://www.prothomalo.com/bangladesh/district/ifxkyp35r6,prothomalo,bn,https://www.prothomalo.com/bangladesh/district/ifxkyp35r6,2026-04-14,"হাতে থাকা তেল ফুরিয়ে আসছে, উৎপাদনে গতি কম",2026,26,False,True,1,13,0,0,0,0,0,0,0,0,0,0,0,0,0,0
prothomalo:https://www.prothomalo.com/bangladesh/capital/tel-snktte-diirgh-apekssaa-caalkder-bhogaanti,prothomalo,bn,https://www.prothomalo.com/bangladesh/capital/tel-snktte-diirgh-apekssaa-caalkder-bhogaanti,2026-04-11,"তেল সংকটে দীর্ঘ অপেক্ষা, চালকদের ভোগান্তি",2026,3,False,True,0,0,0,0,0,0,0,0,0,0,0,0,0,0,0,0
prothomalo:https://www.prothomalo.com/bangladesh/capital/7toi13zpdw,prothomalo,bn,https://www.prothomalo.com/bangladesh/capital/7toi13zpdw,2026-04-11,"তিন দিনের চেষ্টায় হয়নি, যত দেরিই হোক আজ নিতে হবে তেল",2026,3,False,True,0,0,0,0,0,0,0,0,0,0,0,0,0,0,0,0
prothomalo:https://www.prothomalo.com/bangladesh/capital/zrafxvaold,prothomalo,bn,https://www.prothomalo.com/bangladesh/capital/zrafxvaold,2026-04-10,"এক দুপুর গড়িয়ে আরেক দুপুর, ২২ ঘণ্টা পরও তেল পেলেন না ৬৩ বছরের শঙ্কর",2026,4,False,True,0,0,0,0,0,0,0,0,0,1,0,0,0,0,0,0
prothomalo:https://www.prothomalo.com/bangladesh/district/q0pktxglgl,prothomalo,bn,https://www.prothomalo.com/bangladesh/district/q0pktxglgl,2026-04-09,২৫ হাজার টন ফার্নেস তেল নিয়ে এল আরেকটি জাহাজ,2026,13,True,True,1,3,0,0,0,0,0,0,0,0,0,0,0,0,0,0
prothomalo:https://www.prothomalo.com/politics/qmbagdbsxm,prothomalo,bn,https://www.prothomalo.com/politics/qmbagdbsxm,2026-04-07,"আটটি পেট্রলপাম্প ঘুরে তেল পাননি, সংসদকে জানালেন সালাহ উদ্দিন আইউবী",2026,2,True,True,0,0,0,1,0,0,0,0,0,1,0,0,0,1,0,0
prothomalo:https://www.prothomalo.com/business/world-business/hhec9e18vg,prothomalo,bn,https://www.prothomalo.com/business/world-business/hhec9e18vg,2026-04-06,"তেল উৎপাদনে বিশ্বের শীর্ষ ১০ দেশ, কার উৎপাদন কত",2026,4,False,True,1,21,0,0,0,0,0,0,0,0,0,0,0,0,0,0
prothomalo:https://www.prothomalo.com/business/yuddher-maase-tel-aamdaani-kt,prothomalo,bn,https://www.prothomalo.com/business/yuddher-maase-tel-aamdaani-kt,2026-04-04,যুদ্ধের মাসে তেল আমদানি কত,2026,5,False,True,1,2,0,0,0,0,1,4,0,0,0,0,0,0,0,0
prothomalo:https://www.prothomalo.com/bangladesh/vsu0vz2f0g,prothomalo,bn,https://www.prothomalo.com/bangladesh/vsu0vz2f0g,2026-04-04,সেচ মৌসুমে প্রয়োজনমতো তেল পাচ্ছেন না কৃষক ,2026,35,False,True,1,3,0,0,0,1,0,0,0,0,0,0,1,4,0,0
prothomalo:https://www.prothomalo.com/business/analysis/jkehvd2523,prothomalo,bn,https://www.prothomalo.com/business/analysis/jkehvd2523,2026-04-02,"১৯৭০–এর দশকের তেল–সংকটের কথা মনে আছে, এবার পরিস্থিতি আরও খারাপ",2026,10,False,True,1,12,0,0,0,0,0,1,0,1,0,0,0,1,0,0
prothomalo:https://www.prothomalo.com/bangladesh/7j6js5cg5h,prothomalo,bn,https://www.prothomalo.com/bangladesh/7j6js5cg5h,2026-04-01,তেল নিয়ে ‘সার্কাজমে’ সংসদ সদস্য আমির হামজাও বিভ্রান্ত,2026,3,False,True,0,1,0,0,0,1,0,0,0,0,0,0,0,0,0,0
prothomalo:https://www.prothomalo.com/bangladesh/district/iribrd3lhl,prothomalo,bn,https://www.prothomalo.com/bangladesh/district/iribrd3lhl,2026-04-01,অফিসের চাহিদা দেখিয়ে নিজেদের জন্য তেল নিতে গিয়ে ধরা ফায়ার সার্ভিসের ৪ কর্মী,2026,4,False,True,0,0,0,0,0,0,0,0,0,0,0,0,0,0,0,0
prothomalo:https://www.prothomalo.com/bangladesh/district/1jtm2pexd8,prothomalo,bn,https://www.prothomalo.com/bangladesh/district/1jtm2pexd8,2026-04-21,রংপুরে গণপরিবহনের ভাড়া পুনর্নির্ধারণের দাবিতে ৪৮ ঘণ্টার আলটিমেটাম,2026,3,False,True,0,0,0,0,0,0,0,0,0,0,0,0,1,2,0,0
prothomalo:https://www.prothomalo.com/bangladesh/district/7gqptta94v,prothomalo,bn,https://www.prothomalo.com/bangladesh/district/7gqptta94v,2026-04-09,যুদ্ধের পর অকটেনের প্রথম জাহাজ এল দেশে,2026,22,True,True,1,6,0,0,0,0,0,0,0,0,0,0,0,0,0,0
prothomalo:https://www.prothomalo.com/bangladesh/vsyogpji8p,prothomalo,bn,https://www.prothomalo.com/bangladesh/vsyogpji8p,2026-04-10,জ্বালানিসংকট: যুদ্ধবিরতির সুফল পেতে সময় লাগবে ,2026,20,False,True,1,35,0,0,0,0,0,0,0,0,0,0,1,9,0,0
prothomalo:https://www.prothomalo.com/bangladesh/district/w713wzax7a,prothomalo,bn,https://www.prothomalo.com/bangladesh/district/w713wzax7a,2026-04-16,জ্বালানিসংকটের সময়ে বিপিসিতে রদবদল,2026,12,True,True,1,2,0,0,0,0,0,0,0,0,0,0,0,0,0,0
prothomalo:https://www.prothomalo.com/bangladesh/district/euygbli448,prothomalo,bn,https://www.prothomalo.com/bangladesh/district/euygbli448,2026-04-21,"অকটেনের সরবরাহ বাড়ায় চট্টগ্রামে 
ফিলিং স্টেশনে কমেছে ভিড়",2026,13,True,True,1,2,0,0,0,0,0,0,0,0,0,0,0,0,0,0
prothomalo:https://www.prothomalo.com/business/economics/8b30o3n9ls,prothomalo,bn,https://www.prothomalo.com/business/economics/8b30o3n9ls,2026-04-03,সংকটেও এলপিজি আমদানি বাড়িয়েছেন ব্যবসায়ীরা,2026,6,False,True,1,5,0,0,0,0,0,0,0,0,0,0,0,0,0,0
prothomalo:https://www.prothomalo.com/bangladesh/ay7uhrcpoi,prothomalo,bn,https://www.prothomalo.com/bangladesh/ay7uhrcpoi,2026-04-14,"অকটেনের মজুত বাড়ছে, কমেছে সরবরাহ, ভোগান্তি",2026,71,True,True,1,3,0,0,0,0,0,0,0,0,0,0,1,5,0,0
prothomalo:https://www.prothomalo.com/bangladesh/capital/qoova5127o,prothomalo,bn,https://www.prothomalo.com/bangladesh/capital/qoova5127o,2026-04-03,ঢাকার মশা মারাও আটকে যাচ্ছে ডিজেলের কারণে,2026,32,True,True,0,1,0,1,0,0,0,0,0,0,0,0,0,0,0,0
prothomalo:https://www.prothomalo.com/bangladesh/hhhtbhqour,prothomalo,bn,https://www.prothomalo.com/bangladesh/hhhtbhqour,2026-04-02,ডিজেলের আরও জাহাজ আসছে,2026,71,True,True,1,16,0,0,0,0,1,4,0,0,0,0,1,2,0,0
prothomalo:https://www.prothomalo.com/video/bangladesh/rmqzcjj9l4,prothomalo,bn,https://www.prothomalo.com/video/bangladesh/rmqzcjj9l4,2026-04-17,"মুন্সিগঞ্জে ডিজেলের তীব্র সংকট, সেচ নিয়ে বিপাকে কৃষকেরা",2026,2,True,True,0,0,0,0,0,0,0,0,0,0,0,0,0,0,0,0
prothomalo:https://www.prothomalo.com/bangladesh/district/pawn8fhz8x,prothomalo,bn,https://www.prothomalo.com/bangladesh/district/pawn8fhz8x,2026-04-23,"‘চালান টিকতেছে না, নিজে কী খামো, মহাজনকে কী দেইমো’",2026,7,False,True,0,0,0,0,0,0,0,0,0,1,0,0,0,1,0,0
prothomalo:https://www.prothomalo.com/bangladesh/ddijeler-aaro-jaahaaj-aasche,prothomalo,bn,https://www.prothomalo.com/bangladesh/ddijeler-aaro-jaahaaj-aasche,2026-04-02,ডিজেলের আরও জাহাজ আসছে,2026,6,True,True,0,0,0,0,0,0,0,0,0,0,0,0,0,0,0,0
prothomalo:https://www.prothomalo.com/video/bangladesh/q8qspjpvjs,prothomalo,bn,https://www.prothomalo.com/video/bangladesh/q8qspjpvjs,2026-04-01,জামালপুরে পেট্রলপাম্পে কর্মচারী ও বাইকারের মধ্যে উত্তেজনা,2026,5,True,True,0,0,0,0,0,0,0,0,0,0,0,0,0,0,0,0
prothomalo:https://www.prothomalo.com/bangladesh/akttener-mjut-baarrche-kmeche-srbraah-bhogaanti,prothomalo,bn,https://www.prothomalo.com/bangladesh/akttener-mjut-baarrche-kmeche-srbraah-bhogaanti,2026-04-14,"অকটেনের মজুত বাড়ছে, কমেছে সরবরাহ, ভোগান্তি",2026,4,True,True,0,0,0,0,0,0,0,0,0,0,0,0,0,0,0,0
prothomalo:https://www.prothomalo.com/bangladesh/capital/raaiddsheyyaarer-mottrsaaikele-berreche-bhaarraa,prothomalo,bn,https://www.prothomalo.com/bangladesh/capital/raaiddsheyyaarer-mottrsaaikele-berreche-bhaarraa,2026-04-19,রাইডশেয়ারের মোটরসাইকেলে বেড়েছে ভাড়া,2026,3,False,True,0,0,0,0,0,0,0,0,0,0,0,0,0,0,0,0
prothomalo:https://www.prothomalo.com/video/bangladesh/97k24v3yos,prothomalo,bn,https://www.prothomalo.com/video/bangladesh/97k24v3yos,2026-04-05,"অকটেনের চাহিদার ৫০% দেশেই উৎপাদন, তবু সংকট কেন?",2026,3,True,True,1,2,0,0,0,0,0,0,0,0,0,0,0,0,0,0
prothomalo:https://www.prothomalo.com/bangladesh/district/cdmt8efvtj,prothomalo,bn,https://www.prothomalo.com/bangladesh/district/cdmt8efvtj,2026-04-19,"বরিশালে লোডশেডিংয়ে অতিষ্ঠ জনজীবন, সেচসংকট, ব্যবসায়ও মন্দা",2026,6,False,True,0,0,0,0,0,0,0,0,0,0,0,0,1,4,0,0
prothomalo:https://www.prothomalo.com/business/industry/w6vm77movs,prothomalo,bn,https://www.prothomalo.com/business/industry/w6vm77movs,2026-04-12,"মধ্যপ্রাচ্য যুদ্ধে ছোট উদ্যোক্তাদের খরচ বাড়ছে, পণ্যের মূল্যবৃদ্ধির শঙ্কা",2026,3,False,True,1,17,0,0,0,0,0,0,0,1,0,0,1,2,0,0
prothomalo:https://www.prothomalo.com/chakri/chakri-suggestion/mvgbpqwhmi,prothomalo,bn,https://www.prothomalo.com/chakri/chakri-suggestion/mvgbpqwhmi,2026-04-09,তেলিয়াপাড়া বৈঠক–অরেঞ্জ ইকোনমি–কপ্লিক দাগ কী,2026,7,False,True,1,3,0,0,0,0,0,0,0,0,0,0,0,0,0,0
prothomalo:https://www.prothomalo.com/opinion/column/38hux4buur,prothomalo,bn,https://www.prothomalo.com/opinion/column/38hux4buur,2026-04-07,জ্বালানিসংকট: যা কিছু জেনে আমাদের পরিকল্পনা সাজাতে হবে,2026,16,False,True,1,6,0,0,1,2,0,0,0,0,0,0,0,1,0,0
prothomalo:https://www.prothomalo.com/bangladesh/jii1eelb8m,prothomalo,bn,https://www.prothomalo.com/bangladesh/jii1eelb8m,2026-04-23,"বাসভাড়া বাড়ল কিলোমিটারে ১১ পয়সা, কোন ভাড়া কত হলো ",2026,5,False,True,0,0,0,0,0,0,0,0,0,0,0,0,0,0,0,0
prothomalo:https://www.prothomalo.com/bangladesh/district/kd4t4kmnrk,prothomalo,bn,https://www.prothomalo.com/bangladesh/district/kd4t4kmnrk,2026-04-11,শহরে বিদ্যুৎ না থাকলেও ফসলের মাঠে বিদ্যুৎ সরবরাহ নিশ্চিত করতে হবে: যশোরে বিদ্যুৎ প্রতিমন্ত্রী,2026,3,False,True,0,1,0,0,0,0,0,0,0,0,0,0,0,0,0,0
prothomalo:https://www.prothomalo.com/bangladesh/jbaalaani-teler-daam-aaro-baarrl,prothomalo,bn,https://www.prothomalo.com/bangladesh/jbaalaani-teler-daam-aaro-baarrl,2026-05-31,জ্বালানি তেলের দাম আরও বাড়ল,2026,10,True,True,1,3,0,0,0,0,0,0,0,0,0,0,0,0,0,0
prothomalo:https://www.prothomalo.com/world/india/o133qxlugu,prothomalo,bn,https://www.prothomalo.com/world/india/o133qxlugu,2026-05-19,ভারতে এক সপ্তাহে দ্বিতীয়বার বাড়ল জ্বালানি তেলের দাম,2026,14,True,True,1,6,0,0,0,0,0,0,0,0,0,0,1,5,0,0
prothomalo:https://www.prothomalo.com/video/international/egzjwrw58o,prothomalo,bn,https://www.prothomalo.com/video/international/egzjwrw58o,2026-05-06,"ট্রাম্পের প্রজেক্ট ফ্রিডম স্থগিত, কমছে জ্বালানি তেলের দাম",2026,2,True,True,1,3,0,0,0,0,0,0,0,0,0,0,0,0,0,0
prothomalo:https://www.prothomalo.com/opinion/column/7ny7o0ibmj,prothomalo,bn,https://www.prothomalo.com/opinion/column/7ny7o0ibmj,2026-05-27,কৃত্রিম বুদ্ধিমত্তার যুগে জ্বালানি তেলের বাজার কার নিয়ন্ত্রণে থাকবে,2026,3,True,True,1,5,0,0,0,0,0,1,0,0,0,0,0,0,0,0
prothomalo:https://www.prothomalo.com/bangladesh/district/domv2cbsyo,prothomalo,bn,https://www.prothomalo.com/bangladesh/district/domv2cbsyo,2026-05-13,"দেশে জ্বালানি তেলের সংকট নেই, আসছে আরও ১০ জাহাজ",2026,35,True,True,1,7,0,0,0,0,1,4,0,0,0,0,0,0,0,0
prothomalo:https://www.prothomalo.com/business/world-business/x8vkj2tr81,prothomalo,bn,https://www.prothomalo.com/business/world-business/x8vkj2tr81,2026-05-28,"ইরানে আবার মার্কিন হামলার 
পর তেলের দাম বেড়েছে",2026,3,True,True,1,10,0,0,0,0,0,0,0,0,0,0,0,0,0,0
prothomalo:https://www.prothomalo.com/business/world-business/h6j60us11f,prothomalo,bn,https://www.prothomalo.com/business/world-business/h6j60us11f,2026-05-25,"এশিয়ার বাজারে কমেছে তেলের দাম, শেয়ার সূচকের উত্থান",2026,4,True,True,1,22,0,0,0,0,0,0,0,0,0,0,0,0,0,0
prothomalo:https://www.prothomalo.com/bangladesh/6tepo4stia,prothomalo,bn,https://www.prothomalo.com/bangladesh/6tepo4stia,2026-05-18,ফার্নেস তেলের দাম লিটারে বাড়ল ১৯ টাকা,2026,18,True,True,0,0,0,0,0,0,0,0,0,0,0,0,0,0,0,0
prothomalo:https://www.prothomalo.com/business/world-business/ayewtncvpe,prothomalo,bn,https://www.prothomalo.com/business/world-business/ayewtncvpe,2026-05-18,আমিরাতে পারমাণবিক বিদ্যুৎকেন্দ্রে হামলার পর তেলের দাম দুই সপ্তাহে সর্বোচ্চ,2026,5,True,True,1,14,0,0,0,0,0,0,0,0,0,0,0,0,0,0
prothomalo:https://www.prothomalo.com/business/world-business/o44eswwzhh,prothomalo,bn,https://www.prothomalo.com/business/world-business/o44eswwzhh,2026-05-11,"ইরানের জবাব পছন্দ হয়নি ট্রাম্পের, বেড়েছে তেলের দাম",2026,5,True,True,1,29,0,0,0,0,0,1,0,0,0,0,0,0,0,0
prothomalo:https://www.prothomalo.com/world/middle-east/xvdkslp4i2,prothomalo,bn,https://www.prothomalo.com/world/middle-east/xvdkslp4i2,2026-05-11,শান্তি আলোচনা নিয়ে অনিশ্চয়তায় আবার বেড়েছে তেলের দাম,2026,5,True,True,1,17,0,0,0,0,0,0,0,0,0,0,0,0,1,2
prothomalo:https://www.prothomalo.com/business/world-business/r92yim8io3,prothomalo,bn,https://www.prothomalo.com/business/world-business/r92yim8io3,2026-05-01,"যুদ্ধ বন্ধের আলোচনায় অগ্রগতি কম, আবার বাড়ছে তেলের দাম",2026,12,True,True,1,34,0,0,0,0,0,0,0,0,0,0,0,0,1,5
prothomalo:https://www.prothomalo.com/video/international/5y6mw07c3m,prothomalo,bn,https://www.prothomalo.com/video/international/5y6mw07c3m,2026-05-01,"ট্রাম্পের যুদ্ধের হুমকিতে তেলের দাম আকাশছোঁয়া, সামনে কী",2026,1,True,True,1,2,0,0,0,0,0,0,0,0,0,0,0,0,0,0
prothomalo:https://www.prothomalo.com/business/hmu3ysid4v,prothomalo,bn,https://www.prothomalo.com/business/hmu3ysid4v,2026-05-01,তেলের দাম ও বৃষ্টির প্রভাবে সবজির বাজার চড়া,2026,13,True,True,1,2,0,0,0,0,0,0,0,0,0,0,0,0,0,0
prothomalo:https://www.prothomalo.com/business/world-business/pijfzobusp,prothomalo,bn,https://www.prothomalo.com/business/world-business/pijfzobusp,2026-05-29,যুক্তরাষ্ট্র-ইরান যুদ্ধবিরতি নিয়ে ধোঁয়াশায় বিশ্ববাজারে তেলের দামে অস্থিরতা,2026,8,True,True,1,27,0,0,0,0,0,0,0,0,0,0,0,0,0,0
prothomalo:https://www.prothomalo.com/business/world-business/uaz23p4s95,prothomalo,bn,https://www.prothomalo.com/business/world-business/uaz23p4s95,2026-05-08,যুক্তরাষ্ট্র ও ইরানের পাল্টাপাল্টি হামলার জেরে তেলের দামে ওঠানামা,2026,6,True,True,1,24,0,0,0,0,0,0,0,0,0,0,0,0,0,0
prothomalo:https://www.prothomalo.com/business/world-business/cgo42pf6e8,prothomalo,bn,https://www.prothomalo.com/business/world-business/cgo42pf6e8,2026-05-03,"ভারতের রুপির দরপতন চলছেই, তেলের মূল্যবৃদ্ধির প্রভাব",2026,6,True,True,1,11,0,0,0,0,0,0,0,0,0,0,0,1,0,0
prothomalo:https://nagorik.prothomalo.com/ayojon/ruwgklka25,prothomalo,bn,https://nagorik.prothomalo.com/ayojon/ruwgklka25,2026-05-03,"তেলের খনি, চোরের খনি",2026,5,False,True,0,0,1,2,0,0,0,0,0,0,0,0,0,0,0,0
prothomalo:https://www.prothomalo.com/bangladesh/la6y1nmlte,prothomalo,bn,https://www.prothomalo.com/bangladesh/la6y1nmlte,2026-05-02,"তেলের দীর্ঘ লাইন উধাও, কয়েকটি কারণের কথা বলছেন পাম্পমালিকেরা  ",2026,66,False,True,1,6,0,0,1,4,0,0,0,0,0,0,0,0,0,0
prothomalo:https://www.prothomalo.com/bangladesh/a7pagtyx42,prothomalo,bn,https://www.prothomalo.com/bangladesh/a7pagtyx42,2026-05-19,জুনের শেষে পাইপলাইনে চট্টগ্রাম থেকে ঢাকায় জ্বালানি তেল সরবরাহ,2026,3,True,True,1,2,0,0,0,0,1,3,0,0,0,0,0,0,0,0
prothomalo:https://www.prothomalo.com/business/economics/yqiusjtgc9,prothomalo,bn,https://www.prothomalo.com/business/economics/yqiusjtgc9,2026-05-17,অতীতে জ্বালানি খাত অলিগার্কদের মোটাতাজা করেছে: রাশেদ আল মাহমুদ তিতুমীর,2026,14,True,True,0,0,0,0,0,0,0,0,0,0,0,0,1,2,0,0
prothomalo:https://www.prothomalo.com/video/fmseys98vm,prothomalo,bn,https://www.prothomalo.com/video/fmseys98vm,2026-05-14,"জ্বালানি সংকটেও জাপানি মোটরসাইকেলে আস্থা, শোরুমগুলোতে ক্রেতার ভিড়",2026,2,True,True,0,0,0,0,0,0,0,0,0,0,0,0,0,0,0,0
prothomalo:https://www.prothomalo.com/bangladesh/p7hj1tfecw,prothomalo,bn,https://www.prothomalo.com/bangladesh/p7hj1tfecw,2026-05-09,সরকার জ্বালানি অপরাধীদের বিচারে সক্রিয় ভূমিকা নিচ্ছে না: ক্যাবের জ্বালানি উপদেষ্টা,2026,3,False,True,0,0,0,1,1,2,0,1,1,2,0,0,1,3,0,0
prothomalo:https://www.prothomalo.com/bangladesh/district/esi7qxx1ea,prothomalo,bn,https://www.prothomalo.com/bangladesh/district/esi7qxx1ea,2026-05-03,"বাসায় মজুত করা জ্বালানি তেলে হঠাৎ অগ্নিকাণ্ড, ভাড়াটিয়ার জেল",2026,14,True,True,0,0,0,0,0,0,0,0,0,0,0,0,0,0,1,3
prothomalo:https://www.prothomalo.com/bangladesh/t1iirk0ijt,prothomalo,bn,https://www.prothomalo.com/bangladesh/t1iirk0ijt,2026-05-31,"পেট্রল–অকটেন-কেরোসিনের দাম বাড়ল, ডিজেল আগের দামেই",2026,34,True,True,1,7,0,0,0,0,0,0,0,0,0,0,0,0,0,0
prothomalo:https://www.prothomalo.com/bangladesh/5oysxxusq4,prothomalo,bn,https://www.prothomalo.com/bangladesh/5oysxxusq4,2026-05-23,"উড়োজাহাজের জ্বালানির দাম আবার কমল, এবার লিটারে ৪০ টাকা",2026,7,True,True,1,8,0,0,0,0,0,0,0,0,0,0,0,0,0,0
prothomalo:https://www.prothomalo.com/business/world-business/hm6pueew2d,prothomalo,bn,https://www.prothomalo.com/business/world-business/hm6pueew2d,2026-05-20,"বিশ্ববাজারে ডলারের দাম বাড়ছে, ছয় সপ্তাহের মধ্যে প্রায় সর্বোচ্চ",2026,4,False,True,1,25,0,0,0,0,0,0,0,0,0,0,0,0,0,0
prothomalo:https://www.prothomalo.com/bangladesh/un0oaa1mco,prothomalo,bn,https://www.prothomalo.com/bangladesh/un0oaa1mco,2026-05-20,"হাওরে চালের ক্ষতি ২ লাখ টন, দাম বাড়ছে",2026,3,False,True,1,2,0,0,1,3,0,1,0,1,0,0,0,0,0,0
prothomalo:https://www.prothomalo.com/business/industry/ai4lns8zwe,prothomalo,bn,https://www.prothomalo.com/business/industry/ai4lns8zwe,2026-05-17,"সময় এখন বৈদ্যুতিক গাড়ির, দাম কত, চালানোর খরচ কতটা কম",2026,10,False,True,1,4,0,0,0,0,0,1,0,0,0,0,0,1,0,0
prothomalo:https://www.prothomalo.com/business/world-business/c0j46o6waf,prothomalo,bn,https://www.prothomalo.com/business/world-business/c0j46o6waf,2026-05-09,"এপ্রিলে বিশ্ববাজারে বেড়েছে খাদ্যের দাম, এফএওর সূচক তিন বছরের মধ্যে সর্বোচ্চ",2026,10,False,True,1,10,0,0,0,0,0,0,0,0,0,0,0,0,0,0
prothomalo:https://www.prothomalo.com/business/ujxoholb08,prothomalo,bn,https://www.prothomalo.com/business/ujxoholb08,2026-05-08,"এক মাসে এক ডজন ডিমে দাম বেড়েছে ৩০–৪০ টাকা, সবজি–মাছ–মাংসও চড়া   ",2026,5,False,True,0,0,0,0,0,0,0,0,0,0,0,0,0,0,0,0
prothomalo:https://www.prothomalo.com/bangladesh/cvmz4xzsx5,prothomalo,bn,https://www.prothomalo.com/bangladesh/cvmz4xzsx5,2026-05-07,উড়োজাহাজের জ্বালানির দাম কমল লিটারে ২২ টাকা,2026,7,True,True,1,8,0,0,0,0,0,0,0,0,0,0,0,0,0,0
prothomalo:https://www.prothomalo.com/bangladesh/52ljlt5sxj,prothomalo,bn,https://www.prothomalo.com/bangladesh/52ljlt5sxj,2026-05-06,"এবার বিদ্যুতের দাম বাড়াতে চায় সরকার, কতটা বাড়ানোর প্রস্তাব",2026,6,False,True,1,3,0,0,0,0,0,0,0,0,0,0,1,11,0,0
prothomalo:https://www.prothomalo.com/bangladesh/rrmho33eld,prothomalo,bn,https://www.prothomalo.com/bangladesh/rrmho33eld,2026-05-06,বাসের পর লঞ্চের ভাড়া বাড়ল,2026,7,False,True,0,0,0,0,0,0,0,0,0,0,0,0,0,0,0,0
prothomalo:https://www.prothomalo.com/bangladesh/srbraah-baarraayy-paampe-caap-nei,prothomalo,bn,https://www.prothomalo.com/bangladesh/srbraah-baarraayy-paampe-caap-nei,2026-05-02,সরবরাহ বাড়ায় পাম্পে চাপ নেই,2026,5,False,True,0,1,0,0,0,1,0,0,0,0,0,0,0,0,0,0
prothomalo:https://www.prothomalo.com/bangladesh/district/uxug6lketx,prothomalo,bn,https://www.prothomalo.com/bangladesh/district/uxug6lketx,2026-05-20,নতুন চার কূপের ৫৫ মিলিয়ন ঘনফুট গ্যাস আগামী বছরের জুনের মধ্যে জাতীয় গ্রিডে যাবে: প্রতিমন্ত্রী,2026,3,False,True,0,1,0,0,0,0,0,0,0,0,0,0,0,1,0,0
prothomalo:https://www.prothomalo.com/business/economics/pgtu0nb8h1,prothomalo,bn,https://www.prothomalo.com/business/economics/pgtu0nb8h1,2026-05-06,"মূল্যস্ফীতি আবার ৯ শতাংশ ছাড়াল, চাপে মধ্যবিত্ত",2026,8,False,True,0,0,0,0,0,0,0,0,1,2,0,0,0,0,0,0
prothomalo:https://www.prothomalo.com/bangladesh/district/nyd4qu5ngp,prothomalo,bn,https://www.prothomalo.com/bangladesh/district/nyd4qu5ngp,2026-05-06,"সৌদি থেকে এল ১ লাখ টন তেল, পুরোদমে উৎপাদনে ফিরছে ইস্টার্ন রিফাইনারি",2026,5,False,True,1,5,0,0,0,0,0,0,0,0,0,0,0,0,0,0
prothomalo:https://www.prothomalo.com/bangladesh/district/1gduztmsyh,prothomalo,bn,https://www.prothomalo.com/bangladesh/district/1gduztmsyh,2026-05-12,"সীতাকুণ্ড-সন্দ্বীপ নৌরুটে স্পিডবোট বন্ধ, ভোগান্তিতে যাত্রীরা",2026,3,False,True,0,0,0,0,0,0,0,0,0,1,0,0,0,0,0,0
prothomalo:https://www.prothomalo.com/opinion/editorial/gvvfcvap63,prothomalo,bn,https://www.prothomalo.com/opinion/editorial/gvvfcvap63,2026-05-09,সুরক্ষা কর্মসূচি লক্ষ্যভিত্তিক হতে হবে,2026,5,False,True,1,3,0,1,0,0,0,0,1,3,0,0,0,1,0,0
prothomalo:https://www.prothomalo.com/business/world-business/34dlaskrz5,prothomalo,bn,https://www.prothomalo.com/business/world-business/34dlaskrz5,2026-05-07,"এশিয়ার শেয়ারবাজারে উত্থান, ইরান–যুক্তরাষ্ট্র শান্তিচুক্তির আশা",2026,8,False,True,1,20,0,0,0,0,0,0,0,0,0,0,0,0,0,0
prothomalo:https://www.prothomalo.com/world/middle-east/4thgn43yd6,prothomalo,bn,https://www.prothomalo.com/world/middle-east/4thgn43yd6,2026-05-20,চীনের দুটি সুপারট্যাংকার ৪০ লাখ ব্যারেল তেল নিয়ে অবরুদ্ধ হরমুজ প্রণালি পেরোল,2026,7,False,True,1,22,0,0,0,0,0,0,0,0,0,0,0,0,1,2
prothomalo:https://www.prothomalo.com/business/world-business/gtgwpuyivm,prothomalo,bn,https://www.prothomalo.com/business/world-business/gtgwpuyivm,2026-05-31,"যুক্তরাষ্ট্রে তিন বছরের মধ্যে সর্বোচ্চ মূল্যস্ফীতি, কমছে ভোগব্যয়",2026,4,False,True,1,8,0,0,0,0,0,0,0,1,0,0,0,0,0,0
prothomalo:https://www.prothomalo.com/bangladesh/rtjie5kny4,prothomalo,bn,https://www.prothomalo.com/bangladesh/rtjie5kny4,2026-05-24,সুবিধা বাড়িয়ে সমুদ্রে গ্যাস অনুসন্ধানের দরপত্র ,2026,4,False,True,1,4,0,1,0,0,1,4,0,0,0,0,0,0,0,0
prothomalo:https://www.prothomalo.com/world/middle-east/w36krcifa1,prothomalo,bn,https://www.prothomalo.com/world/middle-east/w36krcifa1,2026-05-11,ইরান যুদ্ধ বন্ধের আলোচনায় ‘অযৌক্তিক’ দাবি জানাচ্ছে যুক্তরাষ্ট্র: তেহরান,2026,3,False,True,1,46,0,0,0,0,0,0,1,4,0,0,0,0,1,3
prothomalo:https://www.prothomalo.com/world/middle-east/onfrl37crm,prothomalo,bn,https://www.prothomalo.com/world/middle-east/onfrl37crm,2026-05-22,যুক্তরাষ্ট্র–ইরান শান্তি আলোচনায় বড় অগ্রগতির খোঁজে পাকিস্তান,2026,5,False,True,1,39,0,1,0,0,0,0,0,0,0,0,0,1,0,0
prothomalo:https://www.prothomalo.com/bangladesh/district/oes1d2liti,prothomalo,bn,https://www.prothomalo.com/bangladesh/district/oes1d2liti,2026-05-19,সুইমিংপুলের মতো চৌবাচ্চায় মজুত ছিল জেট ফুয়েল,2026,8,False,True,1,3,0,0,0,0,0,1,0,0,0,0,0,0,0,0
prothomalo:https://www.prothomalo.com/business/world-business/jmt9e7xa2n,prothomalo,bn,https://www.prothomalo.com/business/world-business/jmt9e7xa2n,2026-05-13,"ইরান যুদ্ধের আঁচ মার্কিনদের গায়ে, তিন বছরের মধ্যে সর্বোচ্চ মূল্যস্ফীতি",2026,4,False,True,1,12,0,0,0,0,0,0,0,1,0,0,0,0,0,0
prothomalo:https://www.prothomalo.com/world/middle-east/o1izsr88vm,prothomalo,bn,https://www.prothomalo.com/world/middle-east/o1izsr88vm,2026-05-01,"ইরানে আবার হামলা চালাতে ট্রাম্পের তোড়জোড়, ‘যন্ত্রণাদায়ক’ পাল্টা হামলার হুমকি তেহরানের",2026,3,False,True,1,37,0,0,0,0,0,0,0,0,0,0,0,0,1,4
prothomalo:https://www.prothomalo.com/world/usa/milpq7d39p,prothomalo,bn,https://www.prothomalo.com/world/usa/milpq7d39p,2026-05-13,"ইরান যুদ্ধ শেষ করতে চীনের সাহায্য প্রয়োজন নেই—বললেন ট্রাম্প, হরমুজের ওপর ইরানের নিয়ন্ত্রণ জোরদার",2026,3,False,True,1,38,0,0,0,0,0,0,0,0,0,0,0,0,0,1
prothomalo:https://www.prothomalo.com/business/world-business/zmq2ww4kti,prothomalo,bn,https://www.prothomalo.com/business/world-business/zmq2ww4kti,2026-05-10,ইরান যুদ্ধের কারণে যেভাবে তেল ও গ্যাস বাণিজ্যে যুক্তরাষ্ট্রের লাভ হচ্ছে,2026,6,False,True,1,12,0,0,0,0,1,2,0,0,0,0,0,1,0,1
prothomalo:https://www.prothomalo.com/world/usa/hmsj29s506,prothomalo,bn,https://www.prothomalo.com/world/usa/hmsj29s506,2026-05-30,হোয়াইট হাউসে বৈঠকের পরও ইরান নিয়ে সিদ্ধান্ত জানালেন না  ট্রাম্প ,2026,3,False,True,1,25,0,0,0,0,0,0,0,0,0,0,0,0,1,2
prothomalo:https://www.prothomalo.com/bangladesh/659wxxmyyd,prothomalo,bn,https://www.prothomalo.com/bangladesh/659wxxmyyd,2026-05-29,ইরান যুদ্ধে কতটা ক্ষতিগ্রস্ত বাংলাদেশের অর্থনীতি,2026,8,False,True,1,41,0,0,0,0,0,0,0,0,0,0,0,0,1,2
prothomalo:https://www.prothomalo.com/bangladesh/district/czn72oytcu,prothomalo,bn,https://www.prothomalo.com/bangladesh/district/czn72oytcu,2026-05-11,"জাহাজ থেকে ডিজেল পাচারের সময় ৯ পাচারকারী আটক, ৪ হাজার লিটার ডিজেল উদ্ধার",2026,8,True,True,0,0,0,0,0,0,1,10,0,0,0,0,0,0,0,0
prothomalo:https://www.prothomalo.com/bangladesh/district/eb5h9n0z7p,prothomalo,bn,https://www.prothomalo.com/bangladesh/district/eb5h9n0z7p,2026-05-09," ইস্টার্ন রিফাইনারিতে শুরু হলো তেল শোধন, উৎপাদনে গতি ফিরেছে",2026,12,False,True,1,8,0,0,0,0,0,0,0,0,0,0,0,0,0,0
prothomalo:https://www.prothomalo.com/bangladesh/district/80d2fr9xi9,prothomalo,bn,https://www.prothomalo.com/bangladesh/district/80d2fr9xi9,2026-05-08,"ইস্টার্ন রিফাইনারিতে শুরু হচ্ছে তেল শোধন, উৎপাদন বাড়বে ধাপে ধাপে",2026,11,False,True,1,9,0,0,0,0,0,0,0,0,0,0,0,0,0,0
prothomalo:https://www.prothomalo.com/world/middle-east/d4ylzxn6dh,prothomalo,bn,https://www.prothomalo.com/world/middle-east/d4ylzxn6dh,2026-05-07,যুদ্ধ বন্ধে সমঝোতার পথে যুক্তরাষ্ট্র–ইরান,2026,4,False,True,1,76,0,0,0,0,0,0,0,0,0,0,0,0,1,3
prothomalo:https://www.prothomalo.com/business/world-business/51w2euipa1,prothomalo,bn,https://www.prothomalo.com/business/world-business/51w2euipa1,2026-05-20,"মার্কিন বন্ড বাজারে অস্থিরতা, বিশ্ব অর্থনীতির জন্য অশনিসংকেত",2026,3,False,True,1,9,0,0,0,0,0,0,0,0,0,0,0,0,0,0
prothomalo:https://www.prothomalo.com/world/usa/kkrzpcgbvh,prothomalo,bn,https://www.prothomalo.com/world/usa/kkrzpcgbvh,2026-05-04,ট্রাম্পের ওপর থেকে মুখ ফিরিয়ে নিচ্ছেন মার্কিন তরুণেরা,2026,3,False,True,1,8,1,2,0,0,0,0,0,1,0,0,0,1,0,0
prothomalo:https://www.prothomalo.com/bangladesh/district/7dtdr7ta8h,prothomalo,bn,https://www.prothomalo.com/bangladesh/district/7dtdr7ta8h,2026-05-22,"‘কাগজে’ আছে, বাস্তবে উধাও
৮১ লাখ টাকার জেট ফুয়েল",2026,6,False,True,1,4,0,0,0,0,0,0,0,0,0,0,0,0,0,0
prothomalo:https://www.prothomalo.com/bangladesh/district/8benckoriu,prothomalo,bn,https://www.prothomalo.com/bangladesh/district/8benckoriu,2026-05-17,"কুমিল্লায় হিজড়াকে পেট্রল ঢেলে পুড়িয়ে হত্যা, অভিযোগ সঙ্গীদের বিরুদ্ধে",2026,6,True,True,0,0,0,0,0,0,0,0,0,0,0,0,0,0,0,0
prothomalo:https://www.prothomalo.com/world/india/gt9zawbyrd,prothomalo,bn,https://www.prothomalo.com/world/india/gt9zawbyrd,2026-05-20,"মোদিকে সাপুড়ে বানিয়ে নরওয়ের সংবাদপত্রে কার্টুন, ভারতে চলছে বিতর্ক",2026,3,False,True,0,0,0,0,0,0,0,0,0,0,0,1,0,0,0,0
prothomalo:https://www.prothomalo.com/education/examination/2qk205x3xq,prothomalo,bn,https://www.prothomalo.com/education/examination/2qk205x3xq,2026-05-10,রসায়ন: বহুনির্বাচনি প্রশ্নের উত্তরগুলো পড়ে নাও,2026,3,False,True,0,0,0,0,0,0,0,0,0,0,0,0,0,0,0,0
prothomalo:https://www.prothomalo.com/education/examination/34bg6137m7,prothomalo,bn,https://www.prothomalo.com/education/examination/34bg6137m7,2026-05-10,প্রাকৃতিক গ্যাসের প্রধান উপাদান মিথেন,2026,3,False,True,0,0,0,0,0,0,0,0,0,0,0,0,0,0,0,0
prothomalo:https://www.prothomalo.com/opinion/column/agx6wlsx8g,prothomalo,bn,https://www.prothomalo.com/opinion/column/agx6wlsx8g,2026-05-19,বোরোর ক্ষতি পুষিয়ে খাদ্যনিরাপত্তা রক্ষার পথ কী,2026,6,False,True,0,0,0,0,0,0,0,0,1,5,1,5,1,5,0,0
prothomalo:https://www.prothomalo.com/bangladesh/district/1bq7ydfjcc,prothomalo,bn,https://www.prothomalo.com/bangladesh/district/1bq7ydfjcc,2026-05-26,"উৎপাদন কমেছে, বেড়েছে খরচ, কক্সবাজারের ৪২ হাজার লবণচাষি বিপাকে",2026,10,False,True,0,0,0,0,1,2,0,0,1,2,0,0,1,3,0,0
prothomalo:https://www.prothomalo.com/bangladesh/district/vqt7f9ea5j,prothomalo,bn,https://www.prothomalo.com/bangladesh/district/vqt7f9ea5j,2026-05-19,"কুমিল্লায় হিজড়া মাহিকে পুড়িয়ে হত্যার নেপথ্যে মাদক, আরেক হিজড়া গ্রেপ্তার: র‍্যাব",2026,4,False,True,0,0,0,0,0,0,0,0,0,0,0,0,0,0,0,0
prothomalo:https://www.prothomalo.com/bangladesh/eky0vkhfxk,prothomalo,bn,https://www.prothomalo.com/bangladesh/eky0vkhfxk,2026-05-24,সমুদ্রে তেল-গ্যাস মিললে তা উন্নয়নের বড় নিয়ামক হবে: জ্বালানিমন্ত্রী,2026,3,False,True,0,0,0,0,0,0,0,0,0,0,0,0,0,0,0,0
prothomalo:https://www.bondhushava.com/feature/y1k5n30s3m,prothomalo,bn,https://www.bondhushava.com/feature/y1k5n30s3m,2026-05-27,সেই সব সন্ধ্যা,2026,4,False,True,0,0,0,0,0,1,0,0,0,0,0,0,0,0,0,0
prothomalo:https://www.prothomalo.com/bangladesh/6fccynqrd7,prothomalo,bn,https://www.prothomalo.com/bangladesh/6fccynqrd7,2026-06-30,"জ্বালানি তেলের দাম দেশে কমেনি, বাড়ানোও হয়নি",2026,30,True,True,1,8,0,0,0,0,0,0,0,0,0,0,0,0,0,0
prothomalo:https://www.prothomalo.com/world/i28aoad9rq,prothomalo,bn,https://www.prothomalo.com/world/i28aoad9rq,2026-06-18,যুক্তরাষ্ট্র-ইরান চুক্তির খবরে বিশ্ববাজারে আরও কমল জ্বালানি তেলের দাম ,2026,5,True,True,1,23,0,0,0,0,0,0,0,0,0,0,0,0,1,2
prothomalo:https://www.prothomalo.com/world/middle-east/78irbn8rkl,prothomalo,bn,https://www.prothomalo.com/world/middle-east/78irbn8rkl,2026-06-17,বিশ্ববাজারে জ্বালানি তেলের দাম কমে তিন মাসের মধ্যে সর্বনিম্ন,2026,6,True,True,1,15,0,0,0,0,0,0,0,0,0,0,0,0,0,0
prothomalo:https://www.prothomalo.com/bangladesh/tr2ikaxasf,prothomalo,bn,https://www.prothomalo.com/bangladesh/tr2ikaxasf,2026-06-04,জ্বালানি তেলের পর বাড়ল বিদ্যুতের দাম,2026,4,True,True,1,4,0,0,0,0,0,0,1,5,0,0,1,5,0,0
prothomalo:https://www.prothomalo.com/business/world-business/a4vj0o59wn,prothomalo,bn,https://www.prothomalo.com/business/world-business/a4vj0o59wn,2026-06-26,৭০ ডলারের নিচে নেমে গেল মার্কিন জ্বালানি তেলের ব্যারেল,2026,4,True,True,1,18,0,0,0,0,0,0,0,0,0,0,0,0,0,0
prothomalo:https://www.prothomalo.com/politics/bu3k74cbp5,prothomalo,bn,https://www.prothomalo.com/politics/bu3k74cbp5,2026-06-07,জ্বালানি তেলের ৩ মাসের মজুত সক্ষমতা বাড়ানোর সুপারিশ বিশেষ কমিটির,2026,4,True,True,0,0,0,0,1,2,1,2,0,0,0,0,0,0,0,0
prothomalo:https://www.prothomalo.com/bangladesh/gf9wvy0c4i,prothomalo,bn,https://www.prothomalo.com/bangladesh/gf9wvy0c4i,2026-06-30,কমল বিদ্যুৎকেন্দ্রে ব্যবহৃত ফার্নেস তেলের দাম,2026,18,True,True,0,0,0,0,0,0,0,0,0,0,0,0,0,0,0,0
prothomalo:https://www.prothomalo.com/business/world-business/kxqkvqfrn2,prothomalo,bn,https://www.prothomalo.com/business/world-business/kxqkvqfrn2,2026-06-29,ইরান–যুক্তরাষ্ট্র পাল্টাপাল্টি হামলায় বেড়েছে তেলের দাম,2026,7,True,True,1,17,0,0,0,0,0,0,0,0,0,0,0,0,0,0
prothomalo:https://www.prothomalo.com/world/374f6qf90k,prothomalo,bn,https://www.prothomalo.com/world/374f6qf90k,2026-06-26,হরমুজ প্রণালিতে হামলার পর বিশ্ববাজারে আবার বেড়েছে তেলের দাম,2026,6,True,True,1,22,0,0,0,0,0,0,0,0,0,0,0,0,0,0
prothomalo:https://www.prothomalo.com/bangladesh/district/4dokj9bov1,prothomalo,bn,https://www.prothomalo.com/bangladesh/district/4dokj9bov1,2026-06-02,"জনগণ যখন ঘুমিয়ে যান, তখন তেলের দাম বাড়ানো হচ্ছে: বিরোধীদলীয় নেতা",2026,2,True,True,0,0,0,0,0,0,0,0,0,0,0,0,0,0,0,0
prothomalo:https://www.prothomalo.com/world/middle-east/bit6i0zp1i,prothomalo,bn,https://www.prothomalo.com/world/middle-east/bit6i0zp1i,2026-06-15,শান্তিচুক্তির খবরে তেলের বাজারে স্বস্তি,2026,8,False,True,1,28,0,0,0,0,0,0,0,0,0,0,0,0,1,2
prothomalo:https://www.prothomalo.com/business/world-business/6vk61crf3p,prothomalo,bn,https://www.prothomalo.com/business/world-business/6vk61crf3p,2026-06-04,"চীনে তেলের চাহিদা কমছে, কিন্তু অর্থনীতি ভেঙে পড়ছে না",2026,3,False,True,1,17,0,0,0,0,0,0,0,0,0,0,0,0,0,0
prothomalo:https://www.prothomalo.com/bangladesh/ah79ulufov,prothomalo,bn,https://www.prothomalo.com/bangladesh/ah79ulufov,2026-06-17,প্রস্তাবিত বাজেটে নবায়নযোগ্য জ্বালানি খাতে যথেষ্ট বরাদ্দ নেই: সিপিডি,2026,2,True,True,0,0,0,0,0,0,0,0,1,2,0,0,0,0,0,0
prothomalo:https://www.prothomalo.com/business/world-business/dee67ofocr,prothomalo,bn,https://www.prothomalo.com/business/world-business/dee67ofocr,2026-06-30,"বিশ্ববাজারে জেট ফুয়েলের দাম কমছে, কমছে না বিমানের ভাড়া",2026,3,False,True,1,5,0,0,0,0,0,0,0,0,0,0,0,1,0,0
prothomalo:https://www.prothomalo.com/business/diybe9c547,prothomalo,bn,https://www.prothomalo.com/business/diybe9c547,2026-06-11,"দাম বাড়তে পারে, কমতে পারে যেসব পণ্য ও সেবার",2026,3,False,True,0,0,0,0,0,0,0,0,0,0,0,0,0,0,0,0
prothomalo:https://www.prothomalo.com/world/usa/wboeaal775,prothomalo,bn,https://www.prothomalo.com/world/usa/wboeaal775,2026-06-09,"ট্রাম্পের প্রতি জনসমর্থন কমেই চলেছে, জ্বালানির দাম আরও বৃদ্ধির শঙ্কায় বেশির ভাগ মার্কিন নাগরিক",2026,8,True,True,1,14,0,0,0,0,0,0,0,0,0,0,0,0,0,0
prothomalo:https://www.prothomalo.com/bangladesh/bp1gizc9y3,prothomalo,bn,https://www.prothomalo.com/bangladesh/bp1gizc9y3,2026-06-07,লিটারে এবার ১৬ টাকা কমল উড়োজাহাজের জ্বালানির দাম,2026,6,True,True,1,10,0,0,0,0,0,0,0,0,0,0,0,0,0,0
prothomalo:https://www.prothomalo.com/politics/8btolqw0dt,prothomalo,bn,https://www.prothomalo.com/politics/8btolqw0dt,2026-06-05,বিদ্যুৎ-জ্বালানির দাম বাড়ানোর প্রতিবাদে এনসিপির বিক্ষোভ মিছিল,2026,4,True,True,0,0,0,0,1,2,0,0,0,0,0,0,0,0,1,27
prothomalo:https://www.prothomalo.com/world/usa/tfqyhei18h,prothomalo,bn,https://www.prothomalo.com/world/usa/tfqyhei18h,2026-06-30,২০২৫ সালে বিশ্বে কার্বন নির্গমন বৃদ্ধিতে শীর্ষে যুক্তরাষ্ট্র: প্রতিবেদন,2026,6,False,True,0,0,0,0,0,0,0,0,0,0,0,0,0,0,0,0
prothomalo:https://www.prothomalo.com/business/economics/cfbqrwzqdw,prothomalo,bn,https://www.prothomalo.com/business/economics/cfbqrwzqdw,2026-06-07,১৬ মাসের মধ্যে সর্বোচ্চ মূল্যস্ফীতি মে মাসে,2026,9,False,True,0,0,0,0,0,0,0,0,0,1,0,0,0,0,0,0
prothomalo:https://www.prothomalo.com/business/nr0p14dmjp,prothomalo,bn,https://www.prothomalo.com/business/nr0p14dmjp,2026-06-04,"বিদ্যুৎ, জ্বালানির মূল্যবৃদ্ধি মানুষের ওপর চাপ বাড়াবে: সিপিডি",2026,9,False,True,1,2,0,0,0,0,0,0,0,0,0,0,0,0,0,0
prothomalo:https://www.prothomalo.com/world/middle-east/cg3iq4ijyg,prothomalo,bn,https://www.prothomalo.com/world/middle-east/cg3iq4ijyg,2026-06-28,ইরানের বেশ কয়েকটি লক্ষ্যবস্তুতে হামলা চালিয়েছে যুক্তরাষ্ট্র: সেন্টকম ,2026,3,False,True,1,30,0,0,0,0,0,0,0,0,0,0,0,0,0,0
prothomalo:https://www.prothomalo.com/politics/a95tkupkls,prothomalo,bn,https://www.prothomalo.com/politics/a95tkupkls,2026-06-19,"বিদ্যুৎ, জ্বালানির ‘অযৌক্তিক’ বর্ধিত মূল্য প্রত্যাহারের দাবি",2026,8,False,True,1,2,1,2,0,0,0,0,1,5,0,0,0,1,1,5
prothomalo:https://www.prothomalo.com/opinion/editorial/ta2hqn2mw7,prothomalo,bn,https://www.prothomalo.com/opinion/editorial/ta2hqn2mw7,2026-06-19,স্থায়ী ও টেকসই শান্তিচুক্তিই একমাত্র সমাধান,2026,3,False,True,1,30,0,0,0,0,0,0,0,0,0,0,0,0,0,1
prothomalo:https://www.prothomalo.com/politics/14feou6rxp,prothomalo,bn,https://www.prothomalo.com/politics/14feou6rxp,2026-06-22,গত সাড়ে তিন মাসে বিপিসির লোকসান ১৭ হাজার ৩৯ কোটি টাকা: সংসদে জ্বালানিমন্ত্রী,2026,17,True,True,1,5,0,0,0,0,0,0,0,0,0,1,1,6,0,0
prothomalo:https://www.prothomalo.com/bangladesh/epm78nhm2m,prothomalo,bn,https://www.prothomalo.com/bangladesh/epm78nhm2m,2026-06-11,ক্যাপাসিটি চার্জের নামে লুটপাট হয়েছে: অর্থমন্ত্রী,2026,6,False,True,1,2,0,1,1,5,0,1,0,0,0,0,1,2,0,0
prothomalo:https://www.prothomalo.com/business/industry/ytr69t6lax,prothomalo,bn,https://www.prothomalo.com/business/industry/ytr69t6lax,2026-06-28,"মধ্যপ্রাচ্য যুদ্ধের প্রভাবে বাংলাদেশে পোশাক উৎপাদন ও ক্রয়াদেশ কমেছে, কর্মী ছাঁটাই চলছে",2026,4,False,True,1,8,0,0,0,0,0,0,0,0,0,0,0,1,0,0
prothomalo:https://www.prothomalo.com/world/middle-east/agjwhjyu93,prothomalo,bn,https://www.prothomalo.com/world/middle-east/agjwhjyu93,2026-06-18,"চুক্তির পর হরমুজ পার হলো সৌদির তিনটি সুপারট্যাংকার, লেবাননে হামলা ঘিরে দুশ্চিন্তা",2026,3,False,True,1,23,0,0,0,0,0,0,0,0,0,0,0,0,0,1
prothomalo:https://www.prothomalo.com/business/world-business/xo37r2qqxb,prothomalo,bn,https://www.prothomalo.com/business/world-business/xo37r2qqxb,2026-06-23,"যুদ্ধের কারণে ১০০ কোটি ব্যারেলের বেশি তেল বাজারে আসেনি, কী প্রভাব",2026,6,False,True,1,23,0,0,0,0,0,1,0,0,0,0,1,2,0,0
prothomalo:https://www.prothomalo.com/world/middle-east/hh502ic309,prothomalo,bn,https://www.prothomalo.com/world/middle-east/hh502ic309,2026-06-12,"ট্রাম্প বলছেন শিগগিরই শান্তিচুক্তি, ইরান বলছে চূড়ান্ত হয়নি—কার কথা সত্য",2026,3,False,True,1,40,0,0,0,0,0,0,0,0,0,0,0,0,0,0
prothomalo:https://www.prothomalo.com/business/world-business/23vn1plzre,prothomalo,bn,https://www.prothomalo.com/business/world-business/23vn1plzre,2026-06-06,"ছয় বছরের মধ্যে ইরানের তেল রপ্তানি সর্বনিম্ন, মার্কিন নৌ অবরোধের জের",2026,3,False,True,1,52,0,0,0,0,0,0,0,0,0,0,0,0,1,14
prothomalo:https://www.prothomalo.com/business/world-business/imuhghos71,prothomalo,bn,https://www.prothomalo.com/business/world-business/imuhghos71,2026-06-01,"দ্রুতই কমে যাচ্ছে যুক্তরাষ্ট্রের জাতীয় তেল মজুত, কী হবে এরপর",2026,6,False,True,1,19,0,0,0,0,0,0,0,0,0,0,1,2,0,0
prothomalo:https://www.prothomalo.com/opinion/column/ycd3hbawey,prothomalo,bn,https://www.prothomalo.com/opinion/column/ycd3hbawey,2026-06-15,"ইরান নিয়ে চুক্তি তো হচ্ছে, টিকবে তো!",2026,3,False,True,1,38,0,0,0,0,0,1,0,0,0,0,0,1,0,1
prothomalo:https://www.prothomalo.com/business/economics/gdvi2t7vwy,prothomalo,bn,https://www.prothomalo.com/business/economics/gdvi2t7vwy,2026-06-08,উচ্চ মূল্যস্ফীতির চাপ থেকে মানুষের সুরক্ষা বড় চ্যালেঞ্জ,2026,9,False,True,1,3,0,0,0,0,0,0,1,5,0,0,0,1,0,0
prothomalo:https://www.prothomalo.com/world/middle-east/l33vdqxnhd,prothomalo,bn,https://www.prothomalo.com/world/middle-east/l33vdqxnhd,2026-06-11,ইরানে আজ রাতে আরও কঠোর হামলা ও খারগ দ্বীপ দখলের হুমকি দিলেন ট্রাম্প,2026,3,False,True,1,23,0,0,0,0,0,0,0,0,0,0,0,0,0,0
prothomalo:https://www.prothomalo.com/opinion/column/ao5eknp2b4,prothomalo,bn,https://www.prothomalo.com/opinion/column/ao5eknp2b4,2026-06-17,ভারতের অর্থনীতি কি এত বড় চাপ সামলাতে পারবে,2026,4,False,True,1,2,0,0,0,1,0,0,0,0,0,0,1,2,0,0
prothomalo:https://www.prothomalo.com/bangladesh/district/kj37ydjunw,prothomalo,bn,https://www.prothomalo.com/bangladesh/district/kj37ydjunw,2026-06-16,"রাজবাড়ীতে পাওনা টাকা আদায়ে তরুণকে মারধর, হত্যার পর পেট্রল ঢেলে লাশে আগুন",2026,3,True,True,0,0,0,1,0,0,0,0,0,0,0,0,0,0,0,0
prothomalo:https://www.prothomalo.com/bangladesh/district/3hez7vd4c5,prothomalo,bn,https://www.prothomalo.com/bangladesh/district/3hez7vd4c5,2026-06-29,"‘চোখের সামনে দোকানডা পুড়ল, এহন সংসার চলব ক্যামনে’",2026,6,False,True,0,0,0,0,0,0,0,0,0,0,0,0,0,0,0,0
prothomalo:https://www.prothomalo.com/chakri/employment/czmo3xe0eo,prothomalo,bn,https://www.prothomalo.com/chakri/employment/czmo3xe0eo,2026-06-20,"পদ্মা অয়েল নেবে জুনিয়র অফিসার, ১৪ পদে আবেদন স্নাতক পাসে",2026,3,False,True,1,2,0,0,0,0,0,0,0,0,0,0,0,0,0,0
prothomalo:https://www.prothomalo.com/bangladesh/district/kq4kjj7qe1,prothomalo,bn,https://www.prothomalo.com/bangladesh/district/kq4kjj7qe1,2026-06-20,গাজীপুরে বয়লার বিস্ফোরণে ফার্নেস অয়েল তৈরি কারখানায় আগুন,2026,3,True,True,0,0,0,0,0,0,0,0,0,0,0,0,0,0,0,0
prothomalo:https://www.prothomalo.com/world/middle-east/9rsprk5wg9,prothomalo,bn,https://www.prothomalo.com/world/middle-east/9rsprk5wg9,2026-06-28,ইরান যুদ্ধের চার মাস: সবচেয়ে বেশি পকেট ভারী হলো কাদের,2026,8,False,True,1,73,0,0,0,0,0,1,0,0,0,0,1,3,0,0
prothomalo:https://www.prothomalo.com/bangladesh/9cgx13u162,prothomalo,bn,https://www.prothomalo.com/bangladesh/9cgx13u162,2026-07-30,আগামী মাসেও একই থাকছে জ্বালানি তেলের দাম,2026,25,True,True,1,7,0,0,0,0,0,0,0,0,0,0,0,0,0,0
prothomalo:https://www.prothomalo.com/bangladesh/district/wmej7nym0f,prothomalo,bn,https://www.prothomalo.com/bangladesh/district/wmej7nym0f,2026-07-25,"নীলফামারীতে গুজবে বেড়েছে জ্বালানি তেলের বিক্রি, পেট্রল-অকটেনশূন্য কয়েকটি পাম্প",2026,19,True,True,0,0,0,0,0,0,0,0,0,0,0,0,0,0,0,0
prothomalo:https://www.prothomalo.com/bangladesh/acmo5vjxx7,prothomalo,bn,https://www.prothomalo.com/bangladesh/acmo5vjxx7,2026-07-22,"জ্বালানি তেলের সংকট নেই, গ্যাসের সংকটও মিটে যাচ্ছে: মন্ত্রণালয়",2026,14,True,True,0,1,0,0,0,0,0,0,0,0,0,0,1,2,0,0
prothomalo:https://www.prothomalo.com/bangladesh/district/or3smae4j0,prothomalo,bn,https://www.prothomalo.com/bangladesh/district/or3smae4j0,2026-07-22,"ফেসবুকে খবর ছড়ায় ‘জ্বালানি তেলের সংকট’, মধ্যরাতে রাজশাহীর ফিলিং স্টেশনে ভিড়",2026,9,True,True,1,5,0,0,1,2,0,0,1,2,0,0,0,0,0,0
prothomalo:https://www.prothomalo.com/bangladesh/121i9l6b3l,prothomalo,bn,https://www.prothomalo.com/bangladesh/121i9l6b3l,2026-07-30,কমল বিদ্যুৎকেন্দ্রে ব্যবহৃত ফার্নেস তেলের দাম,2026,18,True,True,0,0,0,0,0,0,0,0,0,0,0,0,0,0,0,0
prothomalo:https://www.prothomalo.com/business/world-business/ki85zjraip,prothomalo,bn,https://www.prothomalo.com/business/world-business/ki85zjraip,2026-07-27,"ইরান-যুক্তরাষ্ট্র যুদ্ধবিরতি, ৫ শতাংশের বেশি কমল তেলের দাম ",2026,8,True,True,1,19,0,0,0,0,0,0,0,0,0,0,0,0,0,0
prothomalo:https://www.prothomalo.com/business/world-business/yxkwook9og,prothomalo,bn,https://www.prothomalo.com/business/world-business/yxkwook9og,2026-07-25,বিশ্ববাজারে তেলের দাম এবার লাগামছাড়া হওয়ার শঙ্কা,2026,19,True,True,1,44,0,0,0,0,1,4,0,0,0,0,0,1,0,1
prothomalo:https://www.prothomalo.com/business/world-business/6fuf69cj69,prothomalo,bn,https://www.prothomalo.com/business/world-business/6fuf69cj69,2026-07-23,"তেলের দাম ছয় সপ্তাহের মধ্যে সর্বোচ্চ, ব্যারেলপ্রতি ৯৬ ডলার",2026,6,True,True,1,20,0,0,0,0,0,0,0,0,0,0,0,0,0,1
prothomalo:https://www.prothomalo.com/business/world-business/h3qpk6q0hg,prothomalo,bn,https://www.prothomalo.com/business/world-business/h3qpk6q0hg,2026-07-22,"যুদ্ধের মধ্যেও তেলের দাম কেন অতটা বাড়ছে না, ৫ কারণ  ",2026,14,True,True,1,28,0,0,0,0,0,0,0,0,0,0,0,1,0,0
prothomalo:https://www.prothomalo.com/business/world-business/v3oxtwvoiq,prothomalo,bn,https://www.prothomalo.com/business/world-business/v3oxtwvoiq,2026-07-20,"বিশ্ববাজারে তেলের দাম বেড়েছে, ব্যারেলপ্রতি ছাড়াল ৯০ ডলার",2026,10,True,True,1,28,0,0,0,0,0,0,0,0,0,0,0,0,1,2
prothomalo:https://www.prothomalo.com/business/world-business/6bep2c91ig,prothomalo,bn,https://www.prothomalo.com/business/world-business/6bep2c91ig,2026-07-14,"তেলের দাম কত হবে, তা চীনের ওপর নির্ভর করছে",2026,12,True,True,1,19,0,0,0,0,0,0,0,0,0,0,0,0,1,2
prothomalo:https://www.prothomalo.com/business/world-business/m54zn2bsb4,prothomalo,bn,https://www.prothomalo.com/business/world-business/m54zn2bsb4,2026-07-14,বিশ্ববাজারে তেলের দাম এক মাসের মধ্যে সর্বোচ্চ,2026,7,True,True,1,20,0,0,0,0,0,0,0,0,0,0,0,0,1,4
prothomalo:https://www.prothomalo.com/video/international/hvkjzmn1ql,prothomalo,bn,https://www.prothomalo.com/video/international/hvkjzmn1ql,2026-07-13,"হরমুজ প্রণালি আবার বন্ধ, বেড়েছে তেলের দাম ",2026,1,True,True,1,6,0,0,0,0,0,0,0,0,0,0,0,0,0,0
prothomalo:https://www.prothomalo.com/business/economics/bybx753cua,prothomalo,bn,https://www.prothomalo.com/business/economics/bybx753cua,2026-07-13,"যুদ্ধের কারণে বেড়েছে তেলের দাম, কমেছে এশিয়ার শেয়ার সূচক",2026,13,True,True,1,20,0,0,0,0,0,0,0,0,0,0,0,0,0,0
prothomalo:https://www.prothomalo.com/business/world-business/3douuvc9x8,prothomalo,bn,https://www.prothomalo.com/business/world-business/3douuvc9x8,2026-07-09,বিশ্ববাজারে তেলের দাম বাড়লেও সোনার দাম কমেছে,2026,7,True,True,1,22,0,0,0,0,0,0,0,0,0,0,0,0,0,0
prothomalo:https://www.prothomalo.com/business/world-business/g074uwcdo4,prothomalo,bn,https://www.prothomalo.com/business/world-business/g074uwcdo4,2026-07-07,"ওপেকের অভ্যন্তরীণ দ্বন্দ্ব, তেলের দাম ৪০ ডলারে নামতে পারে",2026,10,True,True,1,26,0,0,0,0,0,1,0,0,0,1,1,2,1,2
prothomalo:https://www.prothomalo.com/business/world-business/fklp5m0gmn,prothomalo,bn,https://www.prothomalo.com/business/world-business/fklp5m0gmn,2026-07-06,"বিশ্ববাজারে কমেছে তেলের দাম, ওপেকের উৎপাদন বৃদ্ধির ফল",2026,6,True,True,1,17,0,0,0,0,0,0,0,0,0,0,0,0,0,0
prothomalo:https://www.prothomalo.com/world/middle-east/gyeqsrr4ul,prothomalo,bn,https://www.prothomalo.com/world/middle-east/gyeqsrr4ul,2026-07-23,লোহিত সাগরে হুতিদের ক্ষেপণাস্ত্র হামলায় সৌদি আরবের দুটি তেলের ট্যাংকারে আগুন,2026,3,False,True,1,13,0,0,0,0,1,2,0,0,0,0,0,0,1,6
prothomalo:https://www.prothomalo.com/business/world-business/b3g6sw3fax,prothomalo,bn,https://www.prothomalo.com/business/world-business/b3g6sw3fax,2026-07-10,ইরান যুদ্ধের কারণে এ বছর বিশ্বে তেলের চাহিদা কমবে,2026,3,False,True,1,20,0,0,0,0,0,0,0,0,0,0,0,0,0,0
prothomalo:https://www.prothomalo.com/business/economics/rsjft8fvx3,prothomalo,bn,https://www.prothomalo.com/business/economics/rsjft8fvx3,2026-07-29,"চীন, ভারতসহ পাঁচ দেশ থেকে ১৭ হাজার কোটি টাকার জ্বালানি তেল কেনা হচ্ছে",2026,11,True,True,0,0,0,0,0,0,0,0,0,0,0,1,0,0,0,0
prothomalo:https://www.prothomalo.com/bangladesh/2vbre27cip,prothomalo,bn,https://www.prothomalo.com/bangladesh/2vbre27cip,2026-07-24,বাংলাদেশ জ্বালানি ও প্রবাসী আয়ে অনেক বেশি ঝুঁকিতে ,2026,3,False,True,1,17,0,0,0,0,0,0,0,0,0,0,0,0,0,0
prothomalo:https://www.prothomalo.com/roundtable/f3ncsnbg3y,prothomalo,bn,https://www.prothomalo.com/roundtable/f3ncsnbg3y,2026-07-16,জাতীয় নবায়নযোগ্য জ্বালানি উন্নয়ন কৌশলপত্র (২০২৬-২০৩০),2026,11,False,True,0,0,0,1,0,1,0,0,1,3,0,0,1,2,0,0
prothomalo:https://www.bigganchinta.com/biology/024fvyjll2,prothomalo,bn,https://www.bigganchinta.com/biology/024fvyjll2,2026-07-02,মার্কিন রেলপথে নবায়নযোগ্য জ্বালানি: নেপথ্যে বাংলাদেশি গবেষক,2026,15,False,True,1,3,0,0,0,0,0,0,0,0,0,0,0,0,0,0
prothomalo:https://www.prothomalo.com/world/usa/zjpoux71of,prothomalo,bn,https://www.prothomalo.com/world/usa/zjpoux71of,2026-07-08,"ইরানের তেল বিক্রির সুবিধা বাতিল করল যুক্তরাষ্ট্র, দাম বাড়ল বিশ্ববাজারে",2026,6,False,True,1,26,0,0,0,0,0,0,0,0,0,0,0,0,0,0
prothomalo:https://www.prothomalo.com/bangladesh/5h15tk2twe,prothomalo,bn,https://www.prothomalo.com/bangladesh/5h15tk2twe,2026-07-07,উড়োজাহাজের জ্বালানির দাম এবার কমল লিটারে ১৯ টাকা ২২ পয়সা,2026,6,True,True,1,10,0,0,0,0,0,0,0,0,0,0,0,0,0,0
prothomalo:https://www.prothomalo.com/business/economics/ca6i0rm3vw,prothomalo,bn,https://www.prothomalo.com/business/economics/ca6i0rm3vw,2026-07-02,ভোজ্যতেলের দাম বাজারের ওপর ছেড়ে দেওয়ার সুপারিশ ব্যবসায়ীদের,2026,3,True,True,1,3,0,0,0,0,0,0,0,1,0,0,0,0,0,0
prothomalo:https://www.prothomalo.com/business/economics/vqsdrqfh1a,prothomalo,bn,https://www.prothomalo.com/business/economics/vqsdrqfh1a,2026-07-06,"টানা তিন মাস ধরে মূল্যস্ফীতি ৯ শতাংশের বেশি, চাপে সীমিত আয়ের মানুষ",2026,4,False,True,0,0,0,0,0,0,0,0,0,1,0,0,0,0,0,0
prothomalo:https://www.prothomalo.com/world/middle-east/2x075zayvr,prothomalo,bn,https://www.prothomalo.com/world/middle-east/2x075zayvr,2026-07-15,হরমুজ নিয়ে তীব্র হচ্ছে লড়াই ,2026,3,False,True,1,32,0,0,0,0,0,0,0,0,0,0,0,0,0,0
prothomalo:https://www.prothomalo.com/business/economics/66sodnpblq,prothomalo,bn,https://www.prothomalo.com/business/economics/66sodnpblq,2026-07-09,"চলতি অর্থবছরে জিডিপি প্রবৃদ্ধি সাড়ে ৪ শতাংশ, পূর্বাভাস এডিবির",2026,4,False,True,1,5,0,0,0,0,0,0,0,0,0,1,1,5,0,0
prothomalo:https://www.prothomalo.com/politics/6rppdo1mvx,prothomalo,bn,https://www.prothomalo.com/politics/6rppdo1mvx,2026-07-08,‘সভেরেন গ্যারান্টি’ থাকায় বিদ্যুতের চুক্তি বাতিল অনেক সময়সাপেক্ষ: সংসদে বিদ্যুৎমন্ত্রী,2026,9,False,True,1,4,0,0,0,0,0,0,0,0,0,1,0,0,0,0
prothomalo:https://www.prothomalo.com/world/middle-east/xubj390whi,prothomalo,bn,https://www.prothomalo.com/world/middle-east/xubj390whi,2026-07-22,সৌদি তেলবাহী এশিয়ামুখী দুটি ট্যাংকার গতিপথ বদলাল হুতিদের হুমকিতে,2026,3,False,True,1,19,0,0,0,0,0,1,0,0,0,0,0,0,0,1
prothomalo:https://www.prothomalo.com/business/world-business/7apxx9pmt5,prothomalo,bn,https://www.prothomalo.com/business/world-business/7apxx9pmt5,2026-07-30,"টানা পাঁচবার নীতি সুদ অপরিবর্তিত রাখল ফেড, কী বার্তা বিশ্ব অর্থনীতির জন্য",2026,3,False,True,1,4,0,0,0,0,0,0,0,0,0,0,0,0,0,0
prothomalo:https://www.prothomalo.com/world/middle-east/en6al4bawq,prothomalo,bn,https://www.prothomalo.com/world/middle-east/en6al4bawq,2026-07-15,হরমুজের পর এবার কি লোহিত সাগরের প্রবেশপথ বন্ধ করে দিতে পারে ইরান,2026,3,False,True,1,42,0,0,0,0,0,0,0,0,0,0,0,0,0,1
prothomalo:https://www.prothomalo.com/world/middle-east/z7putctzix,prothomalo,bn,https://www.prothomalo.com/world/middle-east/z7putctzix,2026-07-29,ইরাকে ইরানপন্থী মিলিশিয়াদের ওপর যুক্তরাষ্ট্র-সৌদি আরবের যৌথ হামলা,2026,3,False,True,1,26,0,1,0,0,0,0,0,1,0,0,0,0,0,0
prothomalo:https://www.prothomalo.com/technology/automobiles/n95w69ituw,prothomalo,bn,https://www.prothomalo.com/technology/automobiles/n95w69ituw,2026-07-26,নতুন দিগন্তে বাংলাদেশের গাড়িশিল্প ,2026,8,False,True,0,0,0,0,0,0,0,0,0,1,0,0,0,0,0,0
prothomalo:https://www.prothomalo.com/opinion/editorial/jfpsgfcocs,prothomalo,bn,https://www.prothomalo.com/opinion/editorial/jfpsgfcocs,2026-07-27,স্থলভাগে টার্মিনাল নির্মাণের বিকল্প নেই,2026,3,False,True,1,7,0,0,0,0,0,0,0,0,0,0,0,1,0,0
prothomalo:https://www.prothomalo.com/opinion/editorial/dgwbg60o06,prothomalo,bn,https://www.prothomalo.com/opinion/editorial/dgwbg60o06,2026-07-02,লোডশেডিং মানেই কেন গ্রাম হবে,2026,3,False,True,1,2,0,0,0,0,0,0,1,7,0,0,0,1,1,4
prothomalo:https://www.prothomalo.com/bangladesh/l55ago1ec1,prothomalo,bn,https://www.prothomalo.com/bangladesh/l55ago1ec1,2026-07-22,বিদ্যুৎ বিতরণব্যবস্থা বেসরকারি খাতে ছেড়ে দিতে চায় সরকার,2026,3,False,True,1,5,0,1,0,1,1,3,0,0,0,0,1,4,0,0
prothomalo:https://www.prothomalo.com/business/world-business/ldql3gclhy,prothomalo,bn,https://www.prothomalo.com/business/world-business/ldql3gclhy,2026-07-26,"নবায়নযোগ্য জ্বালানিতে চীনের রেকর্ড বিনিয়োগ, ইরান যুদ্ধের ফল",2026,6,False,True,1,10,0,0,0,0,0,0,0,0,0,0,0,0,0,0
prothomalo:https://www.prothomalo.com/business/economics/ra6gw7ogsw,prothomalo,bn,https://www.prothomalo.com/business/economics/ra6gw7ogsw,2026-07-11,"আইএমএফের সঙ্গে নতুন ঋণ নিয়ে বৈঠক শুরু কাল, আলোচনায় থাকছে নতুন বেতনকাঠামো",2026,3,False,True,0,1,0,1,0,0,0,0,0,1,0,0,1,2,0,0
prothomalo:https://www.prothomalo.com/business/economics/uvd4xgbb88,prothomalo,bn,https://www.prothomalo.com/business/economics/uvd4xgbb88,2026-07-23,"১৬ লাখ টন ডিজেল আমদানির প্রস্তাব কেন বৈঠকে ওঠেনি, যা বললেন বিদ্যুৎ ও জ্বালানিমন্ত্রী",2026,15,True,True,1,5,0,0,0,0,0,0,0,0,0,0,0,0,0,0
prothomalo:https://www.prothomalo.com/world/india/1femxl7qgu,prothomalo,bn,https://www.prothomalo.com/world/india/1femxl7qgu,2026-07-18,ভারতে ডিজেল-বিদ্যুতের বিকল্প হিসেবে প্রথমবারের মতো চালু হলো হাইড্রোজেনচালিত ট্রেন,2026,3,True,True,0,0,0,0,0,0,0,0,0,1,0,0,0,0,0,0
prothomalo:https://www.prothomalo.com/bangladesh/district/40o44lj4ly,prothomalo,bn,https://www.prothomalo.com/bangladesh/district/40o44lj4ly,2026-07-04,"রাতের আঁধারে পেট্রল ঢেলে জুলাই স্মৃতিস্তম্ভে আগুন, নিষিদ্ধ ছাত্রলীগের সাবেক নেতা আটক",2026,4,True,True,0,0,0,0,0,0,0,0,0,0,0,0,0,0,0,0
prothomalo:https://www.prothomalo.com/business/economics/9tszi0e55f,prothomalo,bn,https://www.prothomalo.com/business/economics/9tszi0e55f,2026-07-02,"নৌপথের ভাড়া বৃদ্ধি, বাড়ছে শিল্পের খরচ",2026,3,False,True,0,1,0,0,0,0,0,0,0,0,0,0,0,1,0,0
prothomalo:https://www.prothomalo.com/world/middle-east/l25o3tjgv4,prothomalo,bn,https://www.prothomalo.com/world/middle-east/l25o3tjgv4,2026-07-31,"ইরান সংকটে আটকে গেছেন ট্রাম্প, যুদ্ধ থেকে বের হতে ট্রাম্পের সামনে নতুন পথ কী",2026,5,False,True,1,49,0,1,0,0,0,0,0,0,0,0,0,0,0,0
prothomalo:https://www.prothomalo.com/entertainment/hollywood/m5s7ypd1h4,prothomalo,bn,https://www.prothomalo.com/entertainment/hollywood/m5s7ypd1h4,2026-07-18,"নিরাপত্তারক্ষী থেকে অভিনেতা, এখন ৩ হাজার কোটি টাকার মালিক",2026,14,False,True,0,0,0,0,0,0,0,0,0,0,0,0,0,0,0,0
prothomalo:https://www.prothomalo.com/bangladesh/cyy5691qwj,prothomalo,bn,https://www.prothomalo.com/bangladesh/cyy5691qwj,2026-07-22,সাংবাদিক আবু হেনা রাসেল মারা গেছেন,2026,3,False,True,0,0,0,0,0,0,0,0,0,0,0,0,0,0,0,0
prothomalo:https://www.prothomalo.com/bangladesh/district/rkrc8v0w7o,prothomalo,bn,https://www.prothomalo.com/bangladesh/district/rkrc8v0w7o,2026-07-22,"কাচ গলিয়ে সাজ্জাত গড়েন তাজমহল, বিশ্বকাপ ট্রফি",2026,3,False,True,0,0,0,0,0,0,0,0,0,0,0,0,0,0,0,0
prothomalo:https://www.prothomalo.com/business/world-business/xrau5luqnb,prothomalo,bn,https://www.prothomalo.com/business/world-business/xrau5luqnb,2026-08-25,ইরানের ওপর নতুন নিষেধাজ্ঞার পর তেলের দাম সামান্য বেড়েছে,2026,8,True,True,1,21,0,0,0,0,0,0,0,0,0,0,0,0,0,0
prothomalo:https://www.prothomalo.com/business/world-business/f7sditofy4,prothomalo,bn,https://www.prothomalo.com/business/world-business/f7sditofy4,2026-08-18,"ইরান–যুক্তরাষ্ট্র যুদ্ধবিরতি শেষ, ৯১ ডলারের ওপরে উঠল তেলের দাম ",2026,12,True,True,1,27,0,0,0,0,0,0,0,0,0,0,0,0,0,0
prothomalo:https://www.prothomalo.com/business/world-business/p2dnvhfofx,prothomalo,bn,https://www.prothomalo.com/business/world-business/p2dnvhfofx,2026-08-10,"তেলের দাম বেড়ে ব্যারেলপ্রতি ৮৪ ডলার, হরমুজ নিয়ে অনিশ্চয়তা কাটেনি ",2026,4,True,True,1,21,0,0,0,0,0,0,0,0,0,0,0,0,0,0
prothomalo:https://www.prothomalo.com/business/world-business/j9n18g12jn,prothomalo,bn,https://www.prothomalo.com/business/world-business/j9n18g12jn,2026-08-03,বিশ্ববাজারে তেলের দাম কমলেও বেড়েছে সোনার দাম,2026,5,True,True,1,8,0,0,0,0,0,0,0,0,0,0,0,0,0,0
prothomalo:https://www.prothomalo.com/bangladesh/pw50vgd528,prothomalo,bn,https://www.prothomalo.com/bangladesh/pw50vgd528,2026-08-22,গ্যাস–সংকটে তেলের ওপর বাড়তি চাপ,2026,60,False,True,0,0,0,0,0,0,0,0,0,0,0,0,1,4,0,0
prothomalo:https://www.prothomalo.com/business/world-business/n1sm9vlq4m,prothomalo,bn,https://www.prothomalo.com/business/world-business/n1sm9vlq4m,2026-08-16,"তেলের বাজারের নিয়ন্ত্রণ ওপেক নয়, এখন চীনের হাতে",2026,5,False,True,1,22,0,0,0,1,0,1,0,1,0,0,0,1,0,0
prothomalo:https://www.prothomalo.com/business/economics/i87rdlkl92,prothomalo,bn,https://www.prothomalo.com/business/economics/i87rdlkl92,2026-08-30,বিলিয়ন ডলারের আমদানি পণ্যের ৫টিই জ্বালানি,2026,19,False,True,1,5,0,0,0,0,0,0,0,0,0,0,0,0,0,0
prothomalo:https://www.prothomalo.com/bangladesh/8f3s4pw6zg,prothomalo,bn,https://www.prothomalo.com/bangladesh/8f3s4pw6zg,2026-08-23,জ্বালানি খাতের সংকটকে দুটি ভিন্ন দৃষ্টিকোণ থেকে দেখার পরামর্শ,2026,3,True,True,0,1,1,2,1,4,1,3,0,0,0,0,0,1,0,0
prothomalo:https://www.prothomalo.com/bangladesh/rrun4giufj,prothomalo,bn,https://www.prothomalo.com/bangladesh/rrun4giufj,2026-08-23,বিদ্যুৎ-জ্বালানি খাতে লুণ্ঠন বন্ধ করে মূল্যহার কমানোর দাবি ক্যাবের,2026,6,True,True,0,0,1,2,1,2,0,0,1,3,0,0,0,1,1,3
prothomalo:https://www.prothomalo.com/video/bangladesh/rbtjvol66g,prothomalo,bn,https://www.prothomalo.com/video/bangladesh/rbtjvol66g,2026-08-13,"আমদানিনির্ভর জ্বালানি খাত, এক সংকটেই গ্যাস-বিদ্যুতে হাহাকার",2026,2,True,True,0,0,0,0,0,0,0,0,0,0,0,0,0,0,0,0
prothomalo:https://www.prothomalo.com/bangladesh/969dd25n9b,prothomalo,bn,https://www.prothomalo.com/bangladesh/969dd25n9b,2026-08-12,আমদানিনির্ভরতায় ভুগছে জ্বালানি খাত ,2026,7,True,True,1,5,0,0,1,2,0,1,0,0,0,0,1,2,0,0
prothomalo:https://www.prothomalo.com/bangladesh/gnqhvm96vx,prothomalo,bn,https://www.prothomalo.com/bangladesh/gnqhvm96vx,2026-08-11,জ্বালানি–সংকট উত্তরাধিকার সূত্রে পাওয়া: জ্বালানিমন্ত্রী,2026,5,False,True,1,3,0,0,0,1,0,1,0,1,0,0,1,2,0,0
prothomalo:https://www.prothomalo.com/bangladesh/1t95u0lze0,prothomalo,bn,https://www.prothomalo.com/bangladesh/1t95u0lze0,2026-08-11,"লোডশেডিংয়ে ভুগছে বেশি গ্রামের মানুষ,  জ্বালানি–ঘাটতিসহ আরও যেসব কারণ ",2026,3,False,True,0,1,0,0,0,0,1,4,0,0,0,0,1,7,0,0
prothomalo:https://www.prothomalo.com/video/bangladesh/31fvebgzzj,prothomalo,bn,https://www.prothomalo.com/video/bangladesh/31fvebgzzj,2026-08-08,জ্বালানি সংকট মোকাবিলায় সরকার সর্বোচ্চ চেষ্টা চালিয়ে যাচ্ছে: প্রধানমন্ত্রী,2026,1,True,True,0,0,0,0,0,0,0,0,0,0,0,0,0,0,0,0
prothomalo:https://www.prothomalo.com/politics/8nz4dq6kqa,prothomalo,bn,https://www.prothomalo.com/politics/8nz4dq6kqa,2026-08-08,জ্বালানি খাতকে প্রাইভেট সেক্টরে ছেড়ে দিলে জবাবদিহি থাকে না: জামায়াত,2026,11,True,True,0,1,0,0,1,9,0,1,0,0,0,0,0,0,1,2
prothomalo:https://www.prothomalo.com/world/usa/suyyej-khaale-niraapttaa-jhunki-jbaalaani-snktt,prothomalo,bn,https://www.prothomalo.com/world/usa/suyyej-khaale-niraapttaa-jhunki-jbaalaani-snktt,2026-08-01,"সুয়েজ খালে নিরাপত্তা ঝুঁকি, জ্বালানি সংকট",2026,2,True,True,1,4,0,0,0,0,0,1,0,0,0,0,0,0,0,0
prothomalo:https://www.prothomalo.com/bangladesh/shlmea2kfk,prothomalo,bn,https://www.prothomalo.com/bangladesh/shlmea2kfk,2026-08-09,লিটারে এবার ২৯ টাকা বাড়ল উড়োজাহাজের জ্বালানির দাম,2026,5,True,True,1,8,0,0,0,0,0,0,0,0,0,0,0,0,0,0
prothomalo:https://www.prothomalo.com/world/india/8u2udv3nlw,prothomalo,bn,https://www.prothomalo.com/world/india/8u2udv3nlw,2026-08-08,"রাশিয়ার ওপর নিষেধাজ্ঞা বিল পাস, ভারত ও চীনের ওপর ১০০ শতাংশ শুল্কের হুমকি",2026,3,False,True,1,6,0,0,0,0,0,0,0,0,0,0,0,0,0,0
prothomalo:https://www.prothomalo.com/opinion/editorial/vywi0iju1m,prothomalo,bn,https://www.prothomalo.com/opinion/editorial/vywi0iju1m,2026-08-09,১০ বছরের মুনাফার অর্থ কোথায় গেল,2026,15,False,True,1,9,0,0,0,0,0,0,0,0,0,0,0,1,0,0
prothomalo:https://www.prothomalo.com/business/world-business/um0hur6gip,prothomalo,bn,https://www.prothomalo.com/business/world-business/um0hur6gip,2026-08-02,"ইরান যুদ্ধের জেরে তেল কোম্পানির রেকর্ড মুনাফা, যুক্তরাষ্ট্রে রাজনৈতিক চাপ বাড়ছে",2026,7,False,True,1,15,0,0,0,1,0,0,0,0,0,0,0,0,0,0
prothomalo:https://www.bigganchinta.com/technology/1caxr96x56,prothomalo,bn,https://www.bigganchinta.com/technology/1caxr96x56,2026-08-17,"চালু হলো বিশ্বের সবচেয়ে বড় ইলেকট্রিক বিমান, কেমন হবে ভবিষ্যতের বিমানযাত্রা",2026,3,False,True,1,4,0,0,0,0,0,0,0,0,0,1,0,0,0,0
prothomalo:https://www.prothomalo.com/world/usa/1pcih0wl6b,prothomalo,bn,https://www.prothomalo.com/world/usa/1pcih0wl6b,2026-08-12,"হরমুজ প্রণালির ওপর যুক্তরাষ্ট্রের ‘পূর্ণ নিয়ন্ত্রণ’, দাবি ট্রাম্পের",2026,5,False,True,1,26,0,0,0,0,0,0,0,0,0,0,0,0,0,0
prothomalo:https://www.prothomalo.com/business/economics/o4plvbd0jq,prothomalo,bn,https://www.prothomalo.com/business/economics/o4plvbd0jq,2026-08-29,"দারিদ্র্য পরিস্থিতির অবনতির শঙ্কা, কাজ হারাতে পারেন ৬ লাখ মানুষ",2026,6,False,True,1,6,0,0,0,0,0,0,0,1,0,0,1,4,0,0
prothomalo:https://www.prothomalo.com/bangladesh/i4jqvvd3bm,prothomalo,bn,https://www.prothomalo.com/bangladesh/i4jqvvd3bm,2026-08-18,"সংকট কাটছে না, এলএনজির কার্গো নিয়ে অনিশ্চয়তা ",2026,3,False,True,1,3,1,2,0,0,0,0,0,0,0,0,0,0,0,0
prothomalo:https://www.prothomalo.com/business/economics/ga5vyxnygy,prothomalo,bn,https://www.prothomalo.com/business/economics/ga5vyxnygy,2026-08-13,মূল্যস্ফীতি কমলেও বাজারে স্বস্তি পাচ্ছেন না ক্রেতারা ,2026,5,False,True,0,0,0,0,0,0,0,0,0,1,0,0,0,0,0,0
prothomalo:https://www.prothomalo.com/business/economics/63uhwkgrv2,prothomalo,bn,https://www.prothomalo.com/business/economics/63uhwkgrv2,2026-08-07,৫৫ হাজার কোটি টাকা মুনাফার পরও সংকটে বিপিসি,2026,46,True,True,1,19,0,0,0,0,0,0,0,0,0,0,1,6,0,0
prothomalo:https://www.prothomalo.com/business/world-business/yp7pdcpfk0,prothomalo,bn,https://www.prothomalo.com/business/world-business/yp7pdcpfk0,2026-08-19,হরমুজ সংকটের কারণে যেভাবে বদলে যাচ্ছে বৈশ্বিক সরবরাহব্যবস্থা,2026,3,False,True,1,28,0,0,0,0,1,2,0,0,0,0,1,2,0,0
prothomalo:https://www.prothomalo.com/business/world-business/x2bdgelgnw,prothomalo,bn,https://www.prothomalo.com/business/world-business/x2bdgelgnw,2026-08-21,"মার্কিন ক্রেতারা চাপে, ওয়ালমার্টের বিক্রি বৃদ্ধির হার ৬ বছরের মধ্যে সবচেয়ে কম  ",2026,3,False,True,0,0,0,0,0,0,0,0,0,0,0,0,0,0,0,0
prothomalo:https://www.prothomalo.com/world/middle-east/lc11ipm01w,prothomalo,bn,https://www.prothomalo.com/world/middle-east/lc11ipm01w,2026-08-01,"সুয়েজ খালও বন্ধের আশঙ্কা, কী প্রভাব পড়তে পারে এশিয়াসহ বিশ্ববাজারে",2026,6,False,True,1,30,0,0,0,0,1,7,0,0,0,0,0,0,0,1
prothomalo:https://www.prothomalo.com/bangladesh/capital/fyi7kv1awd,prothomalo,bn,https://www.prothomalo.com/bangladesh/capital/fyi7kv1awd,2026-08-18,"সরকার ছয় মাসে অনেক কিছু করতে পারত, যদি মাথায় জনগণ থাকত: আনু মুহাম্মদ",2026,4,False,True,0,0,0,1,1,2,0,0,0,0,0,0,0,0,1,8
prothomalo:https://www.prothomalo.com/politics/2vyrt54dzx,prothomalo,bn,https://www.prothomalo.com/politics/2vyrt54dzx,2026-08-10,মাফিয়া ব্যবসায়ীদের সঙ্গে রাতের অন্ধকারে আঁতাত মেনে নেওয়া হবে না: এনসিপির হুঁশিয়ারি,2026,10,False,True,0,0,0,0,1,4,1,2,0,0,0,0,0,0,0,0
prothomalo:https://www.prothomalo.com/opinion/column/do5s5sevv9,prothomalo,bn,https://www.prothomalo.com/opinion/column/do5s5sevv9,2026-08-12,"ভুতুড়ে বিল, লোডশেডিং, সিস্টেমে চুরি ও ভুল সিদ্ধান্তের খেসারত",2026,13,False,True,1,8,0,1,1,9,1,2,1,2,0,0,0,1,0,0
prothomalo:https://www.prothomalo.com/world/usa/n347ejubs0,prothomalo,bn,https://www.prothomalo.com/world/usa/n347ejubs0,2026-08-04,ট্রাম্প থেকে আল-সাইয়েদ: মিশিগানে ডেমোক্র্যাটদের ভোটের মূল ইস্যু হয়ে উঠেছে গাজা যুদ্ধ,2026,3,False,True,1,16,0,0,0,0,0,0,0,0,0,0,0,0,0,1
prothomalo:https://www.prothomalo.com/opinion/column/0bz8vmzxyi,prothomalo,bn,https://www.prothomalo.com/opinion/column/0bz8vmzxyi,2026-08-27,দেশের একমাত্র ভাসমান তেল ডিপো ভেসে যাবে?,2026,15,False,True,0,0,0,0,0,0,0,1,0,0,0,0,0,0,0,0
prothomalo:https://www.prothomalo.com/world/usa/momnvrhzyx,prothomalo,bn,https://www.prothomalo.com/world/usa/momnvrhzyx,2026-08-18,ইরান যুদ্ধের ধাক্কায় বর্তমান মেয়াদে ট্রাম্পের জনপ্রিয়তা সর্বনিম্নে: রয়টার্স-ইপসোস জরিপ,2026,4,False,True,1,28,0,0,0,0,0,0,0,0,0,0,0,0,0,1
prothomalo:https://www.prothomalo.com/bangladesh/4264l2h124,prothomalo,bn,https://www.prothomalo.com/bangladesh/4264l2h124,2026-08-28,"৬২ বিদ্যুৎকেন্দ্রের উৎপাদন ব্যাহত, বেড়েছে লোডশেডিং ",2026,5,False,True,0,1,1,4,0,0,1,4,0,0,0,0,1,4,0,0
prothomalo:https://www.prothomalo.com/world/south-america/p5x1yzdhoj,prothomalo,bn,https://www.prothomalo.com/world/south-america/p5x1yzdhoj,2026-08-31,"ভেনেজুয়েলার তেলে ১০০ বছরের জন্য যুক্তরাষ্ট্রের নিয়ন্ত্রণ, কার লাভ, কার ক্ষতি",2026,42,False,True,1,14,0,1,0,1,0,0,0,0,0,0,0,0,1,3
prothomalo:https://www.prothomalo.com/bangladesh/j9c8odx816,prothomalo,bn,https://www.prothomalo.com/bangladesh/j9c8odx816,2026-08-20,"জ্বালানিসংকট সামলাতেই তিন মাস, সমাধানের চেষ্টায় ধীরগতি",2026,29,False,True,1,8,0,0,1,2,1,2,0,1,0,0,1,13,0,0
prothomalo:https://www.prothomalo.com/opinion/column/wvzvuxbdgt,prothomalo,bn,https://www.prothomalo.com/opinion/column/wvzvuxbdgt,2026-08-12,‘জবের বন্যা’র পর এবার কি ‘প্রাইভেটাইজেশনের জোয়ার’,2026,4,False,True,1,4,1,3,1,2,1,2,0,0,0,0,0,1,0,0
prothomalo:https://www.prothomalo.com/bangladesh/district/xo7bv5qwdb,prothomalo,bn,https://www.prothomalo.com/bangladesh/district/xo7bv5qwdb,2026-08-03,এক হাজার টন বিটুমিনের বিল নিয়ে দুই প্রতিষ্ঠানের ৪২ বছরের ‘ঠান্ডা লড়াই’,2026,7,False,True,1,5,0,0,0,0,0,0,0,0,0,0,0,0,0,0
prothomalo:https://www.prothomalo.com/bangladesh/district/3scv3gkdgw,prothomalo,bn,https://www.prothomalo.com/bangladesh/district/3scv3gkdgw,2026-08-20,"বিয়ের জন্য চাপ দেওয়ায় নারীকে শ্বাসরোধে হত্যা, মরদেহে পেট্রল ঢেলে আগুন",2026,3,True,True,0,0,0,0,0,0,0,0,0,0,0,0,0,0,0,0
prothomalo:https://www.prothomalo.com/politics/pmtveymzz9,prothomalo,bn,https://www.prothomalo.com/politics/pmtveymzz9,2026-08-13,"বিএনপির প্রতিশ্রুতি ছিল জনগণের সরকারের, বাস্তবে গড়ে উঠছে অলিগার্কদের সরকার: নাহিদ ইসলাম",2026,11,False,True,1,5,0,1,1,4,0,0,1,4,0,0,0,0,0,0
prothomalo:https://www.prothomalo.com/technology/automobiles/a8mzyxuz44,prothomalo,bn,https://www.prothomalo.com/technology/automobiles/a8mzyxuz44,2026-08-25,এনইভি প্রযুক্তির গাড়ি উন্মোচন করল বিওয়াইডি,2026,3,False,True,0,1,0,0,0,0,0,0,0,0,0,0,0,0,0,0
prothomalo:https://www.prothomalo.com/bangladesh/rt14dp9rsn,prothomalo,bn,https://www.prothomalo.com/bangladesh/rt14dp9rsn,2026-08-14,"প্রধানমন্ত্রী তারেক রহমানের সম্ভাব্য ভারত সফর নিয়ে প্রশ্ন অনেক, জয়সোয়ালের উত্তর একটাই",2026,4,False,True,0,0,0,0,0,0,0,1,0,0,0,0,0,0,0,1
prothomalo:https://www.prothomalo.com/bangladesh/district/sp8batqr43,prothomalo,bn,https://www.prothomalo.com/bangladesh/district/sp8batqr43,2026-08-14,"চট্টগ্রাম বন্দর জলসীমায় দুই জাহাজের
সংঘর্ষ, একটির ইঞ্জিনকক্ষে ফাটল",2026,3,False,True,0,0,0,0,0,0,0,0,0,0,0,0,0,0,0,0
prothomalo:https://www.prothomalo.com/bangladesh/district/zq3ie452aw,prothomalo,bn,https://www.prothomalo.com/bangladesh/district/zq3ie452aw,2026-08-02,‘আবার সংসারের প্রস্তাবে রাজি না হওয়ায়’ সাবেক স্ত্রীকে আগুনে পুড়িয়ে হত্যার অভিযোগ,2026,4,False,True,0,0,0,0,0,0,0,0,0,0,0,0,0,0,0,0
prothomalo:https://www.prothomalo.com/opinion/column/sneejzirfx,prothomalo,bn,https://www.prothomalo.com/opinion/column/sneejzirfx,2026-08-26,সংকট কাটিয়ে জ্বালানিনিরাপত্তা অর্জনের পথ কী,2026,4,False,True,1,10,0,0,0,0,0,0,0,0,0,0,1,4,0,0
prothomalo:https://www.prothomalo.com/world/europe/ni75jm1bpi,prothomalo,bn,https://www.prothomalo.com/world/europe/ni75jm1bpi,2026-08-22,"যুদ্ধের আঁচ টের পাচ্ছেন রুশরা, পেট্রলপাম্পে জ্বালানির জন্য দীর্ঘ সারি",2026,16,True,True,1,4,0,0,0,0,0,0,0,0,0,0,1,3,0,0
prothomalo:https://www.prothomalo.com/bangladesh/district/ou2zf38m1n,prothomalo,bn,https://www.prothomalo.com/bangladesh/district/ou2zf38m1n,2026-08-31,"হাসপাতালে এক্স-রে না করেই ফিরতে হলো কামরুলকে, সন্তানকে নেবুলাইজ করতে পারলেন না মিনু",2026,4,False,True,0,0,0,0,0,0,0,0,0,0,0,0,0,0,0,0
prothomalo:https://www.prothomalo.com/business/industry/sf6fdrnska,prothomalo,bn,https://www.prothomalo.com/business/industry/sf6fdrnska,2026-08-21,গাজীপুরে কারখানায় উৎপাদন ব্যাহত ,2026,3,False,True,0,0,0,0,0,0,0,0,0,0,0,0,1,2,0,0
prothomalo:https://www.prothomalo.com/business/industry/2o0dlbajqa,prothomalo,bn,https://www.prothomalo.com/business/industry/2o0dlbajqa,2026-08-16,গ্যাসের অভাবে শতাধিক কারখানায় উৎপাদন বন্ধ,2026,13,False,True,0,0,0,0,0,0,0,0,0,0,0,0,1,4,0,0
prothomalo:https://www.prothomalo.com/world/usa/2vwizelwta,prothomalo,bn,https://www.prothomalo.com/world/usa/2vwizelwta,2026-08-04,ইরান যুদ্ধের খরচ ও অস্ত্রের মজুত নিয়ে ট্রাম্পের দাবি কি আসলেই সত্যি,2026,9,False,True,1,48,0,0,0,0,0,0,0,0,0,0,0,0,0,0
prothomalo:https://www.prothomalo.com/world/middle-east/sjys2ti4h4,prothomalo,bn,https://www.prothomalo.com/world/middle-east/sjys2ti4h4,2026-08-30,নৌ অবরোধের মধ্যেই তেল বিক্রি থেকে ৭৫০ কোটি ডলার আয় ইরানের,2026,4,False,True,1,26,0,0,0,0,0,0,0,0,0,0,0,0,1,5
prothomalo:https://www.prothomalo.com/world/middle-east/7juucgkg44,prothomalo,bn,https://www.prothomalo.com/world/middle-east/7juucgkg44,2026-08-17,স্থবিরতার মধ্যে সপ্তাহান্তে কয়টি জাহাজ হরমুজ পাড়ি দিয়েছে,2026,6,False,True,1,34,0,0,0,0,0,0,0,0,0,0,0,0,1,4
prothomalo:https://www.prothomalo.com/business/world-business/q4qyi7mlty,prothomalo,bn,https://www.prothomalo.com/business/world-business/q4qyi7mlty,2026-09-09,জ্বালানি তেলের দাম আবার ১০০ ডলার ছাড়াল,2026,14,True,True,1,14,0,0,0,0,0,0,0,0,0,0,0,0,0,0
prothomalo:https://www.prothomalo.com/bangladesh/district/7kdrwdfj8a,prothomalo,bn,https://www.prothomalo.com/bangladesh/district/7kdrwdfj8a,2026-09-21,জ্বালানি তেলের মূল্যবৃদ্ধি নিয়ে ফেসবুক পোস্টের পর ছাত্রদল নেতাকে শোকজ,2026,15,True,True,0,1,0,0,0,0,0,0,0,0,0,0,0,0,1,4
prothomalo:https://www.prothomalo.com/business/analysis/y07vpgzl6s,prothomalo,bn,https://www.prothomalo.com/business/analysis/y07vpgzl6s,2026-09-21,জ্বালানি তেলের মূল্যবৃদ্ধি: কে বহন করবে এই বোঝা,2026,15,True,True,1,3,1,5,0,0,0,0,1,2,0,0,1,3,0,0
prothomalo:https://www.prothomalo.com/bangladesh/yfgmz7g7nv,prothomalo,bn,https://www.prothomalo.com/bangladesh/yfgmz7g7nv,2026-09-21,জ্বালানি তেলের মূল্যবৃদ্ধিতে মানুষের টিকে থাকা চরম কঠিন হবে: শামসুল আলম,2026,35,True,True,1,5,0,0,0,0,0,1,1,2,0,0,1,6,0,0
prothomalo:https://www.prothomalo.com/business/world-business/fjkkcvalls,prothomalo,bn,https://www.prothomalo.com/business/world-business/fjkkcvalls,2026-09-16,"যুক্তরাষ্ট্রের তেলের মজুত বেড়েছে, কমেছে দাম",2026,5,False,True,1,11,0,0,0,0,1,7,0,0,0,0,0,0,0,1
prothomalo:https://www.prothomalo.com/business/world-business/q6mtnl0j17,prothomalo,bn,https://www.prothomalo.com/business/world-business/q6mtnl0j17,2026-09-14,"হরমুজ বন্ধ, তেলের দাম বেড়ে প্রায় ১০৮ ডলার, বাংলাদেশে প্রভাব কতটা",2026,11,True,True,1,24,0,0,0,0,1,8,0,0,0,0,0,0,0,0
prothomalo:https://www.prothomalo.com/business/world-business/434q1ifazb,prothomalo,bn,https://www.prothomalo.com/business/world-business/434q1ifazb,2026-09-10,আজও তেলের দাম ১০০ ডলারের ওপরে,2026,18,True,True,1,29,0,0,0,0,1,3,0,0,0,1,0,1,0,0
prothomalo:https://www.prothomalo.com/business/world-business/mkwob9nd1m,prothomalo,bn,https://www.prothomalo.com/business/world-business/mkwob9nd1m,2026-09-08,"বিশ্ববাজারে তেলের দাম এখনো ১০০ ডলারের নিচে, কেন",2026,11,True,True,1,26,0,0,0,0,0,0,0,1,0,0,1,6,0,1
prothomalo:https://www.prothomalo.com/video/bangladesh/yuijngxbpf,prothomalo,bn,https://www.prothomalo.com/video/bangladesh/yuijngxbpf,2026-09-04,"সবজিতে স্বস্তি, মুরগি-ডিম ও তেলের দাম বেড়েছে",2026,1,True,True,0,0,0,0,0,0,0,0,1,2,0,0,0,0,0,0
prothomalo:https://www.prothomalo.com/business/world-business/2wwz0frjog,prothomalo,bn,https://www.prothomalo.com/business/world-business/2wwz0frjog,2026-09-02,"ইরান-যুক্তরাষ্ট্রের পাল্টাপাল্টি হামলা, তেলের দাম বাড়ল",2026,7,True,True,1,16,0,0,0,0,0,0,0,0,0,0,0,0,0,0
prothomalo:https://www.prothomalo.com/world/middle-east/gvn1h08qrg,prothomalo,bn,https://www.prothomalo.com/world/middle-east/gvn1h08qrg,2026-09-15,সৌদি আরবের ইস্ট-ওয়েস্ট পাইপলাইন কেন বৈশ্বিক তেলের বাজারে এত গুরুত্বপূর্ণ,2026,43,False,True,1,33,0,0,0,0,1,37,0,0,0,0,0,0,0,0
prothomalo:https://www.prothomalo.com/business/world-business/r4osbip7jl,prothomalo,bn,https://www.prothomalo.com/business/world-business/r4osbip7jl,2026-09-13,"ইরান যুদ্ধের ধাক্কা সামলে সচল তেলের বাজার, তবে শঙ্কা বাড়ছে ",2026,7,False,True,1,44,0,0,0,0,1,3,0,0,0,0,1,3,0,0
prothomalo:https://www.prothomalo.com/world/usa/o10cqw735q,prothomalo,bn,https://www.prothomalo.com/world/usa/o10cqw735q,2026-09-10,"নভেম্বরের নির্বাচনের আগে ইরান যুদ্ধ থামবে না, তেলের দামও কমবে না: ট্রাম্প",2026,7,True,True,1,38,0,0,0,0,0,0,0,0,0,0,0,0,0,0
prothomalo:https://www.prothomalo.com/video/international/jxcl1tb7ac,prothomalo,bn,https://www.prothomalo.com/video/international/jxcl1tb7ac,2026-09-09,"ইরান-যুক্তরাষ্ট্র সংঘাতে তেলের দামে আগুন, ব্যারেল ১০০ ডলার ছাড়াল",2026,2,True,True,1,4,0,0,0,0,0,0,0,0,0,0,0,0,0,0
prothomalo:https://www.prothomalo.com/opinion/column/9tw7aoqabe,prothomalo,bn,https://www.prothomalo.com/opinion/column/9tw7aoqabe,2026-09-10,বিদ্যুৎ ও জ্বালানি: সরবরাহ ব্যবস্থার সব পর্যায়ে যেভাবে ব্যয় কমানো সম্ভব,2026,5,False,True,0,0,1,5,1,2,1,3,1,3,0,0,1,5,0,0
prothomalo:https://www.prothomalo.com/bangladesh/capital/g9hwi35ez9,prothomalo,bn,https://www.prothomalo.com/bangladesh/capital/g9hwi35ez9,2026-09-09,বিদ্যুৎ ও জ্বালানি পরিস্থিতি নিয়ে ব্র্যাক ইউনিভার্সিটিতে সেমিনার,2026,6,False,True,0,1,0,0,0,0,0,0,0,0,0,0,0,1,0,0
prothomalo:https://www.prothomalo.com/opinion/column/99f3bf0jez,prothomalo,bn,https://www.prothomalo.com/opinion/column/99f3bf0jez,2026-09-07,জ্বালানি নিরাপত্তায় নতুন বাস্তবতা যে সতর্কবার্তা দিচ্ছে,2026,13,False,True,1,8,0,0,0,0,1,5,0,0,0,0,1,2,0,0
prothomalo:https://www.prothomalo.com/business/economics/livvv5so1u,prothomalo,bn,https://www.prothomalo.com/business/economics/livvv5so1u,2026-09-07,রিজার্ভ স্বস্তিকর বলেই চড়া দামে জ্বালানি কেনা যাচ্ছে,2026,5,False,True,1,3,0,0,0,0,0,0,0,0,0,0,0,0,0,0
prothomalo:https://www.prothomalo.com/bangladesh/1e1y9jncmf,prothomalo,bn,https://www.prothomalo.com/bangladesh/1e1y9jncmf,2026-09-04,৫৮ বছর পর নির্মিত হতে যাচ্ছে নতুন জ্বালানি তেল শোধনাগার,2026,12,True,True,0,0,0,0,0,0,0,0,0,0,0,0,0,0,0,0
prothomalo:https://www.prothomalo.com/video/bangladesh/x184t4wxpr,prothomalo,bn,https://www.prothomalo.com/video/bangladesh/x184t4wxpr,2026-09-02,"কবে কাটবে জ্বালানি সংকট, কিভাবে সমাধান জানালেন প্রধানমন্ত্রী  ",2026,1,True,True,0,0,0,0,0,0,0,0,0,0,0,0,0,0,0,0
prothomalo:https://www.prothomalo.com/bangladesh/6165g6ftxj,prothomalo,bn,https://www.prothomalo.com/bangladesh/6165g6ftxj,2026-09-20,"ডিজেল, পেট্রল ও অকটেনের দাম বাড়ল লিটারে ২০ টাকা",2026,19,True,True,1,4,0,0,0,0,0,0,0,0,0,0,0,1,0,0
prothomalo:https://www.prothomalo.com/world/middle-east/wvheukqtn0,prothomalo,bn,https://www.prothomalo.com/world/middle-east/wvheukqtn0,2026-09-15,জ্বালানির দাম বাড়ানোর প্রতিবাদে সিরিয়াজুড়ে বিক্ষোভ,2026,5,True,True,1,3,0,0,0,0,0,0,0,0,0,0,0,1,1,11
prothomalo:https://www.prothomalo.com/business/world-business/qst2dfggzl,prothomalo,bn,https://www.prothomalo.com/business/world-business/qst2dfggzl,2026-09-11,"যুক্তরাষ্ট্রে জ্বালানির দামে রেকর্ড, পাম্পের ডিসপ্লেতে দাম দেখানোর জায়গা নেই",2026,18,True,True,1,5,0,0,0,0,0,0,0,0,0,0,0,0,0,0
prothomalo:https://www.prothomalo.com/world/middle-east/y3mrzo7k4y,prothomalo,bn,https://www.prothomalo.com/world/middle-east/y3mrzo7k4y,2026-09-08,"সৌদি আরামকোর তেল স্থাপনায় নতুন হামলা, বেড়েছে জ্বালানির দাম",2026,3,True,True,1,5,0,0,0,0,0,0,0,0,0,0,0,0,0,1
prothomalo:https://www.prothomalo.com/business/economics/thn7swrg1l,prothomalo,bn,https://www.prothomalo.com/business/economics/thn7swrg1l,2026-09-04,"বাজারে মাছ–মুরগি ও ডিমের  দাম কমেনি, লোডশেডিংয়ে বেচাকেনায় প্রভাব",2026,3,False,True,0,1,0,0,0,0,0,0,0,0,0,0,0,1,0,0
prothomalo:https://www.prothomalo.com/business/economics/fqqgod0wxy,prothomalo,bn,https://www.prothomalo.com/business/economics/fqqgod0wxy,2026-09-02,"বোতলজাত সয়াবিনের দাম লিটারে ৫ টাকা বাড়ল, নতুন দাম ২০৪ টাকা",2026,4,False,True,0,1,0,0,0,0,0,0,0,1,0,0,0,0,0,0
prothomalo:https://www.prothomalo.com/world/usa/f529w2mfma,prothomalo,bn,https://www.prothomalo.com/world/usa/f529w2mfma,2026-09-12,"ইরান যুদ্ধ খুব শিগগিরই শেষ হবে, দাবি ট্রাম্পের",2026,4,False,True,1,13,0,0,0,0,0,1,0,0,0,0,0,0,0,0
prothomalo:https://www.prothomalo.com/world/usa/oe62v9eond,prothomalo,bn,https://www.prothomalo.com/world/usa/oe62v9eond,2026-09-04,যুক্তরাষ্ট্রে ডিজেলের দামে রেকর্ড,2026,8,True,True,1,2,0,0,0,0,0,0,0,0,0,0,0,0,0,0
prothomalo:https://www.prothomalo.com/world/usa/9xfqyscuaz,prothomalo,bn,https://www.prothomalo.com/world/usa/9xfqyscuaz,2026-09-10,"‘কেউ বাথরুমে যাবেন না’, কেন বললেন ট্রাম্প",2026,5,False,True,1,11,0,0,0,0,0,0,0,0,0,0,0,0,0,1
prothomalo:https://www.prothomalo.com/business/analysis/z5b6f823nz,prothomalo,bn,https://www.prothomalo.com/business/analysis/z5b6f823nz,2026-09-04,"সরকারের খরচ কমানোয় 
অগ্রাধিকার দিতে হবে ",2026,3,False,True,1,12,0,0,0,0,0,0,1,2,0,0,0,0,0,0
prothomalo:https://www.prothomalo.com/bangladesh/gjdlbnoro6,prothomalo,bn,https://www.prothomalo.com/bangladesh/gjdlbnoro6,2026-09-21,সকালেই পড়ুন আলোচিত ৫ খবর,2026,4,False,True,0,0,0,0,0,0,0,0,0,0,0,0,0,0,0,0
prothomalo:https://www.prothomalo.com/bangladesh/district/ojiokm8j4x,prothomalo,bn,https://www.prothomalo.com/bangladesh/district/ojiokm8j4x,2026-09-21,"‘দুই-চার টাকা বাড়াইলেও হইতো, তাই বলে লিটারে ২০ টাকা!’",2026,12,False,True,0,0,0,0,0,0,0,0,1,3,0,0,0,0,0,0
prothomalo:https://www.prothomalo.com/world/middle-east/e6vlm1ey62,prothomalo,bn,https://www.prothomalo.com/world/middle-east/e6vlm1ey62,2026-09-13,"হরমুজ প্রণালিতে জাহাজে নতুন করে হামলা, তেল সরবরাহ নিয়ে শঙ্কা বাড়ছে",2026,3,False,True,1,24,0,0,0,0,1,11,0,0,0,0,0,0,0,0
prothomalo:https://www.prothomalo.com/world/u56uyxx1w2,prothomalo,bn,https://www.prothomalo.com/world/u56uyxx1w2,2026-09-17,জ্বালানিসংকটে দেশে দেশে ক্ষোভ ,2026,16,False,True,1,5,0,0,0,0,0,0,0,0,0,0,0,1,1,10
prothomalo:https://www.prothomalo.com/world/usa/h86ry8cier,prothomalo,bn,https://www.prothomalo.com/world/usa/h86ry8cier,2026-09-19,ইরানের ওপর নিষেধাজ্ঞা ২০৩১ সাল পর্যন্ত বৃদ্ধি করলেন ট্রাম্প,2026,3,False,True,1,23,0,0,0,0,0,0,0,0,0,0,0,0,0,0
prothomalo:https://www.prothomalo.com/world/middle-east/k3xyrgzbxq,prothomalo,bn,https://www.prothomalo.com/world/middle-east/k3xyrgzbxq,2026-09-11,হুতিদের অগ্রযাত্রা: বাব–আল মানদেব নিয়ন্ত্রণে নিলে যুক্তরাষ্ট্রের বিরুদ্ধে যুদ্ধে বড় সুবিধা পাবে ইরান,2026,5,False,True,1,35,0,0,0,0,0,0,0,0,0,0,0,0,1,2
prothomalo:https://www.prothomalo.com/bangladesh/460hbqjklj,prothomalo,bn,https://www.prothomalo.com/bangladesh/460hbqjklj,2026-09-07,কয়েক দিনের মধ্যে গ্যাস সরবরাহ স্বাভাবিক হবে : প্রধানমন্ত্রীর উপদেষ্টা তিতুমীর,2026,4,False,True,0,1,0,0,0,0,0,0,0,0,0,1,0,0,0,0
prothomalo:https://www.prothomalo.com/world/middle-east/gt9tosb7xp,prothomalo,bn,https://www.prothomalo.com/world/middle-east/gt9tosb7xp,2026-09-14,"হরমুজ নিয়ে ইরান ও উপসাগরীয় দেশগুলোর বৈঠক স্থগিত, কূটনীতিতে হোঁচট",2026,4,False,True,1,14,0,0,0,0,1,4,0,0,0,0,0,0,0,0
prothomalo:https://www.prothomalo.com/business/enadjpbk3t,prothomalo,bn,https://www.prothomalo.com/business/enadjpbk3t,2026-09-17,নীতির পরিবর্তনে ঘুরছে পরিবেশবান্ধব গাড়ির চাকা,2026,3,False,True,0,1,0,0,0,0,0,0,0,1,0,0,0,0,0,0
prothomalo:https://www.prothomalo.com/world/middle-east/nc9uy9tw3l,prothomalo,bn,https://www.prothomalo.com/world/middle-east/nc9uy9tw3l,2026-09-09,"ইরানের ৫টি ট্যাংকারে হামলা, জবাবে জর্ডানে যুক্তরাষ্ট্রের ঘাঁটি ও হরমুজে ১০টি জাহাজে হামলা তেহরানের",2026,5,False,True,1,42,0,0,0,0,0,1,0,0,0,0,0,0,0,0
prothomalo:https://www.prothomalo.com/bangladesh/zzplur8hp8,prothomalo,bn,https://www.prothomalo.com/bangladesh/zzplur8hp8,2026-09-07,বিদ্যুৎ উৎপাদনে ২ লাখ টন ফার্নেস তেল চায় পিডিবি ,2026,43,True,True,0,1,0,0,0,0,0,0,0,0,0,0,1,4,0,0
prothomalo:https://www.prothomalo.com/business/ugxx9qxlhk,prothomalo,bn,https://www.prothomalo.com/business/ugxx9qxlhk,2026-09-13,"মানদেব প্রণালিতে হুতিদের নিয়ন্ত্রণ, দেশের বাণিজ্যে কী প্রভাব পড়বে   ",2026,11,False,True,1,16,0,0,0,0,0,0,0,0,0,0,0,0,0,0
prothomalo:https://www.prothomalo.com/business/economics/om2xj5k4kf,prothomalo,bn,https://www.prothomalo.com/business/economics/om2xj5k4kf,2026-09-06,"সপ্তাহ শুরু হলো, কোন সূচক কোথায় আছে জেনে নিন",2026,3,False,True,1,6,0,0,0,0,0,0,0,1,0,0,0,0,0,0
prothomalo:https://www.prothomalo.com/world/middle-east/sy9jckd576,prothomalo,bn,https://www.prothomalo.com/world/middle-east/sy9jckd576,2026-09-03,হরমুজ প্রণালির নাম বদলে ‘ট্রাম্প প্রণালি’ রাখতে চান ট্রাম্প,2026,4,False,True,1,37,0,0,0,0,0,0,0,0,0,0,0,0,0,0
prothomalo:https://www.prothomalo.com/world/usa/kocea6l0v6,prothomalo,bn,https://www.prothomalo.com/world/usa/kocea6l0v6,2026-09-17,যুক্তরাষ্ট্রের কংগ্রেসে বিল পাস: ট্রাম্প সই করলেই ভারতের ওপর ১০০% শুল্ক,2026,4,False,True,1,6,0,0,0,0,0,0,0,0,0,0,0,0,0,0
prothomalo:https://www.prothomalo.com/world/usa/drs8x6dqm4,prothomalo,bn,https://www.prothomalo.com/world/usa/drs8x6dqm4,2026-09-20,ট্রাম্পের শুল্কের হুমকি ও রাশিয়ার তেল—দুই দিক সামলানো ক্রমেই কঠিন হয়ে উঠছে ভারতের,2026,5,False,True,1,13,0,0,0,0,1,2,0,0,0,0,0,1,0,0
prothomalo:https://www.prothomalo.com/world/middle-east/uvc0eeh4w8,prothomalo,bn,https://www.prothomalo.com/world/middle-east/uvc0eeh4w8,2026-09-13,মানদেব প্রণালি বন্ধ করে দেওয়ার হুমকি হুতিদের,2026,5,False,True,1,25,0,0,0,0,1,12,0,0,0,0,0,0,0,0
prothomalo:https://www.prothomalo.com/world/middle-east/pd81ce50l3,prothomalo,bn,https://www.prothomalo.com/world/middle-east/pd81ce50l3,2026-09-12,লোহিত সাগরে হুতিদের নিয়ন্ত্রণ জোরদার: ইস্ট–ওয়েস্ট পাইপলাইন বন্ধের ঘোষণা সৌদি আরবের,2026,3,False,True,1,40,0,0,0,0,1,16,0,0,0,0,0,0,0,0
prothomalo:https://www.prothomalo.com/bangladesh/889g9ts0j2,prothomalo,bn,https://www.prothomalo.com/bangladesh/889g9ts0j2,2026-09-02,"গ্যাস–বিদ্যুৎ খাতে সমস্যা নানামুখী, সমাধানও আছে",2026,5,False,True,1,5,0,0,0,0,1,2,0,0,0,0,1,3,0,0
prothomalo:https://www.prothomalo.com/bangladesh/rvb9xx6gqc,prothomalo,bn,https://www.prothomalo.com/bangladesh/rvb9xx6gqc,2026-09-02,"বিদ্যুৎ–জ্বালানিসংকট: সমাধান আছে, দরকার বাস্তবতার ভিত্তিতে সিদ্ধান্ত নেওয়া",2026,5,False,True,1,3,0,0,0,0,0,0,0,0,0,0,0,0,0,0
prothomalo:https://www.prothomalo.com/world/middle-east/aabi6l5pxl,prothomalo,bn,https://www.prothomalo.com/world/middle-east/aabi6l5pxl,2026-09-17,"হুতিদের ঠেকাতে সামরিক সহায়তা চেয়ে মিত্রদের দ্বারে সৌদি আরব, সাড়া পাবে কি",2026,9,False,True,1,30,0,0,0,0,1,3,1,2,0,1,0,0,0,0
prothomalo:https://www.prothomalo.com/business/0efm2xgeku,prothomalo,bn,https://www.prothomalo.com/business/0efm2xgeku,2026-09-04,"নতুন বেতনকাঠামো, জ্বালানিসহ নানা খাতে সরকারের খরচ বাড়ছে, আয় সীমিত  ",2026,12,False,True,1,13,0,0,0,0,0,0,0,1,0,0,1,14,0,0
prothomalo:https://www.prothomalo.com/opinion/column/6cczdrssqd,prothomalo,bn,https://www.prothomalo.com/opinion/column/6cczdrssqd,2026-09-07,"খাদ্যনিরাপত্তার নতুন ঝুঁকি, মোকাবিলার উপায় কী",2026,7,False,True,1,15,1,2,1,2,0,0,1,4,1,3,1,9,1,4
prothomalo:https://www.prothomalo.com/world/middle-east/v6whljvhbm,prothomalo,bn,https://www.prothomalo.com/world/middle-east/v6whljvhbm,2026-09-06,যুক্তরাষ্ট্রের নভেম্বরের নির্বাচন কীভাবে ইরান যুদ্ধের মোড় ঘুরিয়ে দিতে পারে,2026,7,False,True,1,95,0,0,0,0,0,0,0,0,0,0,0,0,0,1
prothomalo:https://www.prothomalo.com/business/industry/yudlavxml1,prothomalo,bn,https://www.prothomalo.com/business/industry/yudlavxml1,2026-09-05,সাত মাসেও এলপিজি আমদানি করতে পারেনি বিপিসি,2026,24,True,True,1,3,0,0,0,0,0,0,0,0,0,0,0,0,0,0
prothomalo:https://www.prothomalo.com/bangladesh/capital/8kc1biomf9,prothomalo,bn,https://www.prothomalo.com/bangladesh/capital/8kc1biomf9,2026-09-20,সূত্রাপুরে পেট্রল ঢেলে ঘরে আগুনের ঘটনায় দগ্ধ সৌদিপ্রবাসীর মৃত্যু,2026,4,True,True,0,0,0,0,0,0,0,0,0,0,0,0,0,0,0,0
prothomalo:https://www.prothomalo.com/video/bangladesh/kcwg412pf7,prothomalo,bn,https://www.prothomalo.com/video/bangladesh/kcwg412pf7,2026-09-11,"চাঁদা না পেয়ে দোকানে পেট্রল ঢেলে আগুন দেওয়ার চেষ্টা, হামলায় ব্যবসায়ী আহত",2026,3,True,True,0,0,0,0,0,0,0,0,0,0,0,0,0,0,0,0
prothomalo:https://www.prothomalo.com/bangladesh/district/jm50y0u31f,prothomalo,bn,https://www.prothomalo.com/bangladesh/district/jm50y0u31f,2026-09-10,"ময়মনসিংহে দগ্ধ হয়ে মৃত্যু : শরীরে পেট্রল ছিটায় একজন, আগুন দেয় আরেকজন",2026,4,True,True,0,0,0,0,0,0,0,0,0,0,0,0,0,0,0,0
prothomalo:https://www.prothomalo.com/bangladesh/district/n41t8mu0n1,prothomalo,bn,https://www.prothomalo.com/bangladesh/district/n41t8mu0n1,2026-09-06,"পেট্রল ছিটিয়ে ১১ বসতঘরে আগুন, অভিযুক্তকে মারধরের পর পুলিশে সোপর্দ",2026,5,True,True,0,0,0,0,0,0,0,0,0,0,0,0,0,0,0,0
prothomalo:https://www.prothomalo.com/business/economics/11zwuf8q8c,prothomalo,bn,https://www.prothomalo.com/business/economics/11zwuf8q8c,2026-09-15,"নারায়ণগঞ্জ–ঢাকা–জয়দেবপুর পথে রেল চলবে বিদ্যুতে, ৩৮২২ কোটি টাকার প্রকল্প  উঠছে একনেকে",2026,5,False,True,0,0,0,0,0,0,0,0,0,0,0,0,0,0,0,0
prothomalo:https://www.prothomalo.com/bangladesh/district/cmsgik88h3,prothomalo,bn,https://www.prothomalo.com/bangladesh/district/cmsgik88h3,2026-09-12,"ময়মনসিংহে যুবককে পুড়িয়ে হত্যার ঘটনায় মামলা, অজ্ঞাত দুই আসামিকে খুঁজছে পুলিশ",2026,3,False,True,0,0,0,1,0,0,0,0,0,0,0,0,0,0,0,0
prothomalo:https://www.prothomalo.com/bangladesh/district/8wjw2vsxml,prothomalo,bn,https://www.prothomalo.com/bangladesh/district/8wjw2vsxml,2026-09-11,"মাদকবিরোধী অবস্থানের কারণে ফরহাদকে পুড়িয়ে হত্যা করা হয়েছে, অভিযোগ পরিবারের",2026,4,False,True,0,0,0,0,0,0,0,0,0,0,0,0,0,0,1,2
prothomalo:https://www.prothomalo.com/world/asia/pod9fxgpzy,prothomalo,bn,https://www.prothomalo.com/world/asia/pod9fxgpzy,2026-09-10,"গলছে এভারেস্টের হিমবাহ, বিস্ময়কর কারণ জানালেন বিজ্ঞানীরা",2026,4,False,True,0,1,0,0,0,0,0,0,0,0,0,0,0,0,0,0
prothomalo:https://www.prothomalo.com/bangladesh/0dqza1t9g5,prothomalo,bn,https://www.prothomalo.com/bangladesh/0dqza1t9g5,2026-09-02,টাস্কফোর্স গঠন করতে হবে পেশাজীবী ও বিশেষজ্ঞদের নিয়ে,2026,5,False,True,0,1,0,1,1,2,0,1,0,0,0,0,1,2,0,0
prothomalo:https://www.prothomalo.com/business/economics/oslyvo5e23,prothomalo,bn,https://www.prothomalo.com/business/economics/oslyvo5e23,2026-09-16,বাড়তি ৭ লাখ টন গ্যাস অয়েল ও জেট ফুয়েল আমদানি করবে সরকার,2026,3,False,True,0,1,0,0,0,0,0,0,0,0,0,0,0,1,0,0
samakal:https://samakal.com/whole-country/article/123434/%E0%A6%AE%E0%A6%A8%E0%A6%AA%E0%A7%81%E0%A6%B0%E0%A6%BE%E0%A7%9F-%E0%A6%B9%E0%A6%AC%E0%A7%87-%E0%A7%A9-%E0%A6%AE%E0%A7%87%E0%A6%97%E0%A6%BE%E0%A6%93%E0%A7%9F%E0%A6%BE%E0%A6%9F-%E0%A6%B8%E0%A7%8B%E0%A6%B2%E0%A6%BE%E0%A6%B0%E0%A6%AC%E0%A7%8D%E0%A6%AF%E0%A6%BE%E0%A6%9F%E0%A6%BE%E0%A6%B0%E0%A6%BF%E0%A6%A1%E0%A6%BF%E0%A6%9C%E0%A7%87%E0%A6%B2-%E0%A6%B9%E0%A6%BE%E0%A6%87%E0%A6%AC%E0%A7%8D%E0%A6%B0%E0%A6%BF%E0%A6%A1-%E0%A6%AC%E0%A6%BF%E0%A6%A6%E0%A7%8D%E0%A6%AF%E0%A7%81%E0%A7%8E%E0%A6%95%E0%A7%87%E0%A6%A8%E0%A7%8D%E0%A6%A6%E0%A7%8D%E0%A6%B0,samakal,bn,https://samakal.com/whole-country/article/123434/%E0%A6%AE%E0%A6%A8%E0%A6%AA%E0%A7%81%E0%A6%B0%E0%A6%BE%E0%A7%9F-%E0%A6%B9%E0%A6%AC%E0%A7%87-%E0%A7%A9-%E0%A6%AE%E0%A7%87%E0%A6%97%E0%A6%BE%E0%A6%93%E0%A7%9F%E0%A6%BE%E0%A6%9F-%E0%A6%B8%E0%A7%8B%E0%A6%B2%E0%A6%BE%E0%A6%B0%E0%A6%AC%E0%A7%8D%E0%A6%AF%E0%A6%BE%E0%A6%9F%E0%A6%BE%E0%A6%B0%E0%A6%BF%E0%A6%A1%E0%A6%BF%E0%A6%9C%E0%A7%87%E0%A6%B2-%E0%A6%B9%E0%A6%BE%E0%A6%87%E0%A6%AC%E0%A7%8D%E0%A6%B0%E0%A6%BF%E0%A6%A1-%E0%A6%AC%E0%A6%BF%E0%A6%A6%E0%A7%8D%E0%A6%AF%E0%A7%81%E0%A7%8E%E0%A6%95%E0%A7%87%E0%A6%A8%E0%A7%8D%E0%A6%A6%E0%A7%8D%E0%A6%B0,2022-07-25,মনপুরায় হবে ৩ মেগাওয়াটের 'হাইব্রিড' বিদ্যুৎকেন্দ্র,2022,3,False,True,0,0,0,0,0,0,0,0,0,0,0,0,0,0,0,0
samakal:https://samakal.com/economics/article/123693/%E0%A6%89%E0%A6%B2%E0%A7%8D%E0%A6%9F%E0%A7%8B-%E0%A6%AC%E0%A7%87%E0%A7%9C%E0%A7%87-%E0%A6%97%E0%A7%87%E0%A6%9B%E0%A7%87-%E0%A6%A1%E0%A6%BF%E0%A6%9C%E0%A7%87%E0%A6%B2-%E0%A6%AC%E0%A7%8D%E0%A6%AF%E0%A6%AC%E0%A6%B9%E0%A6%BE%E0%A6%B0,samakal,bn,https://samakal.com/economics/article/123693/%E0%A6%89%E0%A6%B2%E0%A7%8D%E0%A6%9F%E0%A7%8B-%E0%A6%AC%E0%A7%87%E0%A7%9C%E0%A7%87-%E0%A6%97%E0%A7%87%E0%A6%9B%E0%A7%87-%E0%A6%A1%E0%A6%BF%E0%A6%9C%E0%A7%87%E0%A6%B2-%E0%A6%AC%E0%A7%8D%E0%A6%AF%E0%A6%AC%E0%A6%B9%E0%A6%BE%E0%A6%B0,2022-07-26,উল্টো বেড়ে গেছে ডিজেল ব্যবহার,2022,36,True,True,1,4,0,0,0,0,1,2,0,0,0,0,1,2,0,0
samakal:https://samakal.com/whole-country/article/123887/%E0%A6%A1%E0%A6%BF%E0%A6%9C%E0%A7%87%E0%A6%B2-%E0%A6%AC%E0%A6%BF%E0%A6%95%E0%A7%8D%E0%A6%B0%E0%A6%BF-%E0%A6%AC%E0%A7%87%E0%A7%9C%E0%A7%87%E0%A6%9B%E0%A7%87-%E0%A6%A6%E0%A6%BF%E0%A6%A8%E0%A7%87-%E0%A7%A8%E0%A7%A6%E0%A7%A6-%E0%A6%9F%E0%A6%A8,samakal,bn,https://samakal.com/whole-country/article/123887/%E0%A6%A1%E0%A6%BF%E0%A6%9C%E0%A7%87%E0%A6%B2-%E0%A6%AC%E0%A6%BF%E0%A6%95%E0%A7%8D%E0%A6%B0%E0%A6%BF-%E0%A6%AC%E0%A7%87%E0%A7%9C%E0%A7%87%E0%A6%9B%E0%A7%87-%E0%A6%A6%E0%A6%BF%E0%A6%A8%E0%A7%87-%E0%A7%A8%E0%A7%A6%E0%A7%A6-%E0%A6%9F%E0%A6%A8,2022-07-27,ডিজেল বিক্রি বেড়েছে দিনে ২০০ টন,2022,37,True,True,0,1,0,0,0,0,0,0,0,0,0,0,0,0,0,0
samakal:https://samakal.com/economics/article/123812/%E0%A7%A9%E0%A7%A8-%E0%A6%A6%E0%A6%BF%E0%A6%A8%E0%A7%87%E0%A6%B0-%E0%A6%A1%E0%A6%BF%E0%A6%9C%E0%A7%87%E0%A6%B2-%E0%A6%AE%E0%A6%9C%E0%A7%81%E0%A6%A6-%E0%A6%86%E0%A6%9B%E0%A7%87-%E0%A6%9C%E0%A7%8D%E0%A6%AC%E0%A6%BE%E0%A6%B2%E0%A6%BE%E0%A6%A8%E0%A6%BF-%E0%A6%AC%E0%A6%BF%E0%A6%AD%E0%A6%BE%E0%A6%97,samakal,bn,https://samakal.com/economics/article/123812/%E0%A7%A9%E0%A7%A8-%E0%A6%A6%E0%A6%BF%E0%A6%A8%E0%A7%87%E0%A6%B0-%E0%A6%A1%E0%A6%BF%E0%A6%9C%E0%A7%87%E0%A6%B2-%E0%A6%AE%E0%A6%9C%E0%A7%81%E0%A6%A6-%E0%A6%86%E0%A6%9B%E0%A7%87-%E0%A6%9C%E0%A7%8D%E0%A6%AC%E0%A6%BE%E0%A6%B2%E0%A6%BE%E0%A6%A8%E0%A6%BF-%E0%A6%AC%E0%A6%BF%E0%A6%AD%E0%A6%BE%E0%A6%97,2022-07-27,৩২ দিনের ডিজেল মজুত আছে: জ্বালানি বিভাগ,2022,13,True,True,0,0,0,0,0,0,0,0,0,0,0,0,1,3,0,0
samakal:https://samakal.com/bangladesh/article/123763/-%E0%A6%9C%E0%A7%8D%E0%A6%AC%E0%A6%BE%E0%A6%B2%E0%A6%BE%E0%A6%A8%E0%A6%BF-%E0%A6%96%E0%A6%BE%E0%A6%A4%E0%A7%87-%E0%A6%AC%E0%A6%BF%E0%A6%A8%E0%A6%BF%E0%A7%9F%E0%A7%8B%E0%A6%97%E0%A7%87-%E0%A6%9C%E0%A6%BE%E0%A6%AA%E0%A6%BE%E0%A6%A8%E0%A6%BF-%E0%A6%95%E0%A7%8B%E0%A6%AE%E0%A7%8D%E0%A6%AA%E0%A6%BE%E0%A6%A8%E0%A6%BF-%E0%A6%93-%E0%A6%AC%E0%A7%8D%E0%A6%AF%E0%A6%AC%E0%A6%B8%E0%A6%BE%E0%A7%9F%E0%A6%BF%E0%A6%A6%E0%A7%87%E0%A6%B0-%E0%A6%86%E0%A6%97%E0%A7%8D%E0%A6%B0%E0%A6%B9-%E0%A6%AC%E0%A6%BE%E0%A7%9C%E0%A6%9B%E0%A7%87,samakal,bn,https://samakal.com/bangladesh/article/123763/-%E0%A6%9C%E0%A7%8D%E0%A6%AC%E0%A6%BE%E0%A6%B2%E0%A6%BE%E0%A6%A8%E0%A6%BF-%E0%A6%96%E0%A6%BE%E0%A6%A4%E0%A7%87-%E0%A6%AC%E0%A6%BF%E0%A6%A8%E0%A6%BF%E0%A7%9F%E0%A7%8B%E0%A6%97%E0%A7%87-%E0%A6%9C%E0%A6%BE%E0%A6%AA%E0%A6%BE%E0%A6%A8%E0%A6%BF-%E0%A6%95%E0%A7%8B%E0%A6%AE%E0%A7%8D%E0%A6%AA%E0%A6%BE%E0%A6%A8%E0%A6%BF-%E0%A6%93-%E0%A6%AC%E0%A7%8D%E0%A6%AF%E0%A6%AC%E0%A6%B8%E0%A6%BE%E0%A7%9F%E0%A6%BF%E0%A6%A6%E0%A7%87%E0%A6%B0-%E0%A6%86%E0%A6%97%E0%A7%8D%E0%A6%B0%E0%A6%B9-%E0%A6%AC%E0%A6%BE%E0%A7%9C%E0%A6%9B%E0%A7%87,2022-07-27,' জ্বালানি খাতে বিনিয়োগে জাপানি কোম্পানি ও ব্যবসায়ীদের আগ্রহ বাড়ছে',2022,3,True,True,0,0,0,0,0,0,0,0,0,0,0,0,0,0,0,0
samakal:https://samakal.com/bangladesh/article/123762/%E0%A6%9A%E0%A6%BE%E0%A6%B9%E0%A6%BF%E0%A6%A6%E0%A6%BE%E0%A6%B0-%E0%A6%9A%E0%A7%87%E0%A7%9F%E0%A7%87-%E0%A6%AC%E0%A7%87%E0%A6%B6%E0%A6%BF-%E0%A6%AA%E0%A7%87%E0%A6%9F%E0%A7%8D%E0%A6%B0%E0%A7%8B%E0%A6%B2%E0%A6%85%E0%A6%95%E0%A6%9F%E0%A7%87%E0%A6%A8-%E0%A6%A6%E0%A7%87%E0%A6%B6%E0%A7%87-%E0%A6%86%E0%A6%9B%E0%A7%87-%E0%A6%AA%E0%A7%8D%E0%A6%B0%E0%A6%A7%E0%A6%BE%E0%A6%A8%E0%A6%AE%E0%A6%A8%E0%A7%8D%E0%A6%A4%E0%A7%8D%E0%A6%B0%E0%A7%80,samakal,bn,https://samakal.com/bangladesh/article/123762/%E0%A6%9A%E0%A6%BE%E0%A6%B9%E0%A6%BF%E0%A6%A6%E0%A6%BE%E0%A6%B0-%E0%A6%9A%E0%A7%87%E0%A7%9F%E0%A7%87-%E0%A6%AC%E0%A7%87%E0%A6%B6%E0%A6%BF-%E0%A6%AA%E0%A7%87%E0%A6%9F%E0%A7%8D%E0%A6%B0%E0%A7%8B%E0%A6%B2%E0%A6%85%E0%A6%95%E0%A6%9F%E0%A7%87%E0%A6%A8-%E0%A6%A6%E0%A7%87%E0%A6%B6%E0%A7%87-%E0%A6%86%E0%A6%9B%E0%A7%87-%E0%A6%AA%E0%A7%8D%E0%A6%B0%E0%A6%A7%E0%A6%BE%E0%A6%A8%E0%A6%AE%E0%A6%A8%E0%A7%8D%E0%A6%A4%E0%A7%8D%E0%A6%B0%E0%A7%80,2022-07-27,চাহিদার চেয়ে বেশি পেট্রোল-অকটেন দেশে আছে: প্রধানমন্ত্রী,2022,5,True,True,0,1,0,0,0,0,0,0,0,0,0,0,1,2,0,0
samakal:https://samakal.com/whole-country/article/124321/%E0%A6%B0%E0%A6%82%E0%A6%AA%E0%A7%81%E0%A6%B0-%E0%A6%AC%E0%A6%BF%E0%A6%AD%E0%A6%BE%E0%A6%97%E0%A7%87-%E0%A6%A1%E0%A6%BF%E0%A6%9C%E0%A7%87%E0%A6%B2%E0%A7%87%E0%A6%B0-%E0%A6%98%E0%A6%BE%E0%A6%9F%E0%A6%A4%E0%A6%BF,samakal,bn,https://samakal.com/whole-country/article/124321/%E0%A6%B0%E0%A6%82%E0%A6%AA%E0%A7%81%E0%A6%B0-%E0%A6%AC%E0%A6%BF%E0%A6%AD%E0%A6%BE%E0%A6%97%E0%A7%87-%E0%A6%A1%E0%A6%BF%E0%A6%9C%E0%A7%87%E0%A6%B2%E0%A7%87%E0%A6%B0-%E0%A6%98%E0%A6%BE%E0%A6%9F%E0%A6%A4%E0%A6%BF,2022-07-30,রংপুর বিভাগে ডিজেলের ঘাটতি,2022,17,True,True,0,0,0,0,0,0,0,0,0,0,0,0,1,6,0,0
samakal:https://samakal.com/economics/article/124714/%E0%A6%AA%E0%A6%BE%E0%A6%87%E0%A6%AA%E0%A6%B2%E0%A6%BE%E0%A6%87%E0%A6%A8%E0%A7%87-%E0%A6%A1%E0%A6%BF%E0%A6%9C%E0%A7%87%E0%A6%B2-%E0%A6%86%E0%A6%B8%E0%A6%AC%E0%A7%87-%E0%A6%9C%E0%A6%BE%E0%A6%A8%E0%A7%81%E0%A7%9F%E0%A6%BE%E0%A6%B0%E0%A6%BF%E0%A6%A4%E0%A7%87,samakal,bn,https://samakal.com/economics/article/124714/%E0%A6%AA%E0%A6%BE%E0%A6%87%E0%A6%AA%E0%A6%B2%E0%A6%BE%E0%A6%87%E0%A6%A8%E0%A7%87-%E0%A6%A1%E0%A6%BF%E0%A6%9C%E0%A7%87%E0%A6%B2-%E0%A6%86%E0%A6%B8%E0%A6%AC%E0%A7%87-%E0%A6%9C%E0%A6%BE%E0%A6%A8%E0%A7%81%E0%A7%9F%E0%A6%BE%E0%A6%B0%E0%A6%BF%E0%A6%A4%E0%A7%87,2022-08-01,পাইপলাইনে ডিজেল আসবে জানুয়ারিতে,2022,17,True,True,1,2,0,0,0,0,1,19,0,0,0,0,0,1,0,0
samakal:https://samakal.com/bangladesh/article/124643/%E0%A6%9C%E0%A7%8D%E0%A6%AC%E0%A6%BE%E0%A6%B2%E0%A6%BE%E0%A6%A8%E0%A6%BF-%E0%A6%B8%E0%A6%82%E0%A6%95%E0%A6%9F%E0%A7%87-%E0%A6%86%E0%A6%AE%E0%A7%87%E0%A6%B0%E0%A6%BF%E0%A6%95%E0%A6%BE%E0%A6%93-%E0%A6%AC%E0%A6%BF%E0%A6%A6%E0%A7%8D%E0%A6%AF%E0%A7%81%E0%A7%8E-%E0%A6%AC%E0%A7%8D%E0%A6%AF%E0%A6%AC%E0%A6%B9%E0%A6%BE%E0%A6%B0-%E0%A6%95%E0%A6%AE%E0%A6%BF%E0%A7%9F%E0%A7%87%E0%A6%9B%E0%A7%87-%E0%A6%93%E0%A6%AC%E0%A6%BE%E0%A7%9F%E0%A6%A6%E0%A7%81%E0%A6%B2-%E0%A6%95%E0%A6%BE%E0%A6%A6%E0%A7%87%E0%A6%B0,samakal,bn,https://samakal.com/bangladesh/article/124643/%E0%A6%9C%E0%A7%8D%E0%A6%AC%E0%A6%BE%E0%A6%B2%E0%A6%BE%E0%A6%A8%E0%A6%BF-%E0%A6%B8%E0%A6%82%E0%A6%95%E0%A6%9F%E0%A7%87-%E0%A6%86%E0%A6%AE%E0%A7%87%E0%A6%B0%E0%A6%BF%E0%A6%95%E0%A6%BE%E0%A6%93-%E0%A6%AC%E0%A6%BF%E0%A6%A6%E0%A7%8D%E0%A6%AF%E0%A7%81%E0%A7%8E-%E0%A6%AC%E0%A7%8D%E0%A6%AF%E0%A6%AC%E0%A6%B9%E0%A6%BE%E0%A6%B0-%E0%A6%95%E0%A6%AE%E0%A6%BF%E0%A7%9F%E0%A7%87%E0%A6%9B%E0%A7%87-%E0%A6%93%E0%A6%AC%E0%A6%BE%E0%A7%9F%E0%A6%A6%E0%A7%81%E0%A6%B2-%E0%A6%95%E0%A6%BE%E0%A6%A6%E0%A7%87%E0%A6%B0,2022-08-01,জ্বালানি সংকটে আমেরিকাও বিদ্যুৎ ব্যবহার কমিয়েছে: ওবায়দুল কাদের,2022,3,True,True,1,2,0,0,0,0,0,0,0,0,0,0,0,0,0,0
samakal:https://samakal.com/capital/article/125020/%E0%A6%AC%E0%A6%BF%E0%A6%A6%E0%A7%8D%E0%A6%AF%E0%A7%81%E0%A7%8E%E0%A6%9C%E0%A7%8D%E0%A6%AC%E0%A6%BE%E0%A6%B2%E0%A6%BE%E0%A6%A8%E0%A6%BF-%E0%A6%96%E0%A6%BE%E0%A6%A4%E0%A7%87%E0%A6%B0-%E0%A6%A8%E0%A7%80%E0%A6%A4%E0%A6%BF-%E0%A6%95%E0%A6%BE%E0%A6%A0%E0%A6%BE%E0%A6%AE%E0%A7%8B-%E0%A6%85%E0%A6%A8%E0%A7%87%E0%A6%95%E0%A6%9F%E0%A6%BE%E0%A6%87-%E0%A6%9C%E0%A6%BF%E0%A6%AE%E0%A7%8D%E0%A6%AE%E0%A6%BF,samakal,bn,https://samakal.com/capital/article/125020/%E0%A6%AC%E0%A6%BF%E0%A6%A6%E0%A7%8D%E0%A6%AF%E0%A7%81%E0%A7%8E%E0%A6%9C%E0%A7%8D%E0%A6%AC%E0%A6%BE%E0%A6%B2%E0%A6%BE%E0%A6%A8%E0%A6%BF-%E0%A6%96%E0%A6%BE%E0%A6%A4%E0%A7%87%E0%A6%B0-%E0%A6%A8%E0%A7%80%E0%A6%A4%E0%A6%BF-%E0%A6%95%E0%A6%BE%E0%A6%A0%E0%A6%BE%E0%A6%AE%E0%A7%8B-%E0%A6%85%E0%A6%A8%E0%A7%87%E0%A6%95%E0%A6%9F%E0%A6%BE%E0%A6%87-%E0%A6%9C%E0%A6%BF%E0%A6%AE%E0%A7%8D%E0%A6%AE%E0%A6%BF,2022-08-03,বিদ্যুৎ-জ্বালানি খাতের নীতি কাঠামো অনেকটাই জিম্মি,2022,5,True,True,0,0,0,0,0,0,0,0,0,0,0,0,0,1,0,0
samakal:https://samakal.com/economics/article/125185/%E0%A6%AC%E0%A6%BF%E0%A6%A6%E0%A7%8D%E0%A6%AF%E0%A7%81%E0%A7%8E-%E0%A6%93-%E0%A6%9C%E0%A7%8D%E0%A6%AC%E0%A6%BE%E0%A6%B2%E0%A6%BE%E0%A6%A8%E0%A6%BF-%E0%A6%96%E0%A6%BE%E0%A6%A4-%E0%A6%B8%E0%A6%82%E0%A6%B8%E0%A7%8D%E0%A6%95%E0%A6%BE%E0%A6%B0%E0%A7%87-%E0%A6%95%E0%A7%8D%E0%A6%AF%E0%A6%BE%E0%A6%AC%E0%A7%87%E0%A6%B0-%E0%A7%A9%E0%A7%AC-%E0%A6%AA%E0%A7%8D%E0%A6%B0%E0%A6%B8%E0%A7%8D%E0%A6%A4%E0%A6%BE%E0%A6%AC,samakal,bn,https://samakal.com/economics/article/125185/%E0%A6%AC%E0%A6%BF%E0%A6%A6%E0%A7%8D%E0%A6%AF%E0%A7%81%E0%A7%8E-%E0%A6%93-%E0%A6%9C%E0%A7%8D%E0%A6%AC%E0%A6%BE%E0%A6%B2%E0%A6%BE%E0%A6%A8%E0%A6%BF-%E0%A6%96%E0%A6%BE%E0%A6%A4-%E0%A6%B8%E0%A6%82%E0%A6%B8%E0%A7%8D%E0%A6%95%E0%A6%BE%E0%A6%B0%E0%A7%87-%E0%A6%95%E0%A7%8D%E0%A6%AF%E0%A6%BE%E0%A6%AC%E0%A7%87%E0%A6%B0-%E0%A7%A9%E0%A7%AC-%E0%A6%AA%E0%A7%8D%E0%A6%B0%E0%A6%B8%E0%A7%8D%E0%A6%A4%E0%A6%BE%E0%A6%AC,2022-08-04,বিদ্যুৎ ও জ্বালানি খাত সংস্কারে ক্যাবের ৩৬ প্রস্তাব,2022,6,True,True,0,0,0,0,0,0,0,0,0,1,0,0,1,3,0,0
samakal:https://samakal.com/bangladesh/article/125630/%E0%A6%A4%E0%A7%87%E0%A6%B2%E0%A7%87%E0%A6%B0-%E0%A6%A6%E0%A6%BE%E0%A6%AE-%E0%A6%AC%E0%A7%83%E0%A6%A6%E0%A7%8D%E0%A6%A7%E0%A6%BF%E0%A6%B0-%E0%A6%AF%E0%A7%8C%E0%A6%95%E0%A7%8D%E0%A6%A4%E0%A6%BF%E0%A6%95%E0%A6%A4%E0%A6%BE-%E0%A6%A4%E0%A7%81%E0%A6%B2%E0%A7%87-%E0%A6%A7%E0%A6%B0%E0%A6%B2-%E0%A6%9C%E0%A7%8D%E0%A6%AC%E0%A6%BE%E0%A6%B2%E0%A6%BE%E0%A6%A8%E0%A6%BF-%E0%A6%AC%E0%A6%BF%E0%A6%AD%E0%A6%BE%E0%A6%97,samakal,bn,https://samakal.com/bangladesh/article/125630/%E0%A6%A4%E0%A7%87%E0%A6%B2%E0%A7%87%E0%A6%B0-%E0%A6%A6%E0%A6%BE%E0%A6%AE-%E0%A6%AC%E0%A7%83%E0%A6%A6%E0%A7%8D%E0%A6%A7%E0%A6%BF%E0%A6%B0-%E0%A6%AF%E0%A7%8C%E0%A6%95%E0%A7%8D%E0%A6%A4%E0%A6%BF%E0%A6%95%E0%A6%A4%E0%A6%BE-%E0%A6%A4%E0%A7%81%E0%A6%B2%E0%A7%87-%E0%A6%A7%E0%A6%B0%E0%A6%B2-%E0%A6%9C%E0%A7%8D%E0%A6%AC%E0%A6%BE%E0%A6%B2%E0%A6%BE%E0%A6%A8%E0%A6%BF-%E0%A6%AC%E0%A6%BF%E0%A6%AD%E0%A6%BE%E0%A6%97,2022-08-06,তেলের দাম বৃদ্ধির যৌক্তিকতা তুলে ধরল জ্বালানি বিভাগ,2022,29,True,True,1,5,0,0,0,0,1,2,0,0,0,0,1,7,0,0
samakal:https://samakal.com/economics/article/125566/%E0%A6%9C%E0%A7%8D%E0%A6%AC%E0%A6%BE%E0%A6%B2%E0%A6%BE%E0%A6%A8%E0%A6%BF-%E0%A6%A4%E0%A7%87%E0%A6%B2%E0%A7%87%E0%A6%B0-%E0%A6%AE%E0%A7%82%E0%A6%B2%E0%A7%8D%E0%A6%AF%E0%A6%AC%E0%A7%83%E0%A6%A6%E0%A7%8D%E0%A6%A7%E0%A6%BF%E0%A6%B0-%E0%A6%AA%E0%A7%8D%E0%A6%B0%E0%A6%AD%E0%A6%BE%E0%A6%AC-%E0%A6%B6%E0%A7%87%E0%A7%9F%E0%A6%BE%E0%A6%B0%E0%A6%AC%E0%A6%BE%E0%A6%9C%E0%A6%BE%E0%A6%B0%E0%A7%87,samakal,bn,https://samakal.com/economics/article/125566/%E0%A6%9C%E0%A7%8D%E0%A6%AC%E0%A6%BE%E0%A6%B2%E0%A6%BE%E0%A6%A8%E0%A6%BF-%E0%A6%A4%E0%A7%87%E0%A6%B2%E0%A7%87%E0%A6%B0-%E0%A6%AE%E0%A7%82%E0%A6%B2%E0%A7%8D%E0%A6%AF%E0%A6%AC%E0%A7%83%E0%A6%A6%E0%A7%8D%E0%A6%A7%E0%A6%BF%E0%A6%B0-%E0%A6%AA%E0%A7%8D%E0%A6%B0%E0%A6%AD%E0%A6%BE%E0%A6%AC-%E0%A6%B6%E0%A7%87%E0%A7%9F%E0%A6%BE%E0%A6%B0%E0%A6%AC%E0%A6%BE%E0%A6%9C%E0%A6%BE%E0%A6%B0%E0%A7%87,2022-08-06,জ্বালানি তেলের মূল্যবৃদ্ধির প্রভাব শেয়ারবাজারে,2022,3,True,True,0,0,0,0,0,0,0,0,0,0,0,0,0,0,0,0
samakal:https://samakal.com/bangladesh/article/125565/%E0%A6%9C%E0%A7%8D%E0%A6%AC%E0%A6%BE%E0%A6%B2%E0%A6%BE%E0%A6%A8%E0%A6%BF-%E0%A6%A4%E0%A7%87%E0%A6%B2%E0%A7%87%E0%A6%B0-%E0%A6%98%E0%A7%82%E0%A6%B0%E0%A7%8D%E0%A6%A3%E0%A6%BF-%E0%A6%AC%E0%A6%BE%E0%A6%9C%E0%A6%BE%E0%A6%B0%E0%A7%87,samakal,bn,https://samakal.com/bangladesh/article/125565/%E0%A6%9C%E0%A7%8D%E0%A6%AC%E0%A6%BE%E0%A6%B2%E0%A6%BE%E0%A6%A8%E0%A6%BF-%E0%A6%A4%E0%A7%87%E0%A6%B2%E0%A7%87%E0%A6%B0-%E0%A6%98%E0%A7%82%E0%A6%B0%E0%A7%8D%E0%A6%A3%E0%A6%BF-%E0%A6%AC%E0%A6%BE%E0%A6%9C%E0%A6%BE%E0%A6%B0%E0%A7%87,2022-08-06,জ্বালানি তেলের ঘূর্ণি বাজারে,2022,11,True,True,0,0,0,0,0,0,0,0,0,1,0,0,0,0,0,0
samakal:https://samakal.com/economics/article/125527/%E0%A6%9C%E0%A7%8D%E0%A6%AC%E0%A6%BE%E0%A6%B2%E0%A6%BE%E0%A6%A8%E0%A6%BF%E0%A6%B0-%E0%A6%A6%E0%A6%BE%E0%A6%AE-%E0%A6%AC%E0%A6%BE%E0%A7%9C%E0%A6%BE%E0%A7%9F-%E0%A6%B9%E0%A7%81%E0%A6%AE%E0%A6%95%E0%A6%BF%E0%A6%A4%E0%A7%87-%E0%A6%AA%E0%A7%9C%E0%A6%AC%E0%A7%87-%E0%A6%B0%E0%A6%AA%E0%A7%8D%E0%A6%A4%E0%A6%BE%E0%A6%A8%E0%A6%BF-%E0%A6%96%E0%A6%BE%E0%A6%A4,samakal,bn,https://samakal.com/economics/article/125527/%E0%A6%9C%E0%A7%8D%E0%A6%AC%E0%A6%BE%E0%A6%B2%E0%A6%BE%E0%A6%A8%E0%A6%BF%E0%A6%B0-%E0%A6%A6%E0%A6%BE%E0%A6%AE-%E0%A6%AC%E0%A6%BE%E0%A7%9C%E0%A6%BE%E0%A7%9F-%E0%A6%B9%E0%A7%81%E0%A6%AE%E0%A6%95%E0%A6%BF%E0%A6%A4%E0%A7%87-%E0%A6%AA%E0%A7%9C%E0%A6%AC%E0%A7%87-%E0%A6%B0%E0%A6%AA%E0%A7%8D%E0%A6%A4%E0%A6%BE%E0%A6%A8%E0%A6%BF-%E0%A6%96%E0%A6%BE%E0%A6%A4,2022-08-06,জ্বালানির দাম বাড়ায় হুমকিতে পড়বে রপ্তানি খাত,2022,8,True,True,0,1,0,0,0,0,0,0,0,0,0,0,0,1,0,0
samakal:https://samakal.com/economics/article/125516/%E0%A6%9C%E0%A7%8D%E0%A6%AC%E0%A6%BE%E0%A6%B2%E0%A6%BE%E0%A6%A8%E0%A6%BF-%E0%A6%A4%E0%A7%87%E0%A6%B2%E0%A7%87%E0%A6%B0-%E0%A6%B0%E0%A7%87%E0%A6%95%E0%A6%B0%E0%A7%8D%E0%A6%A1-%E0%A6%AE%E0%A7%82%E0%A6%B2%E0%A7%8D%E0%A6%AF%E0%A6%AC%E0%A7%83%E0%A6%A6%E0%A7%8D%E0%A6%A7%E0%A6%BF-%E0%A6%A8%E0%A6%BF%E0%A7%9F%E0%A7%87-%E0%A6%9C%E0%A7%8D%E0%A6%AC%E0%A6%BE%E0%A6%B2%E0%A6%BE%E0%A6%A8%E0%A6%BF-%E0%A6%AC%E0%A6%BF%E0%A6%AD%E0%A6%BE%E0%A6%97%E0%A7%87%E0%A6%B0-%E0%A6%AC%E0%A7%8D%E0%A6%AF%E0%A6%BE%E0%A6%96%E0%A7%8D%E0%A6%AF%E0%A6%BE,samakal,bn,https://samakal.com/economics/article/125516/%E0%A6%9C%E0%A7%8D%E0%A6%AC%E0%A6%BE%E0%A6%B2%E0%A6%BE%E0%A6%A8%E0%A6%BF-%E0%A6%A4%E0%A7%87%E0%A6%B2%E0%A7%87%E0%A6%B0-%E0%A6%B0%E0%A7%87%E0%A6%95%E0%A6%B0%E0%A7%8D%E0%A6%A1-%E0%A6%AE%E0%A7%82%E0%A6%B2%E0%A7%8D%E0%A6%AF%E0%A6%AC%E0%A7%83%E0%A6%A6%E0%A7%8D%E0%A6%A7%E0%A6%BF-%E0%A6%A8%E0%A6%BF%E0%A7%9F%E0%A7%87-%E0%A6%9C%E0%A7%8D%E0%A6%AC%E0%A6%BE%E0%A6%B2%E0%A6%BE%E0%A6%A8%E0%A6%BF-%E0%A6%AC%E0%A6%BF%E0%A6%AD%E0%A6%BE%E0%A6%97%E0%A7%87%E0%A6%B0-%E0%A6%AC%E0%A7%8D%E0%A6%AF%E0%A6%BE%E0%A6%96%E0%A7%8D%E0%A6%AF%E0%A6%BE,2022-08-06,জ্বালানি তেলের ‘রেকর্ড’ মূল্যবৃদ্ধি নিয়ে জ্বালানি বিভাগের ব্যাখ্যা,2022,29,True,True,1,5,0,0,0,0,1,2,0,0,0,0,1,6,0,0
samakal:https://samakal.com/bangladesh/article/125494/%E0%A6%9C%E0%A7%8D%E0%A6%AC%E0%A6%BE%E0%A6%B2%E0%A6%BE%E0%A6%A8%E0%A6%BF-%E0%A6%A4%E0%A7%87%E0%A6%B2%E0%A7%87%E0%A6%B0-%E0%A6%A6%E0%A6%BE%E0%A6%AE-%E0%A6%AC%E0%A7%83%E0%A6%A6%E0%A7%8D%E0%A6%A7%E0%A6%BF%E0%A6%A4%E0%A7%87-%E0%A7%AF%E0%A7%A6%E0%A6%B0-%E0%A6%97%E0%A6%A3%E0%A6%85%E0%A6%AD%E0%A7%8D%E0%A6%AF%E0%A7%81%E0%A6%A4%E0%A7%8D%E0%A6%A5%E0%A6%BE%E0%A6%A8%E0%A7%87%E0%A6%B0-%E0%A6%9B%E0%A6%BE%E0%A6%A4%E0%A7%8D%E0%A6%B0%E0%A6%A8%E0%A7%87%E0%A6%A4%E0%A6%BE%E0%A6%A6%E0%A7%87%E0%A6%B0-%E0%A6%89%E0%A6%A6%E0%A7%8D%E0%A6%AC%E0%A7%87%E0%A6%97,samakal,bn,https://samakal.com/bangladesh/article/125494/%E0%A6%9C%E0%A7%8D%E0%A6%AC%E0%A6%BE%E0%A6%B2%E0%A6%BE%E0%A6%A8%E0%A6%BF-%E0%A6%A4%E0%A7%87%E0%A6%B2%E0%A7%87%E0%A6%B0-%E0%A6%A6%E0%A6%BE%E0%A6%AE-%E0%A6%AC%E0%A7%83%E0%A6%A6%E0%A7%8D%E0%A6%A7%E0%A6%BF%E0%A6%A4%E0%A7%87-%E0%A7%AF%E0%A7%A6%E0%A6%B0-%E0%A6%97%E0%A6%A3%E0%A6%85%E0%A6%AD%E0%A7%8D%E0%A6%AF%E0%A7%81%E0%A6%A4%E0%A7%8D%E0%A6%A5%E0%A6%BE%E0%A6%A8%E0%A7%87%E0%A6%B0-%E0%A6%9B%E0%A6%BE%E0%A6%A4%E0%A7%8D%E0%A6%B0%E0%A6%A8%E0%A7%87%E0%A6%A4%E0%A6%BE%E0%A6%A6%E0%A7%87%E0%A6%B0-%E0%A6%89%E0%A6%A6%E0%A7%8D%E0%A6%AC%E0%A7%87%E0%A6%97,2022-08-06,জ্বালানি তেলের দাম বৃদ্ধিতে ৯০'র গণঅভ্যুত্থানের ছাত্রনেতাদের উদ্বেগ,2022,5,True,True,1,2,0,0,0,0,0,0,0,0,0,0,0,1,0,0
samakal:https://samakal.com/whole-country/article/125467/%E0%A6%9C%E0%A7%8D%E0%A6%AC%E0%A6%BE%E0%A6%B2%E0%A6%BE%E0%A6%A8%E0%A6%BF-%E0%A6%A4%E0%A7%87%E0%A6%B2%E0%A7%87%E0%A6%B0-%E0%A6%AE%E0%A7%82%E0%A6%B2%E0%A7%8D%E0%A6%AF%E0%A6%AC%E0%A7%83%E0%A6%A6%E0%A7%8D%E0%A6%A7%E0%A6%BF%E0%A6%B0-%E0%A6%AA%E0%A7%8D%E0%A6%B0%E0%A6%A4%E0%A6%BF%E0%A6%AC%E0%A6%BE%E0%A6%A6%E0%A7%87-%E0%A6%96%E0%A7%81%E0%A6%B2%E0%A6%A8%E0%A6%BE%E0%A7%9F-%E0%A6%AC%E0%A6%BF%E0%A6%8F%E0%A6%A8%E0%A6%AA%E0%A6%BF%E0%A6%B0-%E0%A6%AC%E0%A6%BF%E0%A6%95%E0%A7%8D%E0%A6%B7%E0%A7%8B%E0%A6%AD-%E0%A6%AE%E0%A6%BF%E0%A6%9B%E0%A6%BF%E0%A6%B2,samakal,bn,https://samakal.com/whole-country/article/125467/%E0%A6%9C%E0%A7%8D%E0%A6%AC%E0%A6%BE%E0%A6%B2%E0%A6%BE%E0%A6%A8%E0%A6%BF-%E0%A6%A4%E0%A7%87%E0%A6%B2%E0%A7%87%E0%A6%B0-%E0%A6%AE%E0%A7%82%E0%A6%B2%E0%A7%8D%E0%A6%AF%E0%A6%AC%E0%A7%83%E0%A6%A6%E0%A7%8D%E0%A6%A7%E0%A6%BF%E0%A6%B0-%E0%A6%AA%E0%A7%8D%E0%A6%B0%E0%A6%A4%E0%A6%BF%E0%A6%AC%E0%A6%BE%E0%A6%A6%E0%A7%87-%E0%A6%96%E0%A7%81%E0%A6%B2%E0%A6%A8%E0%A6%BE%E0%A7%9F-%E0%A6%AC%E0%A6%BF%E0%A6%8F%E0%A6%A8%E0%A6%AA%E0%A6%BF%E0%A6%B0-%E0%A6%AC%E0%A6%BF%E0%A6%95%E0%A7%8D%E0%A6%B7%E0%A7%8B%E0%A6%AD-%E0%A6%AE%E0%A6%BF%E0%A6%9B%E0%A6%BF%E0%A6%B2,2022-08-06,জ্বালানি তেলের মূল্যবৃদ্ধির প্রতিবাদে খুলনায় বিএনপির বিক্ষোভ মিছিল,2022,5,True,True,0,0,0,0,0,0,0,0,0,0,0,0,0,0,1,17
samakal:https://samakal.com/international/article/125462/%E0%A6%AD%E0%A6%BE%E0%A6%B0%E0%A6%A4%E0%A7%87-%E0%A6%AF%E0%A7%87-%E0%A6%A6%E0%A6%BE%E0%A6%AE%E0%A7%87-%E0%A6%AC%E0%A6%BF%E0%A6%95%E0%A7%8D%E0%A6%B0%E0%A6%BF-%E0%A6%B9%E0%A6%9A%E0%A7%8D%E0%A6%9B%E0%A7%87-%E0%A6%A1%E0%A6%BF%E0%A6%9C%E0%A7%87%E0%A6%B2%E0%A6%AA%E0%A7%87%E0%A6%9F%E0%A7%8D%E0%A6%B0%E0%A7%8B%E0%A6%B2,samakal,bn,https://samakal.com/international/article/125462/%E0%A6%AD%E0%A6%BE%E0%A6%B0%E0%A6%A4%E0%A7%87-%E0%A6%AF%E0%A7%87-%E0%A6%A6%E0%A6%BE%E0%A6%AE%E0%A7%87-%E0%A6%AC%E0%A6%BF%E0%A6%95%E0%A7%8D%E0%A6%B0%E0%A6%BF-%E0%A6%B9%E0%A6%9A%E0%A7%8D%E0%A6%9B%E0%A7%87-%E0%A6%A1%E0%A6%BF%E0%A6%9C%E0%A7%87%E0%A6%B2%E0%A6%AA%E0%A7%87%E0%A6%9F%E0%A7%8D%E0%A6%B0%E0%A7%8B%E0%A6%B2,2022-08-06,ভারতে যে দামে বিক্রি হচ্ছে ডিজেল-পেট্রোল,2022,16,True,True,1,3,0,0,0,0,1,2,0,0,0,0,1,3,0,0
samakal:https://samakal.com/politics/article/125461/%E0%A6%9C%E0%A7%8D%E0%A6%AC%E0%A6%BE%E0%A6%B2%E0%A6%BE%E0%A6%A8%E0%A6%BF-%E0%A6%A4%E0%A7%87%E0%A6%B2%E0%A7%87%E0%A6%B0-%E0%A6%85%E0%A6%B8%E0%A7%8D%E0%A6%AC%E0%A6%BE%E0%A6%AD%E0%A6%BE%E0%A6%AC%E0%A6%BF%E0%A6%95-%E0%A6%AE%E0%A7%82%E0%A6%B2%E0%A7%8D%E0%A6%AF%E0%A6%AC%E0%A7%83%E0%A6%A6%E0%A7%8D%E0%A6%A7%E0%A6%BF%E0%A6%B0-%E0%A6%B8%E0%A6%BF%E0%A6%A6%E0%A7%8D%E0%A6%A7%E0%A6%BE%E0%A6%A8%E0%A7%8D%E0%A6%A4-%E0%A6%AA%E0%A7%8D%E0%A6%B0%E0%A6%A4%E0%A7%8D%E0%A6%AF%E0%A6%BE%E0%A6%B9%E0%A6%BE%E0%A6%B0%E0%A7%87%E0%A6%B0-%E0%A6%A6%E0%A6%BE%E0%A6%AC%E0%A6%BF-%E0%A6%9C%E0%A6%BE%E0%A6%B8%E0%A6%A6%E0%A7%87%E0%A6%B0,samakal,bn,https://samakal.com/politics/article/125461/%E0%A6%9C%E0%A7%8D%E0%A6%AC%E0%A6%BE%E0%A6%B2%E0%A6%BE%E0%A6%A8%E0%A6%BF-%E0%A6%A4%E0%A7%87%E0%A6%B2%E0%A7%87%E0%A6%B0-%E0%A6%85%E0%A6%B8%E0%A7%8D%E0%A6%AC%E0%A6%BE%E0%A6%AD%E0%A6%BE%E0%A6%AC%E0%A6%BF%E0%A6%95-%E0%A6%AE%E0%A7%82%E0%A6%B2%E0%A7%8D%E0%A6%AF%E0%A6%AC%E0%A7%83%E0%A6%A6%E0%A7%8D%E0%A6%A7%E0%A6%BF%E0%A6%B0-%E0%A6%B8%E0%A6%BF%E0%A6%A6%E0%A7%8D%E0%A6%A7%E0%A6%BE%E0%A6%A8%E0%A7%8D%E0%A6%A4-%E0%A6%AA%E0%A7%8D%E0%A6%B0%E0%A6%A4%E0%A7%8D%E0%A6%AF%E0%A6%BE%E0%A6%B9%E0%A6%BE%E0%A6%B0%E0%A7%87%E0%A6%B0-%E0%A6%A6%E0%A6%BE%E0%A6%AC%E0%A6%BF-%E0%A6%9C%E0%A6%BE%E0%A6%B8%E0%A6%A6%E0%A7%87%E0%A6%B0,2022-08-06,জ্বালানি তেলের অস্বাভাবিক মূল্যবৃদ্ধির সিদ্ধান্ত প্রত্যাহারের দাবি জাসদের,2022,8,True,True,0,0,0,0,1,4,0,0,0,0,0,0,0,0,1,6
samakal:https://samakal.com/editorial/article/125457/%E0%A6%9C%E0%A7%8D%E0%A6%AC%E0%A6%BE%E0%A6%B2%E0%A6%BE%E0%A6%A8%E0%A6%BF%E0%A6%B0-%E0%A6%A6%E0%A6%BE%E0%A6%AE-%E0%A6%AC%E0%A7%83%E0%A6%A6%E0%A7%8D%E0%A6%A7%E0%A6%BF%E0%A6%B0-%E0%A6%B8%E0%A6%AE%E0%A7%8D%E0%A6%AD%E0%A6%BE%E0%A6%AC%E0%A7%8D%E0%A6%AF-%E0%A6%B0%E0%A6%BE%E0%A6%9C%E0%A6%A8%E0%A7%88%E0%A6%A4%E0%A6%BF%E0%A6%95-%E0%A6%96%E0%A7%87%E0%A6%B8%E0%A6%BE%E0%A6%B0%E0%A6%A4,samakal,bn,https://samakal.com/editorial/article/125457/%E0%A6%9C%E0%A7%8D%E0%A6%AC%E0%A6%BE%E0%A6%B2%E0%A6%BE%E0%A6%A8%E0%A6%BF%E0%A6%B0-%E0%A6%A6%E0%A6%BE%E0%A6%AE-%E0%A6%AC%E0%A7%83%E0%A6%A6%E0%A7%8D%E0%A6%A7%E0%A6%BF%E0%A6%B0-%E0%A6%B8%E0%A6%AE%E0%A7%8D%E0%A6%AD%E0%A6%BE%E0%A6%AC%E0%A7%8D%E0%A6%AF-%E0%A6%B0%E0%A6%BE%E0%A6%9C%E0%A6%A8%E0%A7%88%E0%A6%A4%E0%A6%BF%E0%A6%95-%E0%A6%96%E0%A7%87%E0%A6%B8%E0%A6%BE%E0%A6%B0%E0%A6%A4,2022-08-06,জ্বালানির দাম বৃদ্ধির সম্ভাব্য রাজনৈতিক খেসারত,2022,24,True,True,1,4,0,0,0,0,0,0,0,1,0,0,1,3,0,0
samakal:https://samakal.com/politics/article/125455/%E0%A6%A4%E0%A7%87%E0%A6%B2%E0%A7%87%E0%A6%B0-%E0%A6%AE%E0%A7%82%E0%A6%B2%E0%A7%8D%E0%A6%AF%E0%A6%AC%E0%A7%83%E0%A6%A6%E0%A7%8D%E0%A6%A7%E0%A6%BF%E0%A6%B0-%E0%A6%AA%E0%A7%8D%E0%A6%B0%E0%A6%A4%E0%A6%BF%E0%A6%AC%E0%A6%BE%E0%A6%A6%E0%A7%87-%E0%A6%9C%E0%A6%BE%E0%A6%AE%E0%A6%BE%E0%A7%9F%E0%A6%BE%E0%A6%A4%E0%A7%87%E0%A6%B0-%E0%A6%AC%E0%A6%BF%E0%A6%95%E0%A7%8D%E0%A6%B7%E0%A7%8B%E0%A6%AD-%E0%A6%AE%E0%A6%BF%E0%A6%9B%E0%A6%BF%E0%A6%B2,samakal,bn,https://samakal.com/politics/article/125455/%E0%A6%A4%E0%A7%87%E0%A6%B2%E0%A7%87%E0%A6%B0-%E0%A6%AE%E0%A7%82%E0%A6%B2%E0%A7%8D%E0%A6%AF%E0%A6%AC%E0%A7%83%E0%A6%A6%E0%A7%8D%E0%A6%A7%E0%A6%BF%E0%A6%B0-%E0%A6%AA%E0%A7%8D%E0%A6%B0%E0%A6%A4%E0%A6%BF%E0%A6%AC%E0%A6%BE%E0%A6%A6%E0%A7%87-%E0%A6%9C%E0%A6%BE%E0%A6%AE%E0%A6%BE%E0%A7%9F%E0%A6%BE%E0%A6%A4%E0%A7%87%E0%A6%B0-%E0%A6%AC%E0%A6%BF%E0%A6%95%E0%A7%8D%E0%A6%B7%E0%A7%8B%E0%A6%AD-%E0%A6%AE%E0%A6%BF%E0%A6%9B%E0%A6%BF%E0%A6%B2,2022-08-06,তেলের মূল্যবৃদ্ধির প্রতিবাদে জামায়াতের বিক্ষোভ মিছিল,2022,6,True,True,0,0,0,0,0,0,0,0,0,0,0,0,0,0,1,21
samakal:https://samakal.com/politics/article/125453/%E0%A6%9C%E0%A7%8D%E0%A6%AC%E0%A6%BE%E0%A6%B2%E0%A6%BE%E0%A6%A8%E0%A6%BF-%E0%A6%A4%E0%A7%87%E0%A6%B2%E0%A7%87%E0%A6%B0-%E0%A6%AE%E0%A7%82%E0%A6%B2%E0%A7%8D%E0%A6%AF%E0%A6%AC%E0%A7%83%E0%A6%A6%E0%A7%8D%E0%A6%A7%E0%A6%BF%E0%A6%B0-%E0%A6%AA%E0%A7%8D%E0%A6%B0%E0%A6%A4%E0%A6%BF%E0%A6%AC%E0%A6%BE%E0%A6%A6%E0%A7%87-%E0%A6%AC%E0%A6%BF%E0%A6%8F%E0%A6%A8%E0%A6%AA%E0%A6%BF%E0%A6%B0-%E0%A6%AC%E0%A6%BF%E0%A6%95%E0%A7%8D%E0%A6%B7%E0%A7%8B%E0%A6%AD-%E0%A6%AE%E0%A6%BF%E0%A6%9B%E0%A6%BF%E0%A6%B2,samakal,bn,https://samakal.com/politics/article/125453/%E0%A6%9C%E0%A7%8D%E0%A6%AC%E0%A6%BE%E0%A6%B2%E0%A6%BE%E0%A6%A8%E0%A6%BF-%E0%A6%A4%E0%A7%87%E0%A6%B2%E0%A7%87%E0%A6%B0-%E0%A6%AE%E0%A7%82%E0%A6%B2%E0%A7%8D%E0%A6%AF%E0%A6%AC%E0%A7%83%E0%A6%A6%E0%A7%8D%E0%A6%A7%E0%A6%BF%E0%A6%B0-%E0%A6%AA%E0%A7%8D%E0%A6%B0%E0%A6%A4%E0%A6%BF%E0%A6%AC%E0%A6%BE%E0%A6%A6%E0%A7%87-%E0%A6%AC%E0%A6%BF%E0%A6%8F%E0%A6%A8%E0%A6%AA%E0%A6%BF%E0%A6%B0-%E0%A6%AC%E0%A6%BF%E0%A6%95%E0%A7%8D%E0%A6%B7%E0%A7%8B%E0%A6%AD-%E0%A6%AE%E0%A6%BF%E0%A6%9B%E0%A6%BF%E0%A6%B2,2022-08-06,জ্বালানি তেলের মূল্যবৃদ্ধির প্রতিবাদে বিএনপির বিক্ষোভ মিছিল,2022,4,True,True,0,0,0,0,0,0,0,0,0,0,0,0,0,0,1,20
samakal:https://samakal.com/bangladesh/article/125445/%E0%A6%AC%E0%A6%BF%E0%A6%AA%E0%A6%BF%E0%A6%B8%E0%A6%BF%E0%A6%B0-%E0%A6%B2%E0%A6%BE%E0%A6%AD%E0%A7%87%E0%A6%B0-%E0%A6%9F%E0%A6%BE%E0%A6%95%E0%A6%BE-%E0%A6%89%E0%A6%A8%E0%A7%8D%E0%A6%A8%E0%A7%9F%E0%A6%A8-%E0%A6%AA%E0%A7%8D%E0%A6%B0%E0%A6%95%E0%A6%B2%E0%A7%8D%E0%A6%AA%E0%A7%87-%E0%A6%AC%E0%A7%8D%E0%A6%AF%E0%A7%9F-%E0%A6%B9%E0%A7%9F%E0%A7%87%E0%A6%9B%E0%A7%87-%E0%A6%9C%E0%A7%8D%E0%A6%AC%E0%A6%BE%E0%A6%B2%E0%A6%BE%E0%A6%A8%E0%A6%BF-%E0%A6%AA%E0%A7%8D%E0%A6%B0%E0%A6%A4%E0%A6%BF%E0%A6%AE%E0%A6%A8%E0%A7%8D%E0%A6%A4%E0%A7%8D%E0%A6%B0%E0%A7%80,samakal,bn,https://samakal.com/bangladesh/article/125445/%E0%A6%AC%E0%A6%BF%E0%A6%AA%E0%A6%BF%E0%A6%B8%E0%A6%BF%E0%A6%B0-%E0%A6%B2%E0%A6%BE%E0%A6%AD%E0%A7%87%E0%A6%B0-%E0%A6%9F%E0%A6%BE%E0%A6%95%E0%A6%BE-%E0%A6%89%E0%A6%A8%E0%A7%8D%E0%A6%A8%E0%A7%9F%E0%A6%A8-%E0%A6%AA%E0%A7%8D%E0%A6%B0%E0%A6%95%E0%A6%B2%E0%A7%8D%E0%A6%AA%E0%A7%87-%E0%A6%AC%E0%A7%8D%E0%A6%AF%E0%A7%9F-%E0%A6%B9%E0%A7%9F%E0%A7%87%E0%A6%9B%E0%A7%87-%E0%A6%9C%E0%A7%8D%E0%A6%AC%E0%A6%BE%E0%A6%B2%E0%A6%BE%E0%A6%A8%E0%A6%BF-%E0%A6%AA%E0%A7%8D%E0%A6%B0%E0%A6%A4%E0%A6%BF%E0%A6%AE%E0%A6%A8%E0%A7%8D%E0%A6%A4%E0%A7%8D%E0%A6%B0%E0%A7%80,2022-08-06,বিপিসির লাভের টাকা উন্নয়ন প্রকল্পে ব্যয় হয়েছে: জ্বালানি প্রতিমন্ত্রী,2022,19,True,True,1,3,0,0,0,0,1,2,0,0,0,0,0,0,0,0
samakal:https://samakal.com/politics/article/125444/%E0%A6%AE%E0%A7%82%E0%A6%B2%E0%A7%8D%E0%A6%AF-%E0%A6%AC%E0%A7%83%E0%A6%A6%E0%A7%8D%E0%A6%A7%E0%A6%BF%E0%A6%B0-%E0%A6%AA%E0%A6%B0%E0%A6%93-%E0%A6%A6%E0%A7%87%E0%A6%B6%E0%A7%87-%E0%A6%9C%E0%A7%8D%E0%A6%AC%E0%A6%BE%E0%A6%B2%E0%A6%BE%E0%A6%A8%E0%A6%BF-%E0%A6%A4%E0%A7%87%E0%A6%B2%E0%A7%87%E0%A6%B0-%E0%A6%A6%E0%A6%BE%E0%A6%AE-%E0%A6%85%E0%A6%A8%E0%A7%87%E0%A6%95-%E0%A6%A6%E0%A7%87%E0%A6%B6%E0%A7%87%E0%A6%B0-%E0%A6%A4%E0%A7%81%E0%A6%B2%E0%A6%A8%E0%A6%BE%E0%A7%9F-%E0%A6%95%E0%A6%AE-%E0%A6%A4%E0%A6%A5%E0%A7%8D%E0%A6%AF%E0%A6%AE%E0%A6%A8%E0%A7%8D%E0%A6%A4%E0%A7%8D%E0%A6%B0%E0%A7%80,samakal,bn,https://samakal.com/politics/article/125444/%E0%A6%AE%E0%A7%82%E0%A6%B2%E0%A7%8D%E0%A6%AF-%E0%A6%AC%E0%A7%83%E0%A6%A6%E0%A7%8D%E0%A6%A7%E0%A6%BF%E0%A6%B0-%E0%A6%AA%E0%A6%B0%E0%A6%93-%E0%A6%A6%E0%A7%87%E0%A6%B6%E0%A7%87-%E0%A6%9C%E0%A7%8D%E0%A6%AC%E0%A6%BE%E0%A6%B2%E0%A6%BE%E0%A6%A8%E0%A6%BF-%E0%A6%A4%E0%A7%87%E0%A6%B2%E0%A7%87%E0%A6%B0-%E0%A6%A6%E0%A6%BE%E0%A6%AE-%E0%A6%85%E0%A6%A8%E0%A7%87%E0%A6%95-%E0%A6%A6%E0%A7%87%E0%A6%B6%E0%A7%87%E0%A6%B0-%E0%A6%A4%E0%A7%81%E0%A6%B2%E0%A6%A8%E0%A6%BE%E0%A7%9F-%E0%A6%95%E0%A6%AE-%E0%A6%A4%E0%A6%A5%E0%A7%8D%E0%A6%AF%E0%A6%AE%E0%A6%A8%E0%A7%8D%E0%A6%A4%E0%A7%8D%E0%A6%B0%E0%A7%80,2022-08-06,মূল্যবৃদ্ধির পরও জ্বালানি তেলের দাম অনেক দেশের তুলনায় কম: তথ্যমন্ত্রী,2022,14,True,True,0,1,0,0,0,0,1,2,0,0,0,0,1,3,0,0
samakal:https://samakal.com/whole-country/article/125434/%E0%A6%9C%E0%A7%8D%E0%A6%AC%E0%A6%BE%E0%A6%B2%E0%A6%BE%E0%A6%A8%E0%A6%BF-%E0%A6%A4%E0%A7%87%E0%A6%B2%E0%A7%87%E0%A6%B0-%E0%A6%A6%E0%A6%BE%E0%A6%AE-%E0%A6%AC%E0%A6%BE%E0%A7%9C%E0%A6%BE%E0%A6%A8%E0%A7%8B%E0%A6%B0-%E0%A6%AA%E0%A7%8D%E0%A6%B0%E0%A6%A4%E0%A6%BF%E0%A6%AC%E0%A6%BE%E0%A6%A6%E0%A7%87-%E0%A6%A8%E0%A6%BE%E0%A6%9F%E0%A7%8B%E0%A6%B0%E0%A7%87-%E0%A6%AC%E0%A6%BF%E0%A6%8F%E0%A6%A8%E0%A6%AA%E0%A6%BF%E0%A6%B0-%E0%A6%AC%E0%A6%BF%E0%A6%95%E0%A7%8D%E0%A6%B7%E0%A7%8B%E0%A6%AD,samakal,bn,https://samakal.com/whole-country/article/125434/%E0%A6%9C%E0%A7%8D%E0%A6%AC%E0%A6%BE%E0%A6%B2%E0%A6%BE%E0%A6%A8%E0%A6%BF-%E0%A6%A4%E0%A7%87%E0%A6%B2%E0%A7%87%E0%A6%B0-%E0%A6%A6%E0%A6%BE%E0%A6%AE-%E0%A6%AC%E0%A6%BE%E0%A7%9C%E0%A6%BE%E0%A6%A8%E0%A7%8B%E0%A6%B0-%E0%A6%AA%E0%A7%8D%E0%A6%B0%E0%A6%A4%E0%A6%BF%E0%A6%AC%E0%A6%BE%E0%A6%A6%E0%A7%87-%E0%A6%A8%E0%A6%BE%E0%A6%9F%E0%A7%8B%E0%A6%B0%E0%A7%87-%E0%A6%AC%E0%A6%BF%E0%A6%8F%E0%A6%A8%E0%A6%AA%E0%A6%BF%E0%A6%B0-%E0%A6%AC%E0%A6%BF%E0%A6%95%E0%A7%8D%E0%A6%B7%E0%A7%8B%E0%A6%AD,2022-08-06,জ্বালানি তেলের দাম বাড়ানোর প্রতিবাদে নাটোরে বিএনপির বিক্ষোভ,2022,10,True,True,0,0,0,0,0,0,0,0,0,0,0,0,0,0,1,8
samakal:https://samakal.com/politics/article/125423/%E0%A6%9C%E0%A7%8D%E0%A6%AC%E0%A6%BE%E0%A6%B2%E0%A6%BE%E0%A6%A8%E0%A6%BF-%E0%A6%A4%E0%A7%87%E0%A6%B2-%E0%A6%93-%E0%A6%B8%E0%A6%BE%E0%A6%B0%E0%A7%87%E0%A6%B0-%E0%A6%AC%E0%A6%B0%E0%A7%8D%E0%A6%A7%E0%A6%BF%E0%A6%A4%E0%A6%AE%E0%A7%82%E0%A6%B2%E0%A7%8D%E0%A6%AF-%E0%A6%AA%E0%A7%8D%E0%A6%B0%E0%A6%A4%E0%A7%8D%E0%A6%AF%E0%A6%BE%E0%A6%B9%E0%A6%BE%E0%A6%B0%E0%A7%87%E0%A6%B0-%E0%A6%A6%E0%A6%BE%E0%A6%AC%E0%A6%BF%E0%A6%A4%E0%A7%87-%E0%A6%AE%E0%A6%BE%E0%A6%A8%E0%A6%AC%E0%A6%AC%E0%A6%A8%E0%A7%8D%E0%A6%A7%E0%A6%A8,samakal,bn,https://samakal.com/politics/article/125423/%E0%A6%9C%E0%A7%8D%E0%A6%AC%E0%A6%BE%E0%A6%B2%E0%A6%BE%E0%A6%A8%E0%A6%BF-%E0%A6%A4%E0%A7%87%E0%A6%B2-%E0%A6%93-%E0%A6%B8%E0%A6%BE%E0%A6%B0%E0%A7%87%E0%A6%B0-%E0%A6%AC%E0%A6%B0%E0%A7%8D%E0%A6%A7%E0%A6%BF%E0%A6%A4%E0%A6%AE%E0%A7%82%E0%A6%B2%E0%A7%8D%E0%A6%AF-%E0%A6%AA%E0%A7%8D%E0%A6%B0%E0%A6%A4%E0%A7%8D%E0%A6%AF%E0%A6%BE%E0%A6%B9%E0%A6%BE%E0%A6%B0%E0%A7%87%E0%A6%B0-%E0%A6%A6%E0%A6%BE%E0%A6%AC%E0%A6%BF%E0%A6%A4%E0%A7%87-%E0%A6%AE%E0%A6%BE%E0%A6%A8%E0%A6%AC%E0%A6%AC%E0%A6%A8%E0%A7%8D%E0%A6%A7%E0%A6%A8,2022-08-06,জ্বালানি তেল ও সারের বর্ধিতমূল্য প্রত্যাহারের দাবিতে মানববন্ধন,2022,5,True,True,0,0,0,0,0,1,0,0,0,0,0,0,0,0,1,6
samakal:https://samakal.com/international/article/125421/%E0%A6%87%E0%A6%89%E0%A6%95%E0%A7%8D%E0%A6%B0%E0%A7%87%E0%A6%A8-%E0%A6%AF%E0%A7%81%E0%A6%A6%E0%A7%8D%E0%A6%A7-%E0%A6%B6%E0%A7%81%E0%A6%B0%E0%A7%81%E0%A6%B0-%E0%A6%AA%E0%A6%B0-%E0%A6%AC%E0%A6%BF%E0%A6%B6%E0%A7%8D%E0%A6%AC%E0%A6%AC%E0%A6%BE%E0%A6%9C%E0%A6%BE%E0%A6%B0%E0%A7%87-%E0%A6%9C%E0%A7%8D%E0%A6%AC%E0%A6%BE%E0%A6%B2%E0%A6%BE%E0%A6%A8%E0%A6%BF-%E0%A6%A4%E0%A7%87%E0%A6%B2%E0%A7%87%E0%A6%B0-%E0%A6%A6%E0%A6%BE%E0%A6%AE-%E0%A6%B8%E0%A6%B0%E0%A7%8D%E0%A6%AC%E0%A6%A8%E0%A6%BF%E0%A6%AE%E0%A7%8D%E0%A6%A8,samakal,bn,https://samakal.com/international/article/125421/%E0%A6%87%E0%A6%89%E0%A6%95%E0%A7%8D%E0%A6%B0%E0%A7%87%E0%A6%A8-%E0%A6%AF%E0%A7%81%E0%A6%A6%E0%A7%8D%E0%A6%A7-%E0%A6%B6%E0%A7%81%E0%A6%B0%E0%A7%81%E0%A6%B0-%E0%A6%AA%E0%A6%B0-%E0%A6%AC%E0%A6%BF%E0%A6%B6%E0%A7%8D%E0%A6%AC%E0%A6%AC%E0%A6%BE%E0%A6%9C%E0%A6%BE%E0%A6%B0%E0%A7%87-%E0%A6%9C%E0%A7%8D%E0%A6%AC%E0%A6%BE%E0%A6%B2%E0%A6%BE%E0%A6%A8%E0%A6%BF-%E0%A6%A4%E0%A7%87%E0%A6%B2%E0%A7%87%E0%A6%B0-%E0%A6%A6%E0%A6%BE%E0%A6%AE-%E0%A6%B8%E0%A6%B0%E0%A7%8D%E0%A6%AC%E0%A6%A8%E0%A6%BF%E0%A6%AE%E0%A7%8D%E0%A6%A8,2022-08-06,ইউক্রেন যুদ্ধ শুরুর পর বিশ্ববাজারে জ্বালানি তেলের দাম সর্বনিম্ন,2022,6,True,True,1,4,0,0,0,0,0,0,0,0,0,0,0,0,0,0
samakal:https://samakal.com/economics/article/125719/%EF%BB%BF%E0%A6%9C%E0%A7%8D%E0%A6%AC%E0%A6%BE%E0%A6%B2%E0%A6%BE%E0%A6%A8%E0%A6%BF-%E0%A6%A4%E0%A7%87%E0%A6%B2%E0%A7%87%E0%A6%B0-%E0%A6%A6%E0%A6%BE%E0%A6%AE%E0%A6%AC%E0%A7%83%E0%A6%A6%E0%A7%8D%E0%A6%A7%E0%A6%BF%E0%A6%A4%E0%A7%87-%E0%A6%AE%E0%A7%82%E0%A6%B2%E0%A7%8D%E0%A6%AF%E0%A6%B8%E0%A7%8D%E0%A6%AB%E0%A7%80%E0%A6%A4%E0%A6%BF-%E0%A6%86%E0%A6%B0%E0%A6%93-%E0%A6%AC%E0%A6%BE%E0%A7%9C%E0%A6%AC%E0%A7%87-%E0%A6%A1%E0%A6%BF%E0%A6%B8%E0%A6%BF%E0%A6%B8%E0%A6%BF%E0%A6%86%E0%A6%87,samakal,bn,https://samakal.com/economics/article/125719/%EF%BB%BF%E0%A6%9C%E0%A7%8D%E0%A6%AC%E0%A6%BE%E0%A6%B2%E0%A6%BE%E0%A6%A8%E0%A6%BF-%E0%A6%A4%E0%A7%87%E0%A6%B2%E0%A7%87%E0%A6%B0-%E0%A6%A6%E0%A6%BE%E0%A6%AE%E0%A6%AC%E0%A7%83%E0%A6%A6%E0%A7%8D%E0%A6%A7%E0%A6%BF%E0%A6%A4%E0%A7%87-%E0%A6%AE%E0%A7%82%E0%A6%B2%E0%A7%8D%E0%A6%AF%E0%A6%B8%E0%A7%8D%E0%A6%AB%E0%A7%80%E0%A6%A4%E0%A6%BF-%E0%A6%86%E0%A6%B0%E0%A6%93-%E0%A6%AC%E0%A6%BE%E0%A7%9C%E0%A6%AC%E0%A7%87-%E0%A6%A1%E0%A6%BF%E0%A6%B8%E0%A6%BF%E0%A6%B8%E0%A6%BF%E0%A6%86%E0%A6%87,2022-08-07,জ্বালানি তেলের দামবৃদ্ধিতে মূল্যস্ফীতি আরও বাড়বে: ডিসিসিআই,2022,9,True,True,1,3,0,0,0,0,0,0,0,0,0,0,0,0,0,0
samakal:https://samakal.com/economics/article/125705/%E0%A6%A4%E0%A7%87%E0%A6%B2%E0%A7%87%E0%A6%B0-%E0%A6%A6%E0%A6%BE%E0%A6%AE%E0%A7%87-%E0%A6%AC%E0%A6%BE%E0%A6%9C%E0%A6%BE%E0%A6%B0%E0%A7%87-%E0%A6%B8%E0%A6%AC-%E0%A6%AA%E0%A6%A3%E0%A7%8D%E0%A6%AF-%E0%A6%86%E0%A6%B0%E0%A6%93-%E0%A6%A6%E0%A6%BE%E0%A6%AE%E0%A6%BF,samakal,bn,https://samakal.com/economics/article/125705/%E0%A6%A4%E0%A7%87%E0%A6%B2%E0%A7%87%E0%A6%B0-%E0%A6%A6%E0%A6%BE%E0%A6%AE%E0%A7%87-%E0%A6%AC%E0%A6%BE%E0%A6%9C%E0%A6%BE%E0%A6%B0%E0%A7%87-%E0%A6%B8%E0%A6%AC-%E0%A6%AA%E0%A6%A3%E0%A7%8D%E0%A6%AF-%E0%A6%86%E0%A6%B0%E0%A6%93-%E0%A6%A6%E0%A6%BE%E0%A6%AE%E0%A6%BF,2022-08-07,তেলের দামে বাজারে সব পণ্য আরও 'দামি',2022,6,True,True,0,0,0,0,0,0,0,0,1,2,0,0,0,0,0,0
samakal:https://samakal.com/bangladesh/article/125704/%E0%A6%86%E0%A6%AE%E0%A6%A6%E0%A6%BE%E0%A6%A8%E0%A6%BF%E0%A6%A4%E0%A7%87%E0%A6%87-%E0%A6%86%E0%A6%97%E0%A7%8D%E0%A6%B0%E0%A6%B9-%E0%A6%AC%E0%A6%BF%E0%A6%AA%E0%A6%BF%E0%A6%B8%E0%A6%BF%E0%A6%B0,samakal,bn,https://samakal.com/bangladesh/article/125704/%E0%A6%86%E0%A6%AE%E0%A6%A6%E0%A6%BE%E0%A6%A8%E0%A6%BF%E0%A6%A4%E0%A7%87%E0%A6%87-%E0%A6%86%E0%A6%97%E0%A7%8D%E0%A6%B0%E0%A6%B9-%E0%A6%AC%E0%A6%BF%E0%A6%AA%E0%A6%BF%E0%A6%B8%E0%A6%BF%E0%A6%B0,2022-08-07,আমদানিতেই আগ্রহ বিপিসির,2022,13,True,True,1,2,1,2,0,0,0,0,0,0,0,0,0,0,0,0
samakal:https://samakal.com/capital/article/125672/%E0%A6%B6%E0%A6%BE%E0%A6%B9%E0%A6%AC%E0%A6%BE%E0%A6%97%E0%A7%87-%E0%A6%9C%E0%A7%8D%E0%A6%AC%E0%A6%BE%E0%A6%B2%E0%A6%BE%E0%A6%A8%E0%A6%BF-%E0%A6%A4%E0%A7%87%E0%A6%B2%E0%A7%87%E0%A6%B0-%E0%A6%AE%E0%A7%82%E0%A6%B2%E0%A7%8D%E0%A6%AF%E0%A6%AC%E0%A7%83%E0%A6%A6%E0%A7%8D%E0%A6%A7%E0%A6%BF%E0%A6%B0-%E0%A6%AA%E0%A7%8D%E0%A6%B0%E0%A6%A4%E0%A6%BF%E0%A6%AC%E0%A6%BE%E0%A6%A6-%E0%A6%B8%E0%A6%AE%E0%A6%BE%E0%A6%AC%E0%A7%87%E0%A6%B6%E0%A7%87-%E0%A6%AA%E0%A7%81%E0%A6%B2%E0%A6%BF%E0%A6%B6%E0%A7%87%E0%A6%B0-%E0%A6%B2%E0%A6%BE%E0%A6%A0%E0%A6%BF%E0%A6%AA%E0%A7%87%E0%A6%9F%E0%A6%BE-%E0%A6%86%E0%A6%B9%E0%A6%A4-%E0%A7%A8%E0%A7%A6,samakal,bn,https://samakal.com/capital/article/125672/%E0%A6%B6%E0%A6%BE%E0%A6%B9%E0%A6%AC%E0%A6%BE%E0%A6%97%E0%A7%87-%E0%A6%9C%E0%A7%8D%E0%A6%AC%E0%A6%BE%E0%A6%B2%E0%A6%BE%E0%A6%A8%E0%A6%BF-%E0%A6%A4%E0%A7%87%E0%A6%B2%E0%A7%87%E0%A6%B0-%E0%A6%AE%E0%A7%82%E0%A6%B2%E0%A7%8D%E0%A6%AF%E0%A6%AC%E0%A7%83%E0%A6%A6%E0%A7%8D%E0%A6%A7%E0%A6%BF%E0%A6%B0-%E0%A6%AA%E0%A7%8D%E0%A6%B0%E0%A6%A4%E0%A6%BF%E0%A6%AC%E0%A6%BE%E0%A6%A6-%E0%A6%B8%E0%A6%AE%E0%A6%BE%E0%A6%AC%E0%A7%87%E0%A6%B6%E0%A7%87-%E0%A6%AA%E0%A7%81%E0%A6%B2%E0%A6%BF%E0%A6%B6%E0%A7%87%E0%A6%B0-%E0%A6%B2%E0%A6%BE%E0%A6%A0%E0%A6%BF%E0%A6%AA%E0%A7%87%E0%A6%9F%E0%A6%BE-%E0%A6%86%E0%A6%B9%E0%A6%A4-%E0%A7%A8%E0%A7%A6,2022-08-07,"শাহবাগে জ্বালানি তেলের মূল্যবৃদ্ধির প্রতিবাদ সমাবেশে পুলিশের লাঠিপেটা, আহত ২০",2022,4,True,True,0,0,0,0,0,0,0,0,0,0,0,0,0,0,1,25
samakal:https://samakal.com/economics/article/125663/%E0%A6%9C%E0%A7%8D%E0%A6%AC%E0%A6%BE%E0%A6%B2%E0%A6%BE%E0%A6%A8%E0%A6%BF-%E0%A6%A4%E0%A7%87%E0%A6%B2%E0%A7%87%E0%A6%B0-%E0%A6%AE%E0%A7%82%E0%A6%B2%E0%A7%8D%E0%A6%AF%E0%A6%AC%E0%A7%83%E0%A6%A6%E0%A7%8D%E0%A6%A7%E0%A6%BF%E0%A6%A4%E0%A7%87-%E0%A6%95%E0%A6%BF-%E0%A6%95%E0%A6%BF-%E0%A6%9A%E0%A7%8D%E0%A6%AF%E0%A6%BE%E0%A6%B2%E0%A7%87%E0%A6%9E%E0%A7%8D%E0%A6%9A-%E0%A6%A4%E0%A7%88%E0%A6%B0%E0%A6%BF-%E0%A6%B9%E0%A6%B2%E0%A7%8B,samakal,bn,https://samakal.com/economics/article/125663/%E0%A6%9C%E0%A7%8D%E0%A6%AC%E0%A6%BE%E0%A6%B2%E0%A6%BE%E0%A6%A8%E0%A6%BF-%E0%A6%A4%E0%A7%87%E0%A6%B2%E0%A7%87%E0%A6%B0-%E0%A6%AE%E0%A7%82%E0%A6%B2%E0%A7%8D%E0%A6%AF%E0%A6%AC%E0%A7%83%E0%A6%A6%E0%A7%8D%E0%A6%A7%E0%A6%BF%E0%A6%A4%E0%A7%87-%E0%A6%95%E0%A6%BF-%E0%A6%95%E0%A6%BF-%E0%A6%9A%E0%A7%8D%E0%A6%AF%E0%A6%BE%E0%A6%B2%E0%A7%87%E0%A6%9E%E0%A7%8D%E0%A6%9A-%E0%A6%A4%E0%A7%88%E0%A6%B0%E0%A6%BF-%E0%A6%B9%E0%A6%B2%E0%A7%8B,2022-08-07,জ্বালানি তেলের মূল্যবৃদ্ধিতে কি কি চ্যালেঞ্জ তৈরি হলো,2022,9,True,True,1,3,0,0,0,0,0,0,0,0,0,0,0,0,0,0
samakal:https://samakal.com/economics/article/125661/%E0%A6%95%E0%A6%AE-%E0%A6%A6%E0%A6%BE%E0%A6%AE%E0%A7%87%E0%A6%B0-%E0%A6%9C%E0%A7%8D%E0%A6%AC%E0%A6%BE%E0%A6%B2%E0%A6%BE%E0%A6%A8%E0%A6%BF-%E0%A6%A4%E0%A7%87%E0%A6%B2-%E0%A6%A6%E0%A7%87%E0%A6%B6%E0%A7%87-%E0%A6%8F%E0%A6%B2%E0%A7%87-%E0%A6%AD%E0%A7%8B%E0%A6%95%E0%A7%8D%E0%A6%A4%E0%A6%BE%E0%A6%B0%E0%A6%BE-%E0%A6%B8%E0%A7%81%E0%A6%AB%E0%A6%B2-%E0%A6%AA%E0%A6%BE%E0%A6%AC%E0%A7%87%E0%A6%A8-%E0%A6%85%E0%A6%B0%E0%A7%8D%E0%A6%A5%E0%A6%AE%E0%A6%A8%E0%A7%8D%E0%A6%A4%E0%A7%8D%E0%A6%B0%E0%A7%80,samakal,bn,https://samakal.com/economics/article/125661/%E0%A6%95%E0%A6%AE-%E0%A6%A6%E0%A6%BE%E0%A6%AE%E0%A7%87%E0%A6%B0-%E0%A6%9C%E0%A7%8D%E0%A6%AC%E0%A6%BE%E0%A6%B2%E0%A6%BE%E0%A6%A8%E0%A6%BF-%E0%A6%A4%E0%A7%87%E0%A6%B2-%E0%A6%A6%E0%A7%87%E0%A6%B6%E0%A7%87-%E0%A6%8F%E0%A6%B2%E0%A7%87-%E0%A6%AD%E0%A7%8B%E0%A6%95%E0%A7%8D%E0%A6%A4%E0%A6%BE%E0%A6%B0%E0%A6%BE-%E0%A6%B8%E0%A7%81%E0%A6%AB%E0%A6%B2-%E0%A6%AA%E0%A6%BE%E0%A6%AC%E0%A7%87%E0%A6%A8-%E0%A6%85%E0%A6%B0%E0%A7%8D%E0%A6%A5%E0%A6%AE%E0%A6%A8%E0%A7%8D%E0%A6%A4%E0%A7%8D%E0%A6%B0%E0%A7%80,2022-08-07,কম দামে জ্বালানি তেল দেশে এলে ভোক্তারা সুফল পাবেন: অর্থমন্ত্রী,2022,2,True,True,0,1,0,0,0,0,0,0,0,0,0,0,0,0,0,0
samakal:https://samakal.com/whole-country/article/125659/%E0%A6%9C%E0%A7%8D%E0%A6%AC%E0%A6%BE%E0%A6%B2%E0%A6%BE%E0%A6%A8%E0%A6%BF-%E0%A6%A4%E0%A7%87%E0%A6%B2%E0%A7%87%E0%A6%B0-%E0%A6%A6%E0%A6%BE%E0%A6%AE-%E0%A6%AC%E0%A7%83%E0%A6%A6%E0%A7%8D%E0%A6%A7%E0%A6%BF%E0%A6%B0-%E0%A6%AA%E0%A7%8D%E0%A6%B0%E0%A6%A4%E0%A6%BF%E0%A6%AC%E0%A6%BE%E0%A6%A6%E0%A7%87-%E0%A6%B0%E0%A6%BE%E0%A6%AC%E0%A6%BF%E0%A6%A4%E0%A7%87-%E0%A6%AE%E0%A6%B6%E0%A6%BE%E0%A6%B2-%E0%A6%AE%E0%A6%BF%E0%A6%9B%E0%A6%BF%E0%A6%B2,samakal,bn,https://samakal.com/whole-country/article/125659/%E0%A6%9C%E0%A7%8D%E0%A6%AC%E0%A6%BE%E0%A6%B2%E0%A6%BE%E0%A6%A8%E0%A6%BF-%E0%A6%A4%E0%A7%87%E0%A6%B2%E0%A7%87%E0%A6%B0-%E0%A6%A6%E0%A6%BE%E0%A6%AE-%E0%A6%AC%E0%A7%83%E0%A6%A6%E0%A7%8D%E0%A6%A7%E0%A6%BF%E0%A6%B0-%E0%A6%AA%E0%A7%8D%E0%A6%B0%E0%A6%A4%E0%A6%BF%E0%A6%AC%E0%A6%BE%E0%A6%A6%E0%A7%87-%E0%A6%B0%E0%A6%BE%E0%A6%AC%E0%A6%BF%E0%A6%A4%E0%A7%87-%E0%A6%AE%E0%A6%B6%E0%A6%BE%E0%A6%B2-%E0%A6%AE%E0%A6%BF%E0%A6%9B%E0%A6%BF%E0%A6%B2,2022-08-07,জ্বালানি তেলের দাম বৃদ্ধির প্রতিবাদে রাবিতে মশাল মিছিল,2022,10,True,True,0,0,1,2,0,0,0,1,0,1,0,0,0,0,1,9
samakal:https://samakal.com/whole-country/article/125643/%E0%A6%96%E0%A7%81%E0%A6%B2%E0%A6%A8%E0%A6%BE%E0%A6%AF%E0%A6%BC-%E0%A6%9C%E0%A7%8D%E0%A6%AC%E0%A6%BE%E0%A6%B2%E0%A6%BE%E0%A6%A8%E0%A6%BF-%E0%A6%A4%E0%A7%87%E0%A6%B2-%E0%A6%AC%E0%A7%8D%E0%A6%AF%E0%A6%AC%E0%A6%B8%E0%A6%BE%E0%A6%AF%E0%A6%BC%E0%A7%80%E0%A6%A6%E0%A7%87%E0%A6%B0-%E0%A6%A7%E0%A6%B0%E0%A7%8D%E0%A6%AE%E0%A6%98%E0%A6%9F-%E0%A6%B8%E0%A7%8D%E0%A6%A5%E0%A6%97%E0%A6%BF%E0%A6%A4,samakal,bn,https://samakal.com/whole-country/article/125643/%E0%A6%96%E0%A7%81%E0%A6%B2%E0%A6%A8%E0%A6%BE%E0%A6%AF%E0%A6%BC-%E0%A6%9C%E0%A7%8D%E0%A6%AC%E0%A6%BE%E0%A6%B2%E0%A6%BE%E0%A6%A8%E0%A6%BF-%E0%A6%A4%E0%A7%87%E0%A6%B2-%E0%A6%AC%E0%A7%8D%E0%A6%AF%E0%A6%AC%E0%A6%B8%E0%A6%BE%E0%A6%AF%E0%A6%BC%E0%A7%80%E0%A6%A6%E0%A7%87%E0%A6%B0-%E0%A6%A7%E0%A6%B0%E0%A7%8D%E0%A6%AE%E0%A6%98%E0%A6%9F-%E0%A6%B8%E0%A7%8D%E0%A6%A5%E0%A6%97%E0%A6%BF%E0%A6%A4,2022-08-07,খুলনায় জ্বালানি তেল ব্যবসায়ীদের ধর্মঘট স্থগিত,2022,9,True,True,0,0,0,0,0,0,0,0,0,0,0,0,0,0,1,3
samakal:https://samakal.com/bangladesh/article/125612/%E0%A6%9C%E0%A7%8D%E0%A6%AC%E0%A6%BE%E0%A6%B2%E0%A6%BE%E0%A6%A8%E0%A6%BF-%E0%A6%A4%E0%A7%87%E0%A6%B2%E0%A7%87%E0%A6%B0-%E0%A6%AE%E0%A7%82%E0%A6%B2%E0%A7%8D%E0%A6%AF%E0%A6%AC%E0%A7%83%E0%A6%A6%E0%A7%8D%E0%A6%A7%E0%A6%BF%E0%A6%A4%E0%A7%87-%E0%A6%B8%E0%A6%AE%E0%A7%8D%E0%A6%AE%E0%A6%BF%E0%A6%B2%E0%A6%BF%E0%A6%A4-%E0%A6%B8%E0%A6%BE%E0%A6%AE%E0%A6%BE%E0%A6%9C%E0%A6%BF%E0%A6%95-%E0%A6%86%E0%A6%A8%E0%A7%8D%E0%A6%A6%E0%A7%8B%E0%A6%B2%E0%A6%A8%E0%A7%87%E0%A6%B0-%E0%A6%AF%E0%A7%8C%E0%A6%A5-%E0%A6%AC%E0%A6%BF%E0%A6%AC%E0%A7%83%E0%A6%A4%E0%A6%BF,samakal,bn,https://samakal.com/bangladesh/article/125612/%E0%A6%9C%E0%A7%8D%E0%A6%AC%E0%A6%BE%E0%A6%B2%E0%A6%BE%E0%A6%A8%E0%A6%BF-%E0%A6%A4%E0%A7%87%E0%A6%B2%E0%A7%87%E0%A6%B0-%E0%A6%AE%E0%A7%82%E0%A6%B2%E0%A7%8D%E0%A6%AF%E0%A6%AC%E0%A7%83%E0%A6%A6%E0%A7%8D%E0%A6%A7%E0%A6%BF%E0%A6%A4%E0%A7%87-%E0%A6%B8%E0%A6%AE%E0%A7%8D%E0%A6%AE%E0%A6%BF%E0%A6%B2%E0%A6%BF%E0%A6%A4-%E0%A6%B8%E0%A6%BE%E0%A6%AE%E0%A6%BE%E0%A6%9C%E0%A6%BF%E0%A6%95-%E0%A6%86%E0%A6%A8%E0%A7%8D%E0%A6%A6%E0%A7%8B%E0%A6%B2%E0%A6%A8%E0%A7%87%E0%A6%B0-%E0%A6%AF%E0%A7%8C%E0%A6%A5-%E0%A6%AC%E0%A6%BF%E0%A6%AC%E0%A7%83%E0%A6%A4%E0%A6%BF,2022-08-07,জ্বালানি তেলের মূল্যবৃদ্ধিতে সম্মিলিত সামাজিক আন্দোলনের যৌথ বিবৃতি,2022,10,True,True,1,4,0,0,0,0,0,0,0,1,0,0,0,0,1,2
samakal:https://samakal.com/politics/article/125608/%E0%A6%9C%E0%A7%8D%E0%A6%AC%E0%A6%BE%E0%A6%B2%E0%A6%BE%E0%A6%A8%E0%A6%BF%E0%A6%B0-%E0%A6%A6%E0%A6%BE%E0%A6%AE-%E0%A6%A8%E0%A6%BF%E0%A6%AF%E0%A6%BC%E0%A7%87-%E0%A6%A4%E0%A6%A5%E0%A7%8D%E0%A6%AF-%E0%A6%AC%E0%A6%BF%E0%A6%95%E0%A7%83%E0%A6%A4%E0%A6%BF-%E0%A6%95%E0%A6%B0%E0%A6%9B%E0%A7%87%E0%A6%A8-%E0%A6%A4%E0%A6%A5%E0%A7%8D%E0%A6%AF%E0%A6%AE%E0%A6%A8%E0%A7%8D%E0%A6%A4%E0%A7%8D%E0%A6%B0%E0%A7%80-%E0%A6%A8%E0%A6%9C%E0%A6%B0%E0%A7%81%E0%A6%B2-%E0%A6%87%E0%A6%B8%E0%A6%B2%E0%A6%BE%E0%A6%AE-%E0%A6%96%E0%A6%BE%E0%A6%A8,samakal,bn,https://samakal.com/politics/article/125608/%E0%A6%9C%E0%A7%8D%E0%A6%AC%E0%A6%BE%E0%A6%B2%E0%A6%BE%E0%A6%A8%E0%A6%BF%E0%A6%B0-%E0%A6%A6%E0%A6%BE%E0%A6%AE-%E0%A6%A8%E0%A6%BF%E0%A6%AF%E0%A6%BC%E0%A7%87-%E0%A6%A4%E0%A6%A5%E0%A7%8D%E0%A6%AF-%E0%A6%AC%E0%A6%BF%E0%A6%95%E0%A7%83%E0%A6%A4%E0%A6%BF-%E0%A6%95%E0%A6%B0%E0%A6%9B%E0%A7%87%E0%A6%A8-%E0%A6%A4%E0%A6%A5%E0%A7%8D%E0%A6%AF%E0%A6%AE%E0%A6%A8%E0%A7%8D%E0%A6%A4%E0%A7%8D%E0%A6%B0%E0%A7%80-%E0%A6%A8%E0%A6%9C%E0%A6%B0%E0%A7%81%E0%A6%B2-%E0%A6%87%E0%A6%B8%E0%A6%B2%E0%A6%BE%E0%A6%AE-%E0%A6%96%E0%A6%BE%E0%A6%A8,2022-08-07,জ্বালানির দাম নিয়ে তথ্য বিকৃতি করছেন তথ্যমন্ত্রী: নজরুল ইসলাম খান,2022,6,True,True,0,0,0,0,1,2,0,0,0,1,0,0,0,0,0,0
samakal:https://samakal.com/whole-country/article/125600/%E0%A6%9C%E0%A7%8D%E0%A6%AC%E0%A6%BE%E0%A6%B2%E0%A6%BE%E0%A6%A8%E0%A6%BF-%E0%A6%A4%E0%A7%87%E0%A6%B2%E0%A7%87%E0%A6%B0-%E0%A6%A6%E0%A6%BE%E0%A6%AE%E0%A6%AC%E0%A7%83%E0%A6%A6%E0%A7%8D%E0%A6%A7%E0%A6%BF%E0%A6%A4%E0%A7%87-%E0%A6%95%E0%A7%83%E0%A6%B7%E0%A6%BF%E0%A6%A4%E0%A7%87-%E0%A6%AA%E0%A7%8D%E0%A6%B0%E0%A6%AD%E0%A6%BE%E0%A6%AC-%E0%A6%AA%E0%A6%A1%E0%A6%BC%E0%A6%AC%E0%A7%87-%E0%A6%A8%E0%A6%BE-%E0%A6%95%E0%A7%83%E0%A6%B7%E0%A6%BF%E0%A6%AE%E0%A6%A8%E0%A7%8D%E0%A6%A4%E0%A7%8D%E0%A6%B0%E0%A7%80,samakal,bn,https://samakal.com/whole-country/article/125600/%E0%A6%9C%E0%A7%8D%E0%A6%AC%E0%A6%BE%E0%A6%B2%E0%A6%BE%E0%A6%A8%E0%A6%BF-%E0%A6%A4%E0%A7%87%E0%A6%B2%E0%A7%87%E0%A6%B0-%E0%A6%A6%E0%A6%BE%E0%A6%AE%E0%A6%AC%E0%A7%83%E0%A6%A6%E0%A7%8D%E0%A6%A7%E0%A6%BF%E0%A6%A4%E0%A7%87-%E0%A6%95%E0%A7%83%E0%A6%B7%E0%A6%BF%E0%A6%A4%E0%A7%87-%E0%A6%AA%E0%A7%8D%E0%A6%B0%E0%A6%AD%E0%A6%BE%E0%A6%AC-%E0%A6%AA%E0%A6%A1%E0%A6%BC%E0%A6%AC%E0%A7%87-%E0%A6%A8%E0%A6%BE-%E0%A6%95%E0%A7%83%E0%A6%B7%E0%A6%BF%E0%A6%AE%E0%A6%A8%E0%A7%8D%E0%A6%A4%E0%A7%8D%E0%A6%B0%E0%A7%80,2022-08-07,জ্বালানি তেলের দামবৃদ্ধিতে কৃষিতে প্রভাব পড়বে না: কৃষিমন্ত্রী,2022,5,True,True,1,2,0,0,0,0,0,0,0,0,0,0,0,1,0,0
samakal:https://samakal.com/politics/article/125599/%E0%A6%9C%E0%A7%8D%E0%A6%AC%E0%A6%BE%E0%A6%B2%E0%A6%BE%E0%A6%A8%E0%A6%BF-%E0%A6%A4%E0%A7%87%E0%A6%B2%E0%A7%87%E0%A6%B0-%E0%A6%AE%E0%A7%82%E0%A6%B2%E0%A7%8D%E0%A6%AF%E0%A6%AC%E0%A7%83%E0%A6%A6%E0%A7%8D%E0%A6%A7%E0%A6%BF%E0%A6%B0-%E0%A6%AA%E0%A7%8D%E0%A6%B0%E0%A6%A4%E0%A6%BF%E0%A6%AC%E0%A6%BE%E0%A6%A6%E0%A7%87-%E0%A6%9C%E0%A6%BE%E0%A6%A4%E0%A7%80%E0%A7%9F-%E0%A6%AA%E0%A6%BE%E0%A6%B0%E0%A7%8D%E0%A6%9F%E0%A6%BF%E0%A6%B0-%E0%A7%A8-%E0%A6%A6%E0%A6%BF%E0%A6%A8%E0%A7%87%E0%A6%B0-%E0%A6%95%E0%A6%B0%E0%A7%8D%E0%A6%AE%E0%A6%B8%E0%A7%82%E0%A6%9A%E0%A6%BF,samakal,bn,https://samakal.com/politics/article/125599/%E0%A6%9C%E0%A7%8D%E0%A6%AC%E0%A6%BE%E0%A6%B2%E0%A6%BE%E0%A6%A8%E0%A6%BF-%E0%A6%A4%E0%A7%87%E0%A6%B2%E0%A7%87%E0%A6%B0-%E0%A6%AE%E0%A7%82%E0%A6%B2%E0%A7%8D%E0%A6%AF%E0%A6%AC%E0%A7%83%E0%A6%A6%E0%A7%8D%E0%A6%A7%E0%A6%BF%E0%A6%B0-%E0%A6%AA%E0%A7%8D%E0%A6%B0%E0%A6%A4%E0%A6%BF%E0%A6%AC%E0%A6%BE%E0%A6%A6%E0%A7%87-%E0%A6%9C%E0%A6%BE%E0%A6%A4%E0%A7%80%E0%A7%9F-%E0%A6%AA%E0%A6%BE%E0%A6%B0%E0%A7%8D%E0%A6%9F%E0%A6%BF%E0%A6%B0-%E0%A7%A8-%E0%A6%A6%E0%A6%BF%E0%A6%A8%E0%A7%87%E0%A6%B0-%E0%A6%95%E0%A6%B0%E0%A7%8D%E0%A6%AE%E0%A6%B8%E0%A7%82%E0%A6%9A%E0%A6%BF,2022-08-07,জ্বালানি তেলের মূল্যবৃদ্ধির প্রতিবাদে জাতীয় পার্টির ২ দিনের কর্মসূচি,2022,2,True,True,0,0,0,0,0,0,0,0,0,0,0,0,0,0,1,11
samakal:https://samakal.com/bangladesh/article/125593/%E0%A6%A1%E0%A6%B2%E0%A6%BE%E0%A6%B0%E0%A7%87%E0%A6%B0-%E0%A6%AE%E0%A7%82%E0%A6%B2%E0%A7%8D%E0%A6%AF-%E0%A6%AC%E0%A7%83%E0%A6%A6%E0%A7%8D%E0%A6%A7%E0%A6%BF-%E0%A6%B8%E0%A7%9F%E0%A6%BE%E0%A6%AC%E0%A6%BF%E0%A6%A8-%E0%A6%A4%E0%A7%87%E0%A6%B2%E0%A7%87%E0%A6%B0-%E0%A6%A6%E0%A6%BE%E0%A6%AE-%E0%A6%B2%E0%A6%BF%E0%A6%9F%E0%A6%BE%E0%A6%B0%E0%A7%87-%E0%A7%A8%E0%A7%A6-%E0%A6%9F%E0%A6%BE%E0%A6%95%E0%A6%BE-%E0%A6%AC%E0%A6%BE%E0%A7%9C%E0%A6%BE%E0%A6%A8%E0%A7%8B%E0%A6%B0-%E0%A6%AA%E0%A7%8D%E0%A6%B0%E0%A6%B8%E0%A7%8D%E0%A6%A4%E0%A6%BE%E0%A6%AC,samakal,bn,https://samakal.com/bangladesh/article/125593/%E0%A6%A1%E0%A6%B2%E0%A6%BE%E0%A6%B0%E0%A7%87%E0%A6%B0-%E0%A6%AE%E0%A7%82%E0%A6%B2%E0%A7%8D%E0%A6%AF-%E0%A6%AC%E0%A7%83%E0%A6%A6%E0%A7%8D%E0%A6%A7%E0%A6%BF-%E0%A6%B8%E0%A7%9F%E0%A6%BE%E0%A6%AC%E0%A6%BF%E0%A6%A8-%E0%A6%A4%E0%A7%87%E0%A6%B2%E0%A7%87%E0%A6%B0-%E0%A6%A6%E0%A6%BE%E0%A6%AE-%E0%A6%B2%E0%A6%BF%E0%A6%9F%E0%A6%BE%E0%A6%B0%E0%A7%87-%E0%A7%A8%E0%A7%A6-%E0%A6%9F%E0%A6%BE%E0%A6%95%E0%A6%BE-%E0%A6%AC%E0%A6%BE%E0%A7%9C%E0%A6%BE%E0%A6%A8%E0%A7%8B%E0%A6%B0-%E0%A6%AA%E0%A7%8D%E0%A6%B0%E0%A6%B8%E0%A7%8D%E0%A6%A4%E0%A6%BE%E0%A6%AC,2022-08-07,ডলারের মূল্য বৃদ্ধি: সয়াবিন তেলের দাম লিটারে ২০ টাকা বাড়ানোর প্রস্তাব,2022,3,True,True,0,1,0,0,0,0,0,0,0,0,0,0,0,0,0,0
samakal:https://samakal.com/editorial/article/125873/%E0%A6%9C%E0%A7%8D%E0%A6%AC%E0%A6%BE%E0%A6%B2%E0%A6%BE%E0%A6%A8%E0%A6%BF-%E0%A6%A4%E0%A7%87%E0%A6%B2%E0%A7%87%E0%A6%B0-%E0%A6%AE%E0%A7%82%E0%A6%B2%E0%A7%8D%E0%A6%AF%E0%A6%AC%E0%A7%83%E0%A6%A6%E0%A7%8D%E0%A6%A7%E0%A6%BF%E0%A6%B0-%E0%A6%AF%E0%A7%87%E0%A6%B8%E0%A6%AC-%E0%A6%AC%E0%A6%BF%E0%A6%95%E0%A6%B2%E0%A7%8D%E0%A6%AA-%E0%A6%9B%E0%A6%BF%E0%A6%B2,samakal,bn,https://samakal.com/editorial/article/125873/%E0%A6%9C%E0%A7%8D%E0%A6%AC%E0%A6%BE%E0%A6%B2%E0%A6%BE%E0%A6%A8%E0%A6%BF-%E0%A6%A4%E0%A7%87%E0%A6%B2%E0%A7%87%E0%A6%B0-%E0%A6%AE%E0%A7%82%E0%A6%B2%E0%A7%8D%E0%A6%AF%E0%A6%AC%E0%A7%83%E0%A6%A6%E0%A7%8D%E0%A6%A7%E0%A6%BF%E0%A6%B0-%E0%A6%AF%E0%A7%87%E0%A6%B8%E0%A6%AC-%E0%A6%AC%E0%A6%BF%E0%A6%95%E0%A6%B2%E0%A7%8D%E0%A6%AA-%E0%A6%9B%E0%A6%BF%E0%A6%B2,2022-08-08,জ্বালানি তেলের মূল্যবৃদ্ধির যেসব বিকল্প ছিল,2022,1,True,True,0,0,0,0,0,0,0,0,0,0,0,0,0,0,0,0
samakal:https://samakal.com/capital/article/125859/%E0%A7%AA%E0%A7%AE-%E0%A6%98%E0%A6%A3%E0%A7%8D%E0%A6%9F%E0%A6%BE%E0%A6%B0-%E0%A6%AE%E0%A6%A7%E0%A7%8D%E0%A6%AF%E0%A7%87-%E0%A6%9C%E0%A7%8D%E0%A6%AC%E0%A6%BE%E0%A6%B2%E0%A6%BE%E0%A6%A8%E0%A6%BF-%E0%A6%A4%E0%A7%87%E0%A6%B2%E0%A7%87%E0%A6%B0-%E0%A6%A6%E0%A6%BE%E0%A6%AE-%E0%A6%95%E0%A6%AE%E0%A6%BE%E0%A6%A8%E0%A7%8B%E0%A6%B0-%E0%A6%A6%E0%A6%BE%E0%A6%AC%E0%A6%BF,samakal,bn,https://samakal.com/capital/article/125859/%E0%A7%AA%E0%A7%AE-%E0%A6%98%E0%A6%A3%E0%A7%8D%E0%A6%9F%E0%A6%BE%E0%A6%B0-%E0%A6%AE%E0%A6%A7%E0%A7%8D%E0%A6%AF%E0%A7%87-%E0%A6%9C%E0%A7%8D%E0%A6%AC%E0%A6%BE%E0%A6%B2%E0%A6%BE%E0%A6%A8%E0%A6%BF-%E0%A6%A4%E0%A7%87%E0%A6%B2%E0%A7%87%E0%A6%B0-%E0%A6%A6%E0%A6%BE%E0%A6%AE-%E0%A6%95%E0%A6%AE%E0%A6%BE%E0%A6%A8%E0%A7%8B%E0%A6%B0-%E0%A6%A6%E0%A6%BE%E0%A6%AC%E0%A6%BF,2022-08-08,৪৮ ঘণ্টার মধ্যে জ্বালানি তেলের দাম কমানোর দাবি,2022,4,True,True,0,0,0,0,0,0,0,0,0,0,0,0,0,0,1,5
samakal:https://samakal.com/whole-country/article/125842/%E0%A6%9C%E0%A7%8D%E0%A6%AC%E0%A6%BE%E0%A6%B2%E0%A6%BE%E0%A6%A8%E0%A6%BF-%E0%A6%A4%E0%A7%87%E0%A6%B2%E0%A7%87%E0%A6%B0-%E0%A6%AE%E0%A7%82%E0%A6%B2%E0%A7%8D%E0%A6%AF-%E0%A6%AC%E0%A7%83%E0%A6%A6%E0%A7%8D%E0%A6%A7%E0%A6%BF%E0%A6%B0-%E0%A6%AA%E0%A7%8D%E0%A6%B0%E0%A6%A4%E0%A6%BF%E0%A6%AC%E0%A6%BE%E0%A6%A6%E0%A7%87-%E0%A6%B0%E0%A6%BE%E0%A6%AC%E0%A6%BF%E0%A6%A4%E0%A7%87-%E0%A6%AE%E0%A6%B6%E0%A6%BE%E0%A6%B2-%E0%A6%AE%E0%A6%BF%E0%A6%9B%E0%A6%BF%E0%A6%B2,samakal,bn,https://samakal.com/whole-country/article/125842/%E0%A6%9C%E0%A7%8D%E0%A6%AC%E0%A6%BE%E0%A6%B2%E0%A6%BE%E0%A6%A8%E0%A6%BF-%E0%A6%A4%E0%A7%87%E0%A6%B2%E0%A7%87%E0%A6%B0-%E0%A6%AE%E0%A7%82%E0%A6%B2%E0%A7%8D%E0%A6%AF-%E0%A6%AC%E0%A7%83%E0%A6%A6%E0%A7%8D%E0%A6%A7%E0%A6%BF%E0%A6%B0-%E0%A6%AA%E0%A7%8D%E0%A6%B0%E0%A6%A4%E0%A6%BF%E0%A6%AC%E0%A6%BE%E0%A6%A6%E0%A7%87-%E0%A6%B0%E0%A6%BE%E0%A6%AC%E0%A6%BF%E0%A6%A4%E0%A7%87-%E0%A6%AE%E0%A6%B6%E0%A6%BE%E0%A6%B2-%E0%A6%AE%E0%A6%BF%E0%A6%9B%E0%A6%BF%E0%A6%B2,2022-08-08,জ্বালানি তেলের মূল্য বৃদ্ধির প্রতিবাদে রাবিতে মশাল মিছিল,2022,10,True,True,0,1,0,0,1,2,1,2,0,0,0,0,0,0,1,8
samakal:https://samakal.com/capital/article/125795/%E0%A6%A4%E0%A7%87%E0%A6%B2%E0%A7%87%E0%A6%B0-%E0%A6%A6%E0%A6%BE%E0%A6%AE-%E0%A6%AC%E0%A7%83%E0%A6%A6%E0%A7%8D%E0%A6%A7%E0%A6%BF%E0%A6%B0-%E0%A6%AA%E0%A7%8D%E0%A6%B0%E0%A6%A4%E0%A6%BF%E0%A6%AC%E0%A6%BE%E0%A6%A6-%E0%A6%B8%E0%A6%AE%E0%A6%BE%E0%A6%AC%E0%A7%87%E0%A6%B6%E0%A7%87-%E0%A6%B2%E0%A6%BE%E0%A6%A0%E0%A6%BF%E0%A6%AA%E0%A7%87%E0%A6%9F%E0%A6%BE%E0%A6%B0-%E0%A6%AA%E0%A6%B0-%E0%A6%AA%E0%A7%81%E0%A6%B2%E0%A6%BF%E0%A6%B6%E0%A7%87%E0%A6%B0-%E0%A6%AE%E0%A6%BE%E0%A6%AE%E0%A6%B2%E0%A6%BE,samakal,bn,https://samakal.com/capital/article/125795/%E0%A6%A4%E0%A7%87%E0%A6%B2%E0%A7%87%E0%A6%B0-%E0%A6%A6%E0%A6%BE%E0%A6%AE-%E0%A6%AC%E0%A7%83%E0%A6%A6%E0%A7%8D%E0%A6%A7%E0%A6%BF%E0%A6%B0-%E0%A6%AA%E0%A7%8D%E0%A6%B0%E0%A6%A4%E0%A6%BF%E0%A6%AC%E0%A6%BE%E0%A6%A6-%E0%A6%B8%E0%A6%AE%E0%A6%BE%E0%A6%AC%E0%A7%87%E0%A6%B6%E0%A7%87-%E0%A6%B2%E0%A6%BE%E0%A6%A0%E0%A6%BF%E0%A6%AA%E0%A7%87%E0%A6%9F%E0%A6%BE%E0%A6%B0-%E0%A6%AA%E0%A6%B0-%E0%A6%AA%E0%A7%81%E0%A6%B2%E0%A6%BF%E0%A6%B6%E0%A7%87%E0%A6%B0-%E0%A6%AE%E0%A6%BE%E0%A6%AE%E0%A6%B2%E0%A6%BE,2022-08-08,তেলের দাম বৃদ্ধির প্রতিবাদ সমাবেশে লাঠিপেটার ঘটনায় পুলিশের মামলা,2022,2,True,True,0,0,0,0,0,0,0,0,0,0,0,0,0,0,1,6
samakal:https://samakal.com/bangladesh/article/125753/%E0%A6%9C%E0%A7%8D%E0%A6%AC%E0%A6%BE%E0%A6%B2%E0%A6%BE%E0%A6%A8%E0%A6%BF-%E0%A6%A4%E0%A7%87%E0%A6%B2%E0%A7%87%E0%A6%B0-%E0%A6%AE%E0%A7%82%E0%A6%B2%E0%A7%8D%E0%A6%AF%E0%A6%AC%E0%A7%83%E0%A6%A6%E0%A7%8D%E0%A6%A7%E0%A6%BF%E0%A6%95%E0%A7%87-%E0%A6%9A%E0%A7%8D%E0%A6%AF%E0%A6%BE%E0%A6%B2%E0%A7%87%E0%A6%9E%E0%A7%8D%E0%A6%9C-%E0%A6%95%E0%A6%B0%E0%A7%87-%E0%A6%B9%E0%A6%BE%E0%A6%87%E0%A6%95%E0%A7%8B%E0%A6%B0%E0%A7%8D%E0%A6%9F%E0%A7%87-%E0%A6%B0%E0%A6%BF%E0%A6%9F,samakal,bn,https://samakal.com/bangladesh/article/125753/%E0%A6%9C%E0%A7%8D%E0%A6%AC%E0%A6%BE%E0%A6%B2%E0%A6%BE%E0%A6%A8%E0%A6%BF-%E0%A6%A4%E0%A7%87%E0%A6%B2%E0%A7%87%E0%A6%B0-%E0%A6%AE%E0%A7%82%E0%A6%B2%E0%A7%8D%E0%A6%AF%E0%A6%AC%E0%A7%83%E0%A6%A6%E0%A7%8D%E0%A6%A7%E0%A6%BF%E0%A6%95%E0%A7%87-%E0%A6%9A%E0%A7%8D%E0%A6%AF%E0%A6%BE%E0%A6%B2%E0%A7%87%E0%A6%9E%E0%A7%8D%E0%A6%9C-%E0%A6%95%E0%A6%B0%E0%A7%87-%E0%A6%B9%E0%A6%BE%E0%A6%87%E0%A6%95%E0%A7%8B%E0%A6%B0%E0%A7%8D%E0%A6%9F%E0%A7%87-%E0%A6%B0%E0%A6%BF%E0%A6%9F,2022-08-08,জ্বালানি তেলের মূল্যবৃদ্ধিকে চ্যালেঞ্জ করে রিট হাইকোর্টে,2022,8,True,True,1,2,0,0,0,0,0,0,0,0,0,0,0,0,0,0
samakal:https://samakal.com/whole-country/article/125973/%E0%A6%97%E0%A7%8B%E0%A6%A1%E0%A6%BE%E0%A6%89%E0%A6%A8%E0%A7%87-%E0%A6%AA%E0%A6%BE%E0%A6%93%E0%A7%9F%E0%A6%BE-%E0%A6%AA%E0%A7%8D%E0%A6%B0%E0%A6%BE%E0%A7%9F-%E0%A7%A7%E0%A7%A8-%E0%A6%B9%E0%A6%BE%E0%A6%9C%E0%A6%BE%E0%A6%B0-%E0%A6%B2%E0%A6%BF%E0%A6%9F%E0%A6%BE%E0%A6%B0-%E0%A6%A1%E0%A6%BF%E0%A6%9C%E0%A7%87%E0%A6%B2%E0%A6%AA%E0%A7%87%E0%A6%9F%E0%A7%8D%E0%A6%B0%E0%A6%B2-%E0%A7%A7%E0%A7%A8-%E0%A6%B2%E0%A6%BE%E0%A6%96-%E0%A6%9F%E0%A6%BE%E0%A6%95%E0%A6%BE%E0%A7%9F-%E0%A6%AC%E0%A6%BF%E0%A6%95%E0%A7%8D%E0%A6%B0%E0%A6%BF,samakal,bn,https://samakal.com/whole-country/article/125973/%E0%A6%97%E0%A7%8B%E0%A6%A1%E0%A6%BE%E0%A6%89%E0%A6%A8%E0%A7%87-%E0%A6%AA%E0%A6%BE%E0%A6%93%E0%A7%9F%E0%A6%BE-%E0%A6%AA%E0%A7%8D%E0%A6%B0%E0%A6%BE%E0%A7%9F-%E0%A7%A7%E0%A7%A8-%E0%A6%B9%E0%A6%BE%E0%A6%9C%E0%A6%BE%E0%A6%B0-%E0%A6%B2%E0%A6%BF%E0%A6%9F%E0%A6%BE%E0%A6%B0-%E0%A6%A1%E0%A6%BF%E0%A6%9C%E0%A7%87%E0%A6%B2%E0%A6%AA%E0%A7%87%E0%A6%9F%E0%A7%8D%E0%A6%B0%E0%A6%B2-%E0%A7%A7%E0%A7%A8-%E0%A6%B2%E0%A6%BE%E0%A6%96-%E0%A6%9F%E0%A6%BE%E0%A6%95%E0%A6%BE%E0%A7%9F-%E0%A6%AC%E0%A6%BF%E0%A6%95%E0%A7%8D%E0%A6%B0%E0%A6%BF,2022-08-09,গোডাউনে পাওয়া প্রায় ১২ হাজার লিটার ডিজেল-পেট্রল ১২ লাখ টাকায় বিক্রি,2022,6,True,True,0,0,0,0,0,0,0,0,0,0,0,0,0,0,0,0
samakal:https://samakal.com/economics/article/126147/%E0%A6%AA%E0%A7%8D%E0%A6%B0%E0%A6%B8%E0%A7%8D%E0%A6%A4%E0%A6%BE%E0%A6%AC%E0%A7%87%E0%A6%87-%E0%A6%AC%E0%A7%87%E0%A7%9C%E0%A7%87-%E0%A6%97%E0%A7%87%E0%A6%B2-%E0%A6%B8%E0%A7%9F%E0%A6%BE%E0%A6%AC%E0%A6%BF%E0%A6%A8-%E0%A6%A4%E0%A7%87%E0%A6%B2%E0%A7%87%E0%A6%B0-%E0%A6%A6%E0%A6%BE%E0%A6%AE,samakal,bn,https://samakal.com/economics/article/126147/%E0%A6%AA%E0%A7%8D%E0%A6%B0%E0%A6%B8%E0%A7%8D%E0%A6%A4%E0%A6%BE%E0%A6%AC%E0%A7%87%E0%A6%87-%E0%A6%AC%E0%A7%87%E0%A7%9C%E0%A7%87-%E0%A6%97%E0%A7%87%E0%A6%B2-%E0%A6%B8%E0%A7%9F%E0%A6%BE%E0%A6%AC%E0%A6%BF%E0%A6%A8-%E0%A6%A4%E0%A7%87%E0%A6%B2%E0%A7%87%E0%A6%B0-%E0%A6%A6%E0%A6%BE%E0%A6%AE,2022-08-10,প্রস্তাবেই বেড়ে গেল সয়াবিন তেলের দাম,2022,6,True,True,0,1,0,0,0,0,0,0,0,1,0,0,0,0,0,0
samakal:https://samakal.com/economics/article/126113/%E0%A6%AE%E0%A6%BE%E0%A6%B8%E0%A7%87-%E0%A6%AC%E0%A6%BF%E0%A6%AA%E0%A6%BF%E0%A6%B8%E0%A6%BF%E0%A6%B0-%E0%A6%B2%E0%A6%BE%E0%A6%AD-%E0%A6%B9%E0%A6%AC%E0%A7%87-%E0%A7%A8%E0%A7%A6%E0%A7%AB-%E0%A6%95%E0%A7%8B%E0%A6%9F%E0%A6%BF-%E0%A6%9F%E0%A6%BE%E0%A6%95%E0%A6%BE,samakal,bn,https://samakal.com/economics/article/126113/%E0%A6%AE%E0%A6%BE%E0%A6%B8%E0%A7%87-%E0%A6%AC%E0%A6%BF%E0%A6%AA%E0%A6%BF%E0%A6%B8%E0%A6%BF%E0%A6%B0-%E0%A6%B2%E0%A6%BE%E0%A6%AD-%E0%A6%B9%E0%A6%AC%E0%A7%87-%E0%A7%A8%E0%A7%A6%E0%A7%AB-%E0%A6%95%E0%A7%8B%E0%A6%9F%E0%A6%BF-%E0%A6%9F%E0%A6%BE%E0%A6%95%E0%A6%BE,2022-08-10,মাসে বিপিসির লাভ হবে ২০৫ কোটি টাকা,2022,20,True,True,0,1,0,0,0,0,0,0,0,0,0,0,1,4,0,0
samakal:https://samakal.com/politics/article/126094/%E0%A6%9C%E0%A7%8D%E0%A6%AC%E0%A6%BE%E0%A6%B2%E0%A6%BE%E0%A6%A8%E0%A6%BF-%E0%A6%A4%E0%A7%87%E0%A6%B2%E0%A7%87%E0%A6%B0-%E0%A6%AE%E0%A7%82%E0%A6%B2%E0%A7%8D%E0%A6%AF%E0%A6%AC%E0%A7%83%E0%A6%A6%E0%A7%8D%E0%A6%A7%E0%A6%BF-%E0%A6%85%E0%A6%AF%E0%A7%8C%E0%A6%95%E0%A7%8D%E0%A6%A4%E0%A6%BF%E0%A6%95-%E0%A6%AC%E0%A6%BE%E0%A6%82%E0%A6%B2%E0%A6%BE%E0%A6%A6%E0%A7%87%E0%A6%B6-%E0%A6%95%E0%A6%82%E0%A6%97%E0%A7%8D%E0%A6%B0%E0%A7%87%E0%A6%B8,samakal,bn,https://samakal.com/politics/article/126094/%E0%A6%9C%E0%A7%8D%E0%A6%AC%E0%A6%BE%E0%A6%B2%E0%A6%BE%E0%A6%A8%E0%A6%BF-%E0%A6%A4%E0%A7%87%E0%A6%B2%E0%A7%87%E0%A6%B0-%E0%A6%AE%E0%A7%82%E0%A6%B2%E0%A7%8D%E0%A6%AF%E0%A6%AC%E0%A7%83%E0%A6%A6%E0%A7%8D%E0%A6%A7%E0%A6%BF-%E0%A6%85%E0%A6%AF%E0%A7%8C%E0%A6%95%E0%A7%8D%E0%A6%A4%E0%A6%BF%E0%A6%95-%E0%A6%AC%E0%A6%BE%E0%A6%82%E0%A6%B2%E0%A6%BE%E0%A6%A6%E0%A7%87%E0%A6%B6-%E0%A6%95%E0%A6%82%E0%A6%97%E0%A7%8D%E0%A6%B0%E0%A7%87%E0%A6%B8,2022-08-10,জ্বালানি তেলের মূল্যবৃদ্ধি অযৌক্তিক : বাংলাদেশ কংগ্রেস,2022,8,True,True,1,3,0,0,0,0,0,0,1,1,0,0,0,0,1,4
samakal:https://samakal.com/bangladesh/article/126087/%E0%A6%9C%E0%A7%8D%E0%A6%AC%E0%A6%BE%E0%A6%B2%E0%A6%BE%E0%A6%A8%E0%A6%BF-%E0%A6%A4%E0%A7%87%E0%A6%B2%E0%A7%87%E0%A6%B0-%E0%A6%A6%E0%A6%BE%E0%A6%AE-%E0%A6%AC%E0%A6%BE%E0%A7%9C%E0%A6%B2%E0%A7%87-%E0%A6%B8%E0%A6%AC-%E0%A6%9C%E0%A6%BF%E0%A6%A8%E0%A6%BF%E0%A6%B8%E0%A7%87%E0%A6%B0%E0%A6%87-%E0%A6%A6%E0%A6%BE%E0%A6%AE-%E0%A6%AC%E0%A6%BE%E0%A7%9C%E0%A7%87-%E0%A6%85%E0%A6%B0%E0%A7%8D%E0%A6%A5%E0%A6%AE%E0%A6%A8%E0%A7%8D%E0%A6%A4%E0%A7%8D%E0%A6%B0%E0%A7%80,samakal,bn,https://samakal.com/bangladesh/article/126087/%E0%A6%9C%E0%A7%8D%E0%A6%AC%E0%A6%BE%E0%A6%B2%E0%A6%BE%E0%A6%A8%E0%A6%BF-%E0%A6%A4%E0%A7%87%E0%A6%B2%E0%A7%87%E0%A6%B0-%E0%A6%A6%E0%A6%BE%E0%A6%AE-%E0%A6%AC%E0%A6%BE%E0%A7%9C%E0%A6%B2%E0%A7%87-%E0%A6%B8%E0%A6%AC-%E0%A6%9C%E0%A6%BF%E0%A6%A8%E0%A6%BF%E0%A6%B8%E0%A7%87%E0%A6%B0%E0%A6%87-%E0%A6%A6%E0%A6%BE%E0%A6%AE-%E0%A6%AC%E0%A6%BE%E0%A7%9C%E0%A7%87-%E0%A6%85%E0%A6%B0%E0%A7%8D%E0%A6%A5%E0%A6%AE%E0%A6%A8%E0%A7%8D%E0%A6%A4%E0%A7%8D%E0%A6%B0%E0%A7%80,2022-08-10,জ্বালানি তেলের দাম বাড়লে সব জিনিসেরই দাম বাড়ে: অর্থমন্ত্রী,2022,11,True,True,0,1,0,0,0,0,0,0,0,1,0,0,0,0,0,0
samakal:https://samakal.com/economics/article/126045/%E0%A6%AC%E0%A6%BF%E0%A6%AA%E0%A6%BF%E0%A6%B8%E0%A6%BF%E0%A6%B0-%E0%A6%B2%E0%A6%BE%E0%A6%AD%E0%A7%87%E0%A6%B0-%E0%A7%A9%E0%A7%AC-%E0%A6%B9%E0%A6%BE%E0%A6%9C%E0%A6%BE%E0%A6%B0-%E0%A6%95%E0%A7%8B%E0%A6%9F%E0%A6%BF-%E0%A6%9F%E0%A6%BE%E0%A6%95%E0%A6%BE-%E0%A6%95%E0%A6%87-%E0%A6%AA%E0%A7%8D%E0%A6%B0%E0%A6%B6%E0%A7%8D%E0%A6%A8-%E0%A6%B8%E0%A6%BF%E0%A6%AA%E0%A6%BF%E0%A6%A1%E0%A6%BF%E0%A6%B0,samakal,bn,https://samakal.com/economics/article/126045/%E0%A6%AC%E0%A6%BF%E0%A6%AA%E0%A6%BF%E0%A6%B8%E0%A6%BF%E0%A6%B0-%E0%A6%B2%E0%A6%BE%E0%A6%AD%E0%A7%87%E0%A6%B0-%E0%A7%A9%E0%A7%AC-%E0%A6%B9%E0%A6%BE%E0%A6%9C%E0%A6%BE%E0%A6%B0-%E0%A6%95%E0%A7%8B%E0%A6%9F%E0%A6%BF-%E0%A6%9F%E0%A6%BE%E0%A6%95%E0%A6%BE-%E0%A6%95%E0%A6%87-%E0%A6%AA%E0%A7%8D%E0%A6%B0%E0%A6%B6%E0%A7%8D%E0%A6%A8-%E0%A6%B8%E0%A6%BF%E0%A6%AA%E0%A6%BF%E0%A6%A1%E0%A6%BF%E0%A6%B0,2022-08-10,"বিপিসির লাভের ৩৬ হাজার কোটি টাকা কই, প্রশ্ন সিপিডি'র",2022,15,True,True,0,0,0,0,0,0,0,0,0,1,0,0,1,2,0,0
samakal:https://samakal.com/bangladesh/article/126032/%E0%A6%9C%E0%A7%8D%E0%A6%AC%E0%A6%BE%E0%A6%B2%E0%A6%BE%E0%A6%A8%E0%A6%BF-%E0%A6%A4%E0%A7%87%E0%A6%B2%E0%A7%87%E0%A6%B0-%E0%A6%B6%E0%A7%81%E0%A6%B2%E0%A7%8D%E0%A6%95%E0%A6%95%E0%A6%B0-%E0%A6%AA%E0%A7%8D%E0%A6%B0%E0%A6%A4%E0%A7%8D%E0%A6%AF%E0%A6%BE%E0%A6%B9%E0%A6%BE%E0%A6%B0-%E0%A6%9A%E0%A7%87%E0%A7%9F%E0%A7%87-%E0%A6%8F%E0%A6%A8%E0%A6%AC%E0%A6%BF%E0%A6%86%E0%A6%B0%E0%A7%87%E0%A6%B0-%E0%A6%B8%E0%A6%BE%E0%A6%AE%E0%A6%A8%E0%A7%87-%E0%A6%A5%E0%A6%BE%E0%A6%B2%E0%A6%BE-%E0%A6%B9%E0%A6%BE%E0%A6%A4%E0%A7%87-%E0%A6%85%E0%A6%AC%E0%A6%B8%E0%A7%8D%E0%A6%A5%E0%A6%BE%E0%A6%A8,samakal,bn,https://samakal.com/bangladesh/article/126032/%E0%A6%9C%E0%A7%8D%E0%A6%AC%E0%A6%BE%E0%A6%B2%E0%A6%BE%E0%A6%A8%E0%A6%BF-%E0%A6%A4%E0%A7%87%E0%A6%B2%E0%A7%87%E0%A6%B0-%E0%A6%B6%E0%A7%81%E0%A6%B2%E0%A7%8D%E0%A6%95%E0%A6%95%E0%A6%B0-%E0%A6%AA%E0%A7%8D%E0%A6%B0%E0%A6%A4%E0%A7%8D%E0%A6%AF%E0%A6%BE%E0%A6%B9%E0%A6%BE%E0%A6%B0-%E0%A6%9A%E0%A7%87%E0%A7%9F%E0%A7%87-%E0%A6%8F%E0%A6%A8%E0%A6%AC%E0%A6%BF%E0%A6%86%E0%A6%B0%E0%A7%87%E0%A6%B0-%E0%A6%B8%E0%A6%BE%E0%A6%AE%E0%A6%A8%E0%A7%87-%E0%A6%A5%E0%A6%BE%E0%A6%B2%E0%A6%BE-%E0%A6%B9%E0%A6%BE%E0%A6%A4%E0%A7%87-%E0%A6%85%E0%A6%AC%E0%A6%B8%E0%A7%8D%E0%A6%A5%E0%A6%BE%E0%A6%A8,2022-08-10,জ্বালানি তেলের শুল্ক-কর প্রত্যাহার চেয়ে এনবিআরের সামনে থালা হাতে অবস্থান,2022,11,True,True,0,1,0,0,0,0,0,0,1,3,0,0,0,0,0,0
samakal:https://samakal.com/economics/article/126320/%E0%A6%B6%E0%A7%81%E0%A6%B2%E0%A7%8D%E0%A6%95-%E0%A6%95%E0%A6%AE%E0%A6%BF%E0%A7%9F%E0%A7%87-%E0%A6%9C%E0%A7%8D%E0%A6%AC%E0%A6%BE%E0%A6%B2%E0%A6%BE%E0%A6%A8%E0%A6%BF-%E0%A6%A4%E0%A7%87%E0%A6%B2%E0%A7%87%E0%A6%B0-%E0%A6%A6%E0%A6%BE%E0%A6%AE-%E0%A6%95%E0%A6%AE%E0%A6%BE%E0%A6%A8%E0%A7%8B%E0%A6%B0-%E0%A6%9A%E0%A6%BF%E0%A6%A8%E0%A7%8D%E0%A6%A4%E0%A6%BE,samakal,bn,https://samakal.com/economics/article/126320/%E0%A6%B6%E0%A7%81%E0%A6%B2%E0%A7%8D%E0%A6%95-%E0%A6%95%E0%A6%AE%E0%A6%BF%E0%A7%9F%E0%A7%87-%E0%A6%9C%E0%A7%8D%E0%A6%AC%E0%A6%BE%E0%A6%B2%E0%A6%BE%E0%A6%A8%E0%A6%BF-%E0%A6%A4%E0%A7%87%E0%A6%B2%E0%A7%87%E0%A6%B0-%E0%A6%A6%E0%A6%BE%E0%A6%AE-%E0%A6%95%E0%A6%AE%E0%A6%BE%E0%A6%A8%E0%A7%8B%E0%A6%B0-%E0%A6%9A%E0%A6%BF%E0%A6%A8%E0%A7%8D%E0%A6%A4%E0%A6%BE,2022-08-11,শুল্ক কমিয়ে জ্বালানি তেলের দাম কমানোর চিন্তা,2022,20,True,True,1,4,0,0,0,0,0,0,0,0,0,0,0,0,0,0
samakal:https://samakal.com/politics/article/126250/%E0%A6%AC%E0%A6%BF%E0%A6%8F%E0%A6%A8%E0%A6%AA%E0%A6%BF-%E0%A6%9C%E0%A7%8D%E0%A6%AC%E0%A6%BE%E0%A6%B2%E0%A6%BE%E0%A6%A8%E0%A6%BF-%E0%A6%A4%E0%A7%87%E0%A6%B2%E0%A7%87%E0%A6%B0-%E0%A6%AE%E0%A7%82%E0%A6%B2%E0%A7%8D%E0%A6%AF-%E0%A6%A8%E0%A6%BF%E0%A7%9F%E0%A7%87-%E0%A6%AC%E0%A6%BF%E0%A6%AD%E0%A7%8D%E0%A6%B0%E0%A6%BE%E0%A6%A8%E0%A7%8D%E0%A6%A4%E0%A6%BF-%E0%A6%9B%E0%A7%9C%E0%A6%BE%E0%A6%9A%E0%A7%8D%E0%A6%9B%E0%A7%87-%E0%A6%A4%E0%A6%A5%E0%A7%8D%E0%A6%AF%E0%A6%AE%E0%A6%A8%E0%A7%8D%E0%A6%A4%E0%A7%8D%E0%A6%B0%E0%A7%80,samakal,bn,https://samakal.com/politics/article/126250/%E0%A6%AC%E0%A6%BF%E0%A6%8F%E0%A6%A8%E0%A6%AA%E0%A6%BF-%E0%A6%9C%E0%A7%8D%E0%A6%AC%E0%A6%BE%E0%A6%B2%E0%A6%BE%E0%A6%A8%E0%A6%BF-%E0%A6%A4%E0%A7%87%E0%A6%B2%E0%A7%87%E0%A6%B0-%E0%A6%AE%E0%A7%82%E0%A6%B2%E0%A7%8D%E0%A6%AF-%E0%A6%A8%E0%A6%BF%E0%A7%9F%E0%A7%87-%E0%A6%AC%E0%A6%BF%E0%A6%AD%E0%A7%8D%E0%A6%B0%E0%A6%BE%E0%A6%A8%E0%A7%8D%E0%A6%A4%E0%A6%BF-%E0%A6%9B%E0%A7%9C%E0%A6%BE%E0%A6%9A%E0%A7%8D%E0%A6%9B%E0%A7%87-%E0%A6%A4%E0%A6%A5%E0%A7%8D%E0%A6%AF%E0%A6%AE%E0%A6%A8%E0%A7%8D%E0%A6%A4%E0%A7%8D%E0%A6%B0%E0%A7%80,2022-08-11,বিএনপি জ্বালানি তেলের মূল্য নিয়ে বিভ্রান্তি ছড়াচ্ছে: তথ্যমন্ত্রী,2022,7,True,True,0,1,0,0,0,0,0,0,0,0,0,0,0,1,0,0
samakal:https://samakal.com/bangladesh/article/126219/%E0%A6%9C%E0%A7%8D%E0%A6%AC%E0%A6%BE%E0%A6%B2%E0%A6%BE%E0%A6%A8%E0%A6%BF-%E0%A6%A4%E0%A7%87%E0%A6%B2%E0%A7%87%E0%A6%B0-%E0%A6%AE%E0%A7%82%E0%A6%B2%E0%A7%8D%E0%A6%AF%E0%A6%AC%E0%A7%83%E0%A6%A6%E0%A7%8D%E0%A6%A7%E0%A6%BF-%E0%A6%A8%E0%A6%BF%E0%A7%9F%E0%A7%87-%E0%A6%AC%E0%A7%8D%E0%A6%AF%E0%A6%BE%E0%A6%96%E0%A7%8D%E0%A6%AF%E0%A6%BE-%E0%A6%A6%E0%A6%BF%E0%A6%A4%E0%A7%87-%E0%A6%AE%E0%A6%A8%E0%A7%8D%E0%A6%A4%E0%A7%8D%E0%A6%B0%E0%A6%BF%E0%A6%B8%E0%A6%AD%E0%A6%BE%E0%A6%B0-%E0%A6%A8%E0%A6%BF%E0%A6%B0%E0%A7%8D%E0%A6%A6%E0%A7%87%E0%A6%B6,samakal,bn,https://samakal.com/bangladesh/article/126219/%E0%A6%9C%E0%A7%8D%E0%A6%AC%E0%A6%BE%E0%A6%B2%E0%A6%BE%E0%A6%A8%E0%A6%BF-%E0%A6%A4%E0%A7%87%E0%A6%B2%E0%A7%87%E0%A6%B0-%E0%A6%AE%E0%A7%82%E0%A6%B2%E0%A7%8D%E0%A6%AF%E0%A6%AC%E0%A7%83%E0%A6%A6%E0%A7%8D%E0%A6%A7%E0%A6%BF-%E0%A6%A8%E0%A6%BF%E0%A7%9F%E0%A7%87-%E0%A6%AC%E0%A7%8D%E0%A6%AF%E0%A6%BE%E0%A6%96%E0%A7%8D%E0%A6%AF%E0%A6%BE-%E0%A6%A6%E0%A6%BF%E0%A6%A4%E0%A7%87-%E0%A6%AE%E0%A6%A8%E0%A7%8D%E0%A6%A4%E0%A7%8D%E0%A6%B0%E0%A6%BF%E0%A6%B8%E0%A6%AD%E0%A6%BE%E0%A6%B0-%E0%A6%A8%E0%A6%BF%E0%A6%B0%E0%A7%8D%E0%A6%A6%E0%A7%87%E0%A6%B6,2022-08-11,জ্বালানি তেলের মূল্যবৃদ্ধি নিয়ে ব্যাখ্যা দিতে মন্ত্রিসভার নির্দেশ,2022,12,True,True,0,1,0,0,0,0,0,0,0,0,0,0,0,1,0,0
samakal:https://samakal.com/economics/article/126198/%E0%A6%A6%E0%A7%87%E0%A6%B6%E0%A7%87-%EF%BB%BF%E0%A6%B8%E0%A7%9F%E0%A6%BE%E0%A6%AC%E0%A6%BF%E0%A6%A8-%E0%A6%A4%E0%A7%87%E0%A6%B2%E0%A7%87%E0%A6%B0-%E0%A6%A6%E0%A6%BE%E0%A6%AE-%E0%A6%95%E0%A7%87%E0%A6%A8-%E0%A6%AC%E0%A7%87%E0%A6%B6%E0%A6%BF-%E0%A6%9C%E0%A6%BE%E0%A6%A8%E0%A6%BE%E0%A6%B2%E0%A7%87%E0%A6%A8-%E0%A6%AC%E0%A6%BE%E0%A6%A3%E0%A6%BF%E0%A6%9C%E0%A7%8D%E0%A6%AF%E0%A6%AE%E0%A6%A8%E0%A7%8D%E0%A6%A4%E0%A7%8D%E0%A6%B0%E0%A7%80,samakal,bn,https://samakal.com/economics/article/126198/%E0%A6%A6%E0%A7%87%E0%A6%B6%E0%A7%87-%EF%BB%BF%E0%A6%B8%E0%A7%9F%E0%A6%BE%E0%A6%AC%E0%A6%BF%E0%A6%A8-%E0%A6%A4%E0%A7%87%E0%A6%B2%E0%A7%87%E0%A6%B0-%E0%A6%A6%E0%A6%BE%E0%A6%AE-%E0%A6%95%E0%A7%87%E0%A6%A8-%E0%A6%AC%E0%A7%87%E0%A6%B6%E0%A6%BF-%E0%A6%9C%E0%A6%BE%E0%A6%A8%E0%A6%BE%E0%A6%B2%E0%A7%87%E0%A6%A8-%E0%A6%AC%E0%A6%BE%E0%A6%A3%E0%A6%BF%E0%A6%9C%E0%A7%8D%E0%A6%AF%E0%A6%AE%E0%A6%A8%E0%A7%8D%E0%A6%A4%E0%A7%8D%E0%A6%B0%E0%A7%80,2022-08-11,দেশে সয়াবিন তেলের দাম কেন বেশি জানালেন বাণিজ্যমন্ত্রী,2022,3,True,True,1,2,0,0,0,0,0,0,0,0,0,0,0,0,0,0
samakal:https://samakal.com/whole-country/article/126499/%E0%A6%A1%E0%A6%BF%E0%A6%9C%E0%A7%87%E0%A6%B2%E0%A7%87%E0%A6%B0-%E0%A6%A6%E0%A6%BE%E0%A6%AE-%E0%A6%AC%E0%A7%83%E0%A6%A6%E0%A7%8D%E0%A6%A7%E0%A6%BF%E0%A6%A4%E0%A7%87-%E0%A6%9A%E0%A6%BE%E0%A6%B2%E0%A7%87%E0%A6%B0-%E0%A6%AC%E0%A6%BE%E0%A6%9C%E0%A6%BE%E0%A6%B0%E0%A7%87-%E0%A6%A7%E0%A6%BE%E0%A6%95%E0%A7%8D%E0%A6%95%E0%A6%BE,samakal,bn,https://samakal.com/whole-country/article/126499/%E0%A6%A1%E0%A6%BF%E0%A6%9C%E0%A7%87%E0%A6%B2%E0%A7%87%E0%A6%B0-%E0%A6%A6%E0%A6%BE%E0%A6%AE-%E0%A6%AC%E0%A7%83%E0%A6%A6%E0%A7%8D%E0%A6%A7%E0%A6%BF%E0%A6%A4%E0%A7%87-%E0%A6%9A%E0%A6%BE%E0%A6%B2%E0%A7%87%E0%A6%B0-%E0%A6%AC%E0%A6%BE%E0%A6%9C%E0%A6%BE%E0%A6%B0%E0%A7%87-%E0%A6%A7%E0%A6%BE%E0%A6%95%E0%A7%8D%E0%A6%95%E0%A6%BE,2022-08-12,ডিজেলের দাম বৃদ্ধিতে চালের বাজারে ধাক্কা,2022,7,True,True,0,1,0,0,0,0,0,0,0,0,0,0,0,0,0,0
samakal:https://samakal.com/capital/article/126453/%E0%A6%9C%E0%A7%8D%E0%A6%AC%E0%A6%BE%E0%A6%B2%E0%A6%BE%E0%A6%A8%E0%A6%BF-%E0%A6%A4%E0%A7%87%E0%A6%B2%E0%A7%87%E0%A6%B0-%E0%A6%A6%E0%A6%BE%E0%A6%AE-%E0%A6%95%E0%A6%AE%E0%A6%BE%E0%A6%A8%E0%A7%8B%E0%A6%B0-%E0%A6%A6%E0%A6%BE%E0%A6%AC%E0%A6%BF%E0%A6%A4%E0%A7%87-%E0%A6%AC%E0%A6%BF%E0%A6%AD%E0%A6%BF%E0%A6%A8%E0%A7%8D%E0%A6%A8-%E0%A6%B8%E0%A6%82%E0%A6%97%E0%A6%A0%E0%A6%A8%E0%A7%87%E0%A6%B0-%E0%A6%B8%E0%A6%AE%E0%A6%BE%E0%A6%AC%E0%A7%87%E0%A6%B6%E0%A6%AC%E0%A6%BF%E0%A6%95%E0%A7%8D%E0%A6%B7%E0%A7%8B%E0%A6%AD,samakal,bn,https://samakal.com/capital/article/126453/%E0%A6%9C%E0%A7%8D%E0%A6%AC%E0%A6%BE%E0%A6%B2%E0%A6%BE%E0%A6%A8%E0%A6%BF-%E0%A6%A4%E0%A7%87%E0%A6%B2%E0%A7%87%E0%A6%B0-%E0%A6%A6%E0%A6%BE%E0%A6%AE-%E0%A6%95%E0%A6%AE%E0%A6%BE%E0%A6%A8%E0%A7%8B%E0%A6%B0-%E0%A6%A6%E0%A6%BE%E0%A6%AC%E0%A6%BF%E0%A6%A4%E0%A7%87-%E0%A6%AC%E0%A6%BF%E0%A6%AD%E0%A6%BF%E0%A6%A8%E0%A7%8D%E0%A6%A8-%E0%A6%B8%E0%A6%82%E0%A6%97%E0%A6%A0%E0%A6%A8%E0%A7%87%E0%A6%B0-%E0%A6%B8%E0%A6%AE%E0%A6%BE%E0%A6%AC%E0%A7%87%E0%A6%B6%E0%A6%AC%E0%A6%BF%E0%A6%95%E0%A7%8D%E0%A6%B7%E0%A7%8B%E0%A6%AD,2022-08-12,জ্বালানি তেলের দাম কমানোর দাবিতে বিভিন্ন সংগঠনের সমাবেশ-বিক্ষোভ,2022,11,True,True,1,2,0,0,1,3,0,1,0,0,0,0,0,0,1,33
samakal:https://samakal.com/whole-country/article/126415/%E0%A6%9C%E0%A7%8D%E0%A6%AC%E0%A6%BE%E0%A6%B2%E0%A6%BE%E0%A6%A8%E0%A6%BF-%E0%A6%A4%E0%A7%87%E0%A6%B2%E0%A7%87%E0%A6%B0-%E0%A6%AE%E0%A7%82%E0%A6%B2%E0%A7%8D%E0%A6%AF%E0%A6%AC%E0%A7%83%E0%A6%A6%E0%A7%8D%E0%A6%A7%E0%A6%BF%E0%A6%B2%E0%A7%8B%E0%A6%A1%E0%A6%B6%E0%A7%87%E0%A6%A1%E0%A6%BF%E0%A6%82%E0%A7%9F%E0%A7%87%E0%A6%B0-%E0%A6%AA%E0%A7%8D%E0%A6%B0%E0%A6%A4%E0%A6%BF%E0%A6%AC%E0%A6%BE%E0%A6%A6-%E0%A6%AC%E0%A6%B0%E0%A6%BF%E0%A6%B6%E0%A6%BE%E0%A6%B2-%E0%A6%AC%E0%A6%BF%E0%A6%8F%E0%A6%A8%E0%A6%AA%E0%A6%BF%E0%A6%B0,samakal,bn,https://samakal.com/whole-country/article/126415/%E0%A6%9C%E0%A7%8D%E0%A6%AC%E0%A6%BE%E0%A6%B2%E0%A6%BE%E0%A6%A8%E0%A6%BF-%E0%A6%A4%E0%A7%87%E0%A6%B2%E0%A7%87%E0%A6%B0-%E0%A6%AE%E0%A7%82%E0%A6%B2%E0%A7%8D%E0%A6%AF%E0%A6%AC%E0%A7%83%E0%A6%A6%E0%A7%8D%E0%A6%A7%E0%A6%BF%E0%A6%B2%E0%A7%8B%E0%A6%A1%E0%A6%B6%E0%A7%87%E0%A6%A1%E0%A6%BF%E0%A6%82%E0%A7%9F%E0%A7%87%E0%A6%B0-%E0%A6%AA%E0%A7%8D%E0%A6%B0%E0%A6%A4%E0%A6%BF%E0%A6%AC%E0%A6%BE%E0%A6%A6-%E0%A6%AC%E0%A6%B0%E0%A6%BF%E0%A6%B6%E0%A6%BE%E0%A6%B2-%E0%A6%AC%E0%A6%BF%E0%A6%8F%E0%A6%A8%E0%A6%AA%E0%A6%BF%E0%A6%B0,2022-08-12,জ্বালানি তেলের মূল্যবৃদ্ধি-লোডশেডিংয়ের প্রতিবাদ বরিশাল বিএনপির,2022,8,True,True,0,1,1,3,0,0,0,0,0,1,0,0,0,0,1,11
samakal:https://samakal.com/politics/article/126392/%E0%A6%B8%E0%A6%BE%E0%A6%B0%E0%A6%BE-%E0%A6%AA%E0%A7%83%E0%A6%A5%E0%A6%BF%E0%A6%AC%E0%A7%80%E0%A6%A4%E0%A7%87-%E0%A6%A4%E0%A7%87%E0%A6%B2%E0%A7%87%E0%A6%B0-%E0%A6%A6%E0%A6%BE%E0%A6%AE-%E0%A6%B6%E0%A6%A4%E0%A6%AD%E0%A6%BE%E0%A6%97-%E0%A6%AC%E0%A7%87%E0%A7%9C%E0%A7%87%E0%A6%9B%E0%A7%87-%E0%A6%A4%E0%A6%A5%E0%A7%8D%E0%A6%AF%E0%A6%AE%E0%A6%A8%E0%A7%8D%E0%A6%A4%E0%A7%8D%E0%A6%B0%E0%A7%80,samakal,bn,https://samakal.com/politics/article/126392/%E0%A6%B8%E0%A6%BE%E0%A6%B0%E0%A6%BE-%E0%A6%AA%E0%A7%83%E0%A6%A5%E0%A6%BF%E0%A6%AC%E0%A7%80%E0%A6%A4%E0%A7%87-%E0%A6%A4%E0%A7%87%E0%A6%B2%E0%A7%87%E0%A6%B0-%E0%A6%A6%E0%A6%BE%E0%A6%AE-%E0%A6%B6%E0%A6%A4%E0%A6%AD%E0%A6%BE%E0%A6%97-%E0%A6%AC%E0%A7%87%E0%A7%9C%E0%A7%87%E0%A6%9B%E0%A7%87-%E0%A6%A4%E0%A6%A5%E0%A7%8D%E0%A6%AF%E0%A6%AE%E0%A6%A8%E0%A7%8D%E0%A6%A4%E0%A7%8D%E0%A6%B0%E0%A7%80,2022-08-12,সারা পৃথিবীতে তেলের দাম শতভাগ বেড়েছে: তথ্যমন্ত্রী,2022,3,True,True,0,0,0,0,0,0,0,0,0,0,0,0,0,0,0,0
samakal:https://samakal.com/politics/article/126615/%E0%A6%9C%E0%A7%8D%E0%A6%AC%E0%A6%BE%E0%A6%B2%E0%A6%BE%E0%A6%A8%E0%A6%BF-%E0%A6%A4%E0%A7%87%E0%A6%B2%E0%A7%87%E0%A6%B0-%E0%A6%AC%E0%A6%B0%E0%A7%8D%E0%A6%A7%E0%A6%BF%E0%A6%A4-%E0%A6%AE%E0%A7%82%E0%A6%B2%E0%A7%8D%E0%A6%AF-%E0%A6%AA%E0%A7%8D%E0%A6%B0%E0%A6%A4%E0%A7%8D%E0%A6%AF%E0%A6%BE%E0%A6%B9%E0%A6%BE%E0%A6%B0-%E0%A6%9A%E0%A6%BE%E0%A7%9F-%E0%A6%AC%E0%A6%BE%E0%A6%AE-%E0%A6%9C%E0%A7%8B%E0%A6%9F,samakal,bn,https://samakal.com/politics/article/126615/%E0%A6%9C%E0%A7%8D%E0%A6%AC%E0%A6%BE%E0%A6%B2%E0%A6%BE%E0%A6%A8%E0%A6%BF-%E0%A6%A4%E0%A7%87%E0%A6%B2%E0%A7%87%E0%A6%B0-%E0%A6%AC%E0%A6%B0%E0%A7%8D%E0%A6%A7%E0%A6%BF%E0%A6%A4-%E0%A6%AE%E0%A7%82%E0%A6%B2%E0%A7%8D%E0%A6%AF-%E0%A6%AA%E0%A7%8D%E0%A6%B0%E0%A6%A4%E0%A7%8D%E0%A6%AF%E0%A6%BE%E0%A6%B9%E0%A6%BE%E0%A6%B0-%E0%A6%9A%E0%A6%BE%E0%A7%9F-%E0%A6%AC%E0%A6%BE%E0%A6%AE-%E0%A6%9C%E0%A7%8B%E0%A6%9F,2022-08-13,জ্বালানি তেলের বর্ধিত মূল্য প্রত্যাহার চায় বাম জোট,2022,4,True,True,0,0,0,0,1,2,0,0,0,1,0,0,0,1,1,13
samakal:https://samakal.com/bangladesh/article/126737/%E0%A6%9C%E0%A7%8D%E0%A6%AC%E0%A6%BE%E0%A6%B2%E0%A6%BE%E0%A6%A8%E0%A6%BF-%E0%A6%A4%E0%A7%87%E0%A6%B2%E0%A7%87%E0%A6%B0-%E0%A6%AE%E0%A7%82%E0%A6%B2%E0%A7%8D%E0%A6%AF%E0%A6%AC%E0%A7%83%E0%A6%A6%E0%A7%8D%E0%A6%A7%E0%A6%BF%E0%A6%B0-%E0%A6%AC%E0%A7%88%E0%A6%A7%E0%A6%A4%E0%A6%BE-%E0%A6%A8%E0%A6%BF%E0%A7%9F%E0%A7%87-%E0%A6%B9%E0%A6%BE%E0%A6%87%E0%A6%95%E0%A7%8B%E0%A6%B0%E0%A7%8D%E0%A6%9F%E0%A7%87%E0%A6%B0-%E0%A6%AA%E0%A7%8D%E0%A6%B0%E0%A6%B6%E0%A7%8D%E0%A6%A8,samakal,bn,https://samakal.com/bangladesh/article/126737/%E0%A6%9C%E0%A7%8D%E0%A6%AC%E0%A6%BE%E0%A6%B2%E0%A6%BE%E0%A6%A8%E0%A6%BF-%E0%A6%A4%E0%A7%87%E0%A6%B2%E0%A7%87%E0%A6%B0-%E0%A6%AE%E0%A7%82%E0%A6%B2%E0%A7%8D%E0%A6%AF%E0%A6%AC%E0%A7%83%E0%A6%A6%E0%A7%8D%E0%A6%A7%E0%A6%BF%E0%A6%B0-%E0%A6%AC%E0%A7%88%E0%A6%A7%E0%A6%A4%E0%A6%BE-%E0%A6%A8%E0%A6%BF%E0%A7%9F%E0%A7%87-%E0%A6%B9%E0%A6%BE%E0%A6%87%E0%A6%95%E0%A7%8B%E0%A6%B0%E0%A7%8D%E0%A6%9F%E0%A7%87%E0%A6%B0-%E0%A6%AA%E0%A7%8D%E0%A6%B0%E0%A6%B6%E0%A7%8D%E0%A6%A8,2022-08-14,জ্বালানি তেলের মূল্যবৃদ্ধির বৈধতা নিয়ে হাইকোর্টের প্রশ্ন,2022,14,True,True,0,0,0,0,0,0,0,0,0,0,0,0,0,0,0,0
samakal:https://samakal.com/bangladesh/article/126702/%E0%A6%A6%E0%A7%81%E0%A6%87%E0%A6%8F%E0%A6%95-%E0%A6%AE%E0%A6%BE%E0%A6%B8%E0%A7%87%E0%A6%B0-%E0%A6%AE%E0%A6%A7%E0%A7%8D%E0%A6%AF%E0%A7%87-%E0%A6%9C%E0%A7%8D%E0%A6%AC%E0%A6%BE%E0%A6%B2%E0%A6%BE%E0%A6%A8%E0%A6%BF-%E0%A6%A4%E0%A7%87%E0%A6%B2%E0%A7%87%E0%A6%B0-%E0%A6%A6%E0%A6%BE%E0%A6%AE-%E0%A6%95%E0%A6%AE%E0%A6%A4%E0%A7%87-%E0%A6%AA%E0%A6%BE%E0%A6%B0%E0%A7%87-%E0%A6%A8%E0%A6%B8%E0%A6%B0%E0%A7%81%E0%A6%B2-%E0%A6%B9%E0%A6%BE%E0%A6%AE%E0%A6%BF%E0%A6%A6,samakal,bn,https://samakal.com/bangladesh/article/126702/%E0%A6%A6%E0%A7%81%E0%A6%87%E0%A6%8F%E0%A6%95-%E0%A6%AE%E0%A6%BE%E0%A6%B8%E0%A7%87%E0%A6%B0-%E0%A6%AE%E0%A6%A7%E0%A7%8D%E0%A6%AF%E0%A7%87-%E0%A6%9C%E0%A7%8D%E0%A6%AC%E0%A6%BE%E0%A6%B2%E0%A6%BE%E0%A6%A8%E0%A6%BF-%E0%A6%A4%E0%A7%87%E0%A6%B2%E0%A7%87%E0%A6%B0-%E0%A6%A6%E0%A6%BE%E0%A6%AE-%E0%A6%95%E0%A6%AE%E0%A6%A4%E0%A7%87-%E0%A6%AA%E0%A6%BE%E0%A6%B0%E0%A7%87-%E0%A6%A8%E0%A6%B8%E0%A6%B0%E0%A7%81%E0%A6%B2-%E0%A6%B9%E0%A6%BE%E0%A6%AE%E0%A6%BF%E0%A6%A6,2022-08-14,দুই-এক মাসের মধ্যে জ্বালানি তেলের দাম কমতে পারে: নসরুল হামিদ,2022,10,True,True,0,0,0,0,1,2,0,0,0,0,0,1,1,3,0,0
samakal:https://samakal.com/bangladesh/article/126692/%E0%A6%AC%E0%A7%8D%E0%A6%AF%E0%A7%9F-%E0%A6%AC%E0%A7%83%E0%A6%A6%E0%A7%8D%E0%A6%A7%E0%A6%BF-%E0%A6%AC%E0%A6%BF%E0%A6%95%E0%A7%8D%E0%A6%B7%E0%A7%8B%E0%A6%AD-%E0%A6%AC%E0%A6%BF%E0%A6%95%E0%A7%8D%E0%A6%B7%E0%A6%BF%E0%A6%AA%E0%A7%8D%E0%A6%A4-%E0%A6%B9%E0%A6%B2%E0%A7%87%E0%A6%93-%E0%A6%AC%E0%A6%BE%E0%A7%9C%E0%A6%9B%E0%A7%87-%E0%A6%95%E0%A7%8D%E0%A6%B7%E0%A7%8B%E0%A6%AD%E0%A6%85%E0%A6%B8%E0%A6%A8%E0%A7%8D%E0%A6%A4%E0%A7%8B%E0%A6%B7,samakal,bn,https://samakal.com/bangladesh/article/126692/%E0%A6%AC%E0%A7%8D%E0%A6%AF%E0%A7%9F-%E0%A6%AC%E0%A7%83%E0%A6%A6%E0%A7%8D%E0%A6%A7%E0%A6%BF-%E0%A6%AC%E0%A6%BF%E0%A6%95%E0%A7%8D%E0%A6%B7%E0%A7%8B%E0%A6%AD-%E0%A6%AC%E0%A6%BF%E0%A6%95%E0%A7%8D%E0%A6%B7%E0%A6%BF%E0%A6%AA%E0%A7%8D%E0%A6%A4-%E0%A6%B9%E0%A6%B2%E0%A7%87%E0%A6%93-%E0%A6%AC%E0%A6%BE%E0%A7%9C%E0%A6%9B%E0%A7%87-%E0%A6%95%E0%A7%8D%E0%A6%B7%E0%A7%8B%E0%A6%AD%E0%A6%85%E0%A6%B8%E0%A6%A8%E0%A7%8D%E0%A6%A4%E0%A7%8B%E0%A6%B7,2022-08-14,বাংলাদেশে জ্বালানি তেলের দাম বৃদ্ধি: বাড়ছে ক্ষোভ-অসন্তোষ,2022,16,True,True,1,4,0,1,0,0,0,0,0,0,0,0,0,1,1,3
samakal:https://samakal.com/international/article/126918/%E0%A6%AC%E0%A6%BF%E0%A6%B6%E0%A7%8D%E0%A6%AC%E0%A6%AC%E0%A6%BE%E0%A6%9C%E0%A6%BE%E0%A6%B0%E0%A7%87-%E0%A6%9C%E0%A7%8D%E0%A6%AC%E0%A6%BE%E0%A6%B2%E0%A6%BE%E0%A6%A8%E0%A6%BF%E0%A6%B0-%E0%A6%A6%E0%A6%BE%E0%A6%AE-%E0%A6%95%E0%A6%AE%E0%A6%B2%E0%A7%8B,samakal,bn,https://samakal.com/international/article/126918/%E0%A6%AC%E0%A6%BF%E0%A6%B6%E0%A7%8D%E0%A6%AC%E0%A6%AC%E0%A6%BE%E0%A6%9C%E0%A6%BE%E0%A6%B0%E0%A7%87-%E0%A6%9C%E0%A7%8D%E0%A6%AC%E0%A6%BE%E0%A6%B2%E0%A6%BE%E0%A6%A8%E0%A6%BF%E0%A6%B0-%E0%A6%A6%E0%A6%BE%E0%A6%AE-%E0%A6%95%E0%A6%AE%E0%A6%B2%E0%A7%8B,2022-08-15,বিশ্ববাজারে জ্বালানির দাম কমলো,2022,8,True,True,1,8,0,0,0,0,0,0,0,0,0,0,0,0,0,0
samakal:https://samakal.com/whole-country/article/127042/%E0%A6%9A%E0%A6%9F%E0%A7%8D%E0%A6%9F%E0%A6%97%E0%A7%8D%E0%A6%B0%E0%A6%BE%E0%A6%AE%E0%A7%87-%E0%A6%A5%E0%A6%BE%E0%A6%B2%E0%A6%BE-%E0%A6%B9%E0%A6%BE%E0%A6%A4%E0%A7%87-%E0%A6%B0%E0%A6%BE%E0%A6%B8%E0%A7%8D%E0%A6%A4%E0%A6%BE%E0%A7%9F-%E0%A6%AC%E0%A6%B8%E0%A7%87-%E0%A6%9C%E0%A7%8D%E0%A6%AC%E0%A6%BE%E0%A6%B2%E0%A6%BE%E0%A6%A8%E0%A6%BF-%E0%A6%A4%E0%A7%87%E0%A6%B2%E0%A7%87-%E0%A6%96%E0%A6%BE%E0%A6%9C%E0%A6%A8%E0%A6%BE-%E0%A6%AE%E0%A6%93%E0%A6%95%E0%A7%81%E0%A6%AB%E0%A7%87%E0%A6%B0-%E0%A6%A6%E0%A6%BE%E0%A6%AC%E0%A6%BF,samakal,bn,https://samakal.com/whole-country/article/127042/%E0%A6%9A%E0%A6%9F%E0%A7%8D%E0%A6%9F%E0%A6%97%E0%A7%8D%E0%A6%B0%E0%A6%BE%E0%A6%AE%E0%A7%87-%E0%A6%A5%E0%A6%BE%E0%A6%B2%E0%A6%BE-%E0%A6%B9%E0%A6%BE%E0%A6%A4%E0%A7%87-%E0%A6%B0%E0%A6%BE%E0%A6%B8%E0%A7%8D%E0%A6%A4%E0%A6%BE%E0%A7%9F-%E0%A6%AC%E0%A6%B8%E0%A7%87-%E0%A6%9C%E0%A7%8D%E0%A6%AC%E0%A6%BE%E0%A6%B2%E0%A6%BE%E0%A6%A8%E0%A6%BF-%E0%A6%A4%E0%A7%87%E0%A6%B2%E0%A7%87-%E0%A6%96%E0%A6%BE%E0%A6%9C%E0%A6%A8%E0%A6%BE-%E0%A6%AE%E0%A6%93%E0%A6%95%E0%A7%81%E0%A6%AB%E0%A7%87%E0%A6%B0-%E0%A6%A6%E0%A6%BE%E0%A6%AC%E0%A6%BF,2022-08-16,চট্টগ্রামে থালা হাতে রাস্তায় বসে জ্বালানি তেলে খাজনা মওকুফের দাবি,2022,8,True,True,0,1,0,0,0,0,0,0,1,7,0,0,0,0,1,2
samakal:https://samakal.com/bangladesh/article/127017/%E0%A6%B0%E0%A6%BE%E0%A6%B6%E0%A6%BF%E0%A7%9F%E0%A6%BE-%E0%A6%A5%E0%A7%87%E0%A6%95%E0%A7%87-%E0%A6%9C%E0%A7%8D%E0%A6%AC%E0%A6%BE%E0%A6%B2%E0%A6%BE%E0%A6%A8%E0%A6%BF-%E0%A6%A4%E0%A7%87%E0%A6%B2-%E0%A6%86%E0%A6%AE%E0%A6%A6%E0%A6%BE%E0%A6%A8%E0%A6%BF%E0%A6%B0-%E0%A6%9A%E0%A6%BF%E0%A6%A8%E0%A7%8D%E0%A6%A4%E0%A6%BE-%E0%A6%95%E0%A6%B0%E0%A6%9B%E0%A7%87-%E0%A6%B8%E0%A6%B0%E0%A6%95%E0%A6%BE%E0%A6%B0,samakal,bn,https://samakal.com/bangladesh/article/127017/%E0%A6%B0%E0%A6%BE%E0%A6%B6%E0%A6%BF%E0%A7%9F%E0%A6%BE-%E0%A6%A5%E0%A7%87%E0%A6%95%E0%A7%87-%E0%A6%9C%E0%A7%8D%E0%A6%AC%E0%A6%BE%E0%A6%B2%E0%A6%BE%E0%A6%A8%E0%A6%BF-%E0%A6%A4%E0%A7%87%E0%A6%B2-%E0%A6%86%E0%A6%AE%E0%A6%A6%E0%A6%BE%E0%A6%A8%E0%A6%BF%E0%A6%B0-%E0%A6%9A%E0%A6%BF%E0%A6%A8%E0%A7%8D%E0%A6%A4%E0%A6%BE-%E0%A6%95%E0%A6%B0%E0%A6%9B%E0%A7%87-%E0%A6%B8%E0%A6%B0%E0%A6%95%E0%A6%BE%E0%A6%B0,2022-08-16,রাশিয়া থেকে জ্বালানি তেল আমদানির চিন্তা করছে সরকার,2022,5,True,True,0,0,0,0,0,0,0,0,0,0,0,0,0,0,0,0
samakal:https://samakal.com/bangladesh/article/127015/%E0%A6%9C%E0%A7%8D%E0%A6%AC%E0%A6%BE%E0%A6%B2%E0%A6%BE%E0%A6%A8%E0%A6%BF-%E0%A6%A4%E0%A7%87%E0%A6%B2%E0%A7%87%E0%A6%B0-%E0%A6%A6%E0%A6%BE%E0%A6%AE%E0%A6%AC%E0%A7%83%E0%A6%A6%E0%A7%8D%E0%A6%A7%E0%A6%BF%E0%A6%B0-%E0%A6%B8%E0%A6%BF%E0%A6%A6%E0%A7%8D%E0%A6%A7%E0%A6%BE%E0%A6%A8%E0%A7%8D%E0%A6%A4-%E0%A6%95%E0%A7%87%E0%A6%A8-%E0%A6%85%E0%A6%AC%E0%A7%88%E0%A6%A7-%E0%A6%A8%E0%A7%9F-%E0%A6%B9%E0%A6%BE%E0%A6%87%E0%A6%95%E0%A7%8B%E0%A6%B0%E0%A7%8D%E0%A6%9F%E0%A7%87%E0%A6%B0-%E0%A6%B0%E0%A7%81%E0%A6%B2,samakal,bn,https://samakal.com/bangladesh/article/127015/%E0%A6%9C%E0%A7%8D%E0%A6%AC%E0%A6%BE%E0%A6%B2%E0%A6%BE%E0%A6%A8%E0%A6%BF-%E0%A6%A4%E0%A7%87%E0%A6%B2%E0%A7%87%E0%A6%B0-%E0%A6%A6%E0%A6%BE%E0%A6%AE%E0%A6%AC%E0%A7%83%E0%A6%A6%E0%A7%8D%E0%A6%A7%E0%A6%BF%E0%A6%B0-%E0%A6%B8%E0%A6%BF%E0%A6%A6%E0%A7%8D%E0%A6%A7%E0%A6%BE%E0%A6%A8%E0%A7%8D%E0%A6%A4-%E0%A6%95%E0%A7%87%E0%A6%A8-%E0%A6%85%E0%A6%AC%E0%A7%88%E0%A6%A7-%E0%A6%A8%E0%A7%9F-%E0%A6%B9%E0%A6%BE%E0%A6%87%E0%A6%95%E0%A7%8B%E0%A6%B0%E0%A7%8D%E0%A6%9F%E0%A7%87%E0%A6%B0-%E0%A6%B0%E0%A7%81%E0%A6%B2,2022-08-16,"জ্বালানি তেলের দামবৃদ্ধির সিদ্ধান্ত কেন অবৈধ নয়, হাইকোর্টের রুল",2022,12,True,True,1,2,0,0,0,0,0,0,0,0,0,0,0,0,0,0
samakal:https://samakal.com/bangladesh/article/127282/%E0%A6%AA%E0%A7%8D%E0%A6%B0%E0%A6%A4%E0%A6%BF-%E0%A6%AC%E0%A7%8D%E0%A6%AF%E0%A6%BE%E0%A6%B0%E0%A7%87%E0%A6%B2-%E0%A6%A1%E0%A6%BF%E0%A6%9C%E0%A7%87%E0%A6%B2-%E0%A7%AB%E0%A7%AF-%E0%A6%A1%E0%A6%B2%E0%A6%BE%E0%A6%B0%E0%A7%87-%E0%A6%A6%E0%A6%BF%E0%A6%A4%E0%A7%87-%E0%A6%9A%E0%A6%BE%E0%A7%9F-%E0%A6%B0%E0%A6%BE%E0%A6%B6%E0%A6%BF%E0%A7%9F%E0%A6%BE,samakal,bn,https://samakal.com/bangladesh/article/127282/%E0%A6%AA%E0%A7%8D%E0%A6%B0%E0%A6%A4%E0%A6%BF-%E0%A6%AC%E0%A7%8D%E0%A6%AF%E0%A6%BE%E0%A6%B0%E0%A7%87%E0%A6%B2-%E0%A6%A1%E0%A6%BF%E0%A6%9C%E0%A7%87%E0%A6%B2-%E0%A7%AB%E0%A7%AF-%E0%A6%A1%E0%A6%B2%E0%A6%BE%E0%A6%B0%E0%A7%87-%E0%A6%A6%E0%A6%BF%E0%A6%A4%E0%A7%87-%E0%A6%9A%E0%A6%BE%E0%A7%9F-%E0%A6%B0%E0%A6%BE%E0%A6%B6%E0%A6%BF%E0%A7%9F%E0%A6%BE,2022-08-17,প্রতি ব্যারেল ডিজেল ৫৯ ডলারে দিতে চায় রাশিয়া,2022,12,True,True,1,2,0,0,0,0,0,0,0,0,0,0,0,1,0,0
samakal:https://samakal.com/bangladesh/article/127253/%E0%A6%8F%E0%A6%AC%E0%A6%BE%E0%A6%B0-%E0%A6%AB%E0%A6%BE%E0%A6%B0%E0%A7%8D%E0%A6%A8%E0%A7%87%E0%A6%B8-%E0%A6%85%E0%A7%9F%E0%A7%87%E0%A6%B2%E0%A7%87%E0%A6%B0-%E0%A6%A6%E0%A6%BE%E0%A6%AE-%E0%A6%AC%E0%A6%BE%E0%A7%9C%E0%A6%B2-%E0%A7%A7%E0%A7%AB,samakal,bn,https://samakal.com/bangladesh/article/127253/%E0%A6%8F%E0%A6%AC%E0%A6%BE%E0%A6%B0-%E0%A6%AB%E0%A6%BE%E0%A6%B0%E0%A7%8D%E0%A6%A8%E0%A7%87%E0%A6%B8-%E0%A6%85%E0%A7%9F%E0%A7%87%E0%A6%B2%E0%A7%87%E0%A6%B0-%E0%A6%A6%E0%A6%BE%E0%A6%AE-%E0%A6%AC%E0%A6%BE%E0%A7%9C%E0%A6%B2-%E0%A7%A7%E0%A7%AB,2022-08-17,এবার ফার্নেস অয়েলের দাম বাড়ল ১৫%,2022,21,True,True,0,0,0,0,0,0,0,0,0,0,0,0,0,0,0,0
samakal:https://samakal.com/whole-country/article/127186/%E0%A6%A4%E0%A7%87%E0%A6%B2%E0%A7%87%E0%A6%B0-%E0%A6%A6%E0%A6%BE%E0%A6%AE-%E0%A6%A8%E0%A6%BF%E0%A7%9F%E0%A7%87-%E0%A6%9C%E0%A6%A8%E0%A6%97%E0%A6%A3%E0%A6%95%E0%A7%87-%E0%A6%B8%E0%A7%81%E0%A6%B0%E0%A6%B8%E0%A7%81%E0%A6%B0%E0%A6%BF-%E0%A6%A6%E0%A6%BF%E0%A6%9A%E0%A7%8D%E0%A6%9B%E0%A7%87-%E0%A6%AC%E0%A6%BF%E0%A6%8F%E0%A6%A8%E0%A6%AA%E0%A6%BF%E0%A6%9C%E0%A6%BE%E0%A6%AE%E0%A6%BE%E0%A7%9F%E0%A6%BE%E0%A6%A4,samakal,bn,https://samakal.com/whole-country/article/127186/%E0%A6%A4%E0%A7%87%E0%A6%B2%E0%A7%87%E0%A6%B0-%E0%A6%A6%E0%A6%BE%E0%A6%AE-%E0%A6%A8%E0%A6%BF%E0%A7%9F%E0%A7%87-%E0%A6%9C%E0%A6%A8%E0%A6%97%E0%A6%A3%E0%A6%95%E0%A7%87-%E0%A6%B8%E0%A7%81%E0%A6%B0%E0%A6%B8%E0%A7%81%E0%A6%B0%E0%A6%BF-%E0%A6%A6%E0%A6%BF%E0%A6%9A%E0%A7%8D%E0%A6%9B%E0%A7%87-%E0%A6%AC%E0%A6%BF%E0%A6%8F%E0%A6%A8%E0%A6%AA%E0%A6%BF%E0%A6%9C%E0%A6%BE%E0%A6%AE%E0%A6%BE%E0%A7%9F%E0%A6%BE%E0%A6%A4,2022-08-17,'তেলের দাম নিয়ে জনগণকে বিভ্রান্ত করছে বিএনপি-জামায়াত',2022,7,True,True,1,4,0,0,0,0,0,0,0,0,0,0,0,0,1,3
samakal:https://samakal.com/whole-country/article/127905/%E0%A6%96%E0%A7%81%E0%A6%B2%E0%A6%A8%E0%A6%BE%E0%A7%9F-%E0%A6%9A%E0%A6%B2%E0%A6%9B%E0%A7%87-%E0%A6%9C%E0%A7%8D%E0%A6%AC%E0%A6%BE%E0%A6%B2%E0%A6%BE%E0%A6%A8%E0%A6%BF-%E0%A6%A4%E0%A7%87%E0%A6%B2-%E0%A6%AC%E0%A7%8D%E0%A6%AF%E0%A6%AC%E0%A6%B8%E0%A6%BE%E0%A7%9F%E0%A7%80%E0%A6%A6%E0%A7%87%E0%A6%B0-%E0%A6%A7%E0%A6%B0%E0%A7%8D%E0%A6%AE%E0%A6%98%E0%A6%9F,samakal,bn,https://samakal.com/whole-country/article/127905/%E0%A6%96%E0%A7%81%E0%A6%B2%E0%A6%A8%E0%A6%BE%E0%A7%9F-%E0%A6%9A%E0%A6%B2%E0%A6%9B%E0%A7%87-%E0%A6%9C%E0%A7%8D%E0%A6%AC%E0%A6%BE%E0%A6%B2%E0%A6%BE%E0%A6%A8%E0%A6%BF-%E0%A6%A4%E0%A7%87%E0%A6%B2-%E0%A6%AC%E0%A7%8D%E0%A6%AF%E0%A6%AC%E0%A6%B8%E0%A6%BE%E0%A7%9F%E0%A7%80%E0%A6%A6%E0%A7%87%E0%A6%B0-%E0%A6%A7%E0%A6%B0%E0%A7%8D%E0%A6%AE%E0%A6%98%E0%A6%9F,2022-08-21,খুলনায় চলছে জ্বালানি তেল ব্যবসায়ীদের ধর্মঘট,2022,10,True,True,0,0,0,0,0,0,0,0,0,0,0,0,0,0,1,3
samakal:https://samakal.com/bangladesh/article/128093/%E0%A6%AC%E0%A7%8B%E0%A6%A4%E0%A6%B2%E0%A6%9C%E0%A6%BE%E0%A6%A4-%E0%A6%B8%E0%A7%9F%E0%A6%BE%E0%A6%AC%E0%A6%BF%E0%A6%A8-%E0%A6%A4%E0%A7%87%E0%A6%B2%E0%A7%87%E0%A6%B0-%E0%A6%A6%E0%A6%BE%E0%A6%AE-%E0%A6%B2%E0%A6%BF%E0%A6%9F%E0%A6%BE%E0%A6%B0%E0%A7%87-%E0%A7%AD-%E0%A6%9F%E0%A6%BE%E0%A6%95%E0%A6%BE-%E0%A6%AC%E0%A6%BE%E0%A7%9C%E0%A6%B2,samakal,bn,https://samakal.com/bangladesh/article/128093/%E0%A6%AC%E0%A7%8B%E0%A6%A4%E0%A6%B2%E0%A6%9C%E0%A6%BE%E0%A6%A4-%E0%A6%B8%E0%A7%9F%E0%A6%BE%E0%A6%AC%E0%A6%BF%E0%A6%A8-%E0%A6%A4%E0%A7%87%E0%A6%B2%E0%A7%87%E0%A6%B0-%E0%A6%A6%E0%A6%BE%E0%A6%AE-%E0%A6%B2%E0%A6%BF%E0%A6%9F%E0%A6%BE%E0%A6%B0%E0%A7%87-%E0%A7%AD-%E0%A6%9F%E0%A6%BE%E0%A6%95%E0%A6%BE-%E0%A6%AC%E0%A6%BE%E0%A7%9C%E0%A6%B2,2022-08-22,বোতলজাত সয়াবিন তেলের দাম লিটারে ৭ টাকা বাড়ল,2022,3,True,True,0,1,0,0,0,0,0,0,0,0,0,0,0,0,0,0
samakal:https://samakal.com/bangladesh/article/128178/%E0%A6%AC%E0%A6%BF%E0%A6%AA%E0%A6%BF%E0%A6%B8%E0%A6%BF%E0%A6%B0-%E0%A6%85%E0%A6%A8%E0%A6%BF%E0%A7%9F%E0%A6%AE-%E0%A6%9C%E0%A7%87%E0%A6%A8%E0%A7%87-%E0%A6%B8%E0%A6%82%E0%A6%B8%E0%A6%A6%E0%A7%80%E0%A7%9F-%E0%A6%95%E0%A6%AE%E0%A6%BF%E0%A6%9F%E0%A6%BF-%E0%A6%B9%E0%A6%A4%E0%A6%AC%E0%A6%BE%E0%A6%95,samakal,bn,https://samakal.com/bangladesh/article/128178/%E0%A6%AC%E0%A6%BF%E0%A6%AA%E0%A6%BF%E0%A6%B8%E0%A6%BF%E0%A6%B0-%E0%A6%85%E0%A6%A8%E0%A6%BF%E0%A7%9F%E0%A6%AE-%E0%A6%9C%E0%A7%87%E0%A6%A8%E0%A7%87-%E0%A6%B8%E0%A6%82%E0%A6%B8%E0%A6%A6%E0%A7%80%E0%A7%9F-%E0%A6%95%E0%A6%AE%E0%A6%BF%E0%A6%9F%E0%A6%BF-%E0%A6%B9%E0%A6%A4%E0%A6%AC%E0%A6%BE%E0%A6%95,2022-08-23,বিপিসির অনিয়ম জেনে সংসদীয় কমিটি হতবাক,2022,17,True,True,1,2,0,1,0,1,0,0,0,0,0,0,0,0,0,0
samakal:https://samakal.com/international/article/128701/%E0%A6%AF%E0%A7%81%E0%A6%95%E0%A7%8D%E0%A6%A4%E0%A6%B0%E0%A6%BE%E0%A6%9C%E0%A7%8D%E0%A6%AF%E0%A7%87-%E0%A6%9C%E0%A7%8D%E0%A6%AC%E0%A6%BE%E0%A6%B2%E0%A6%BE%E0%A6%A8%E0%A6%BF%E0%A6%B0-%E0%A6%A6%E0%A6%BE%E0%A6%AE-%E0%A6%AC%E0%A6%BE%E0%A7%9C%E0%A6%9B%E0%A7%87-%E0%A7%AE%E0%A7%A6-%E0%A6%B6%E0%A6%A4%E0%A6%BE%E0%A6%82%E0%A6%B6,samakal,bn,https://samakal.com/international/article/128701/%E0%A6%AF%E0%A7%81%E0%A6%95%E0%A7%8D%E0%A6%A4%E0%A6%B0%E0%A6%BE%E0%A6%9C%E0%A7%8D%E0%A6%AF%E0%A7%87-%E0%A6%9C%E0%A7%8D%E0%A6%AC%E0%A6%BE%E0%A6%B2%E0%A6%BE%E0%A6%A8%E0%A6%BF%E0%A6%B0-%E0%A6%A6%E0%A6%BE%E0%A6%AE-%E0%A6%AC%E0%A6%BE%E0%A7%9C%E0%A6%9B%E0%A7%87-%E0%A7%AE%E0%A7%A6-%E0%A6%B6%E0%A6%A4%E0%A6%BE%E0%A6%82%E0%A6%B6,2022-08-26,যুক্তরাজ্যে জ্বালানির দাম বাড়ছে ৮০ শতাংশ,2022,4,True,True,0,1,0,0,0,0,0,0,0,0,0,0,0,0,0,0
samakal:https://samakal.com/international/article/128950/%E0%A6%A1%E0%A6%BF%E0%A6%9C%E0%A7%87%E0%A6%B2-%E0%A6%89%E0%A6%A6%E0%A7%8D%E0%A6%AD%E0%A6%BE%E0%A6%AC%E0%A6%A8-%E0%A6%AB%E0%A6%BF%E0%A6%B2%E0%A6%BF%E0%A6%B8%E0%A7%8D%E0%A6%A4%E0%A6%BF%E0%A6%A8%E0%A6%BF%E0%A6%B0,samakal,bn,https://samakal.com/international/article/128950/%E0%A6%A1%E0%A6%BF%E0%A6%9C%E0%A7%87%E0%A6%B2-%E0%A6%89%E0%A6%A6%E0%A7%8D%E0%A6%AD%E0%A6%BE%E0%A6%AC%E0%A6%A8-%E0%A6%AB%E0%A6%BF%E0%A6%B2%E0%A6%BF%E0%A6%B8%E0%A7%8D%E0%A6%A4%E0%A6%BF%E0%A6%A8%E0%A6%BF%E0%A6%B0,2022-08-27,'ডিজেল' উদ্ভাবন ফিলিস্তিনির,2022,8,True,True,0,0,0,0,0,0,0,0,0,0,0,0,0,0,0,0
samakal:https://samakal.com/economics/article/129033/%E0%A6%A1%E0%A6%BF%E0%A6%9C%E0%A7%87%E0%A6%B2%E0%A7%87%E0%A6%B0-%E0%A6%86%E0%A6%97%E0%A6%BE%E0%A6%AE-%E0%A6%95%E0%A6%B0-%E0%A6%AA%E0%A7%8D%E0%A6%B0%E0%A6%A4%E0%A7%8D%E0%A6%AF%E0%A6%BE%E0%A6%B9%E0%A6%BE%E0%A6%B0-%E0%A6%95%E0%A6%AE%E0%A6%B2-%E0%A6%86%E0%A6%AE%E0%A6%A6%E0%A6%BE%E0%A6%A8%E0%A6%BF-%E0%A6%B6%E0%A7%81%E0%A6%B2%E0%A7%8D%E0%A6%95%E0%A6%93,samakal,bn,https://samakal.com/economics/article/129033/%E0%A6%A1%E0%A6%BF%E0%A6%9C%E0%A7%87%E0%A6%B2%E0%A7%87%E0%A6%B0-%E0%A6%86%E0%A6%97%E0%A6%BE%E0%A6%AE-%E0%A6%95%E0%A6%B0-%E0%A6%AA%E0%A7%8D%E0%A6%B0%E0%A6%A4%E0%A7%8D%E0%A6%AF%E0%A6%BE%E0%A6%B9%E0%A6%BE%E0%A6%B0-%E0%A6%95%E0%A6%AE%E0%A6%B2-%E0%A6%86%E0%A6%AE%E0%A6%A6%E0%A6%BE%E0%A6%A8%E0%A6%BF-%E0%A6%B6%E0%A7%81%E0%A6%B2%E0%A7%8D%E0%A6%95%E0%A6%93,2022-08-28,"ডিজেলে আগাম কর প্রত্যাহার, কমল আমদানি শুল্কও",2022,10,True,True,0,0,0,0,0,0,0,0,0,0,0,0,0,0,0,0
samakal:https://samakal.com/international/article/128967/%E0%A6%9C%E0%A7%8D%E0%A6%AC%E0%A6%BE%E0%A6%B2%E0%A6%BE%E0%A6%A8%E0%A6%BF-%E0%A6%B8%E0%A6%82%E0%A6%95%E0%A6%9F%E0%A7%87-%E0%A6%87%E0%A6%9F-%E0%A6%85%E0%A6%B0-%E0%A6%B9%E0%A6%BF%E0%A6%9F-%E0%A6%9C%E0%A7%80%E0%A6%AC%E0%A6%A8%E0%A6%AF%E0%A6%BE%E0%A6%A4%E0%A7%8D%E0%A6%B0%E0%A6%BE-%E0%A6%AF%E0%A7%81%E0%A6%95%E0%A7%8D%E0%A6%A4%E0%A6%B0%E0%A6%BE%E0%A6%9C%E0%A7%8D%E0%A6%AF%E0%A7%87,samakal,bn,https://samakal.com/international/article/128967/%E0%A6%9C%E0%A7%8D%E0%A6%AC%E0%A6%BE%E0%A6%B2%E0%A6%BE%E0%A6%A8%E0%A6%BF-%E0%A6%B8%E0%A6%82%E0%A6%95%E0%A6%9F%E0%A7%87-%E0%A6%87%E0%A6%9F-%E0%A6%85%E0%A6%B0-%E0%A6%B9%E0%A6%BF%E0%A6%9F-%E0%A6%9C%E0%A7%80%E0%A6%AC%E0%A6%A8%E0%A6%AF%E0%A6%BE%E0%A6%A4%E0%A7%8D%E0%A6%B0%E0%A6%BE-%E0%A6%AF%E0%A7%81%E0%A6%95%E0%A7%8D%E0%A6%A4%E0%A6%B0%E0%A6%BE%E0%A6%9C%E0%A7%8D%E0%A6%AF%E0%A7%87,2022-08-28,জ্বালানি সংকটে ‘ইট অর হিট’ জীবনযাত্রা যুক্তরাজ্যে,2022,2,True,True,1,3,0,0,0,0,0,0,0,1,0,0,0,0,0,0
samakal:https://samakal.com/bangladesh/article/129277/%E0%A6%AC%E0%A7%88%E0%A6%B6%E0%A7%8D%E0%A6%AC%E0%A6%BF%E0%A6%95-%E0%A6%9C%E0%A7%8D%E0%A6%AC%E0%A6%BE%E0%A6%B2%E0%A6%BE%E0%A6%A8%E0%A6%BF-%E0%A6%B8%E0%A6%82%E0%A6%95%E0%A6%9F-%E0%A6%A8%E0%A6%BF%E0%A6%B0%E0%A6%B8%E0%A6%A8%E0%A7%87-%E0%A6%AA%E0%A7%8D%E0%A6%B0%E0%A6%B8%E0%A7%8D%E0%A6%A4%E0%A7%81%E0%A6%A4-%E0%A6%B9%E0%A6%9A%E0%A7%8D%E0%A6%9B%E0%A7%87-%E0%A6%AC%E0%A6%BE%E0%A6%82%E0%A6%B2%E0%A6%BE%E0%A6%A6%E0%A7%87%E0%A6%B6-%E0%A6%B8%E0%A6%9C%E0%A7%80%E0%A6%AC-%E0%A6%93%E0%A7%9F%E0%A6%BE%E0%A6%9C%E0%A7%87%E0%A6%A6,samakal,bn,https://samakal.com/bangladesh/article/129277/%E0%A6%AC%E0%A7%88%E0%A6%B6%E0%A7%8D%E0%A6%AC%E0%A6%BF%E0%A6%95-%E0%A6%9C%E0%A7%8D%E0%A6%AC%E0%A6%BE%E0%A6%B2%E0%A6%BE%E0%A6%A8%E0%A6%BF-%E0%A6%B8%E0%A6%82%E0%A6%95%E0%A6%9F-%E0%A6%A8%E0%A6%BF%E0%A6%B0%E0%A6%B8%E0%A6%A8%E0%A7%87-%E0%A6%AA%E0%A7%8D%E0%A6%B0%E0%A6%B8%E0%A7%8D%E0%A6%A4%E0%A7%81%E0%A6%A4-%E0%A6%B9%E0%A6%9A%E0%A7%8D%E0%A6%9B%E0%A7%87-%E0%A6%AC%E0%A6%BE%E0%A6%82%E0%A6%B2%E0%A6%BE%E0%A6%A6%E0%A7%87%E0%A6%B6-%E0%A6%B8%E0%A6%9C%E0%A7%80%E0%A6%AC-%E0%A6%93%E0%A7%9F%E0%A6%BE%E0%A6%9C%E0%A7%87%E0%A6%A6,2022-08-29,বৈশ্বিক জ্বালানি সংকট নিরসনে প্রস্তুত হচ্ছে বাংলাদেশ: সজীব ওয়াজেদ,2022,13,True,True,1,3,0,0,0,0,0,0,0,0,0,0,0,0,0,0
samakal:https://samakal.com/economics/article/129193/%E0%A6%9C%E0%A7%8D%E0%A6%AC%E0%A6%BE%E0%A6%B2%E0%A6%BE%E0%A6%A8%E0%A6%BF-%E0%A6%A4%E0%A7%87%E0%A6%B2%E0%A7%87%E0%A6%B0-%E0%A6%A6%E0%A6%BE%E0%A6%AE-%E0%A6%95%E0%A6%AE%E0%A6%B2-%E0%A6%B2%E0%A6%BF%E0%A6%9F%E0%A6%BE%E0%A6%B0%E0%A7%87-%E0%A7%AB-%E0%A6%9F%E0%A6%BE%E0%A6%95%E0%A6%BE,samakal,bn,https://samakal.com/economics/article/129193/%E0%A6%9C%E0%A7%8D%E0%A6%AC%E0%A6%BE%E0%A6%B2%E0%A6%BE%E0%A6%A8%E0%A6%BF-%E0%A6%A4%E0%A7%87%E0%A6%B2%E0%A7%87%E0%A6%B0-%E0%A6%A6%E0%A6%BE%E0%A6%AE-%E0%A6%95%E0%A6%AE%E0%A6%B2-%E0%A6%B2%E0%A6%BF%E0%A6%9F%E0%A6%BE%E0%A6%B0%E0%A7%87-%E0%A7%AB-%E0%A6%9F%E0%A6%BE%E0%A6%95%E0%A6%BE,2022-08-29,জ্বালানি তেলের দাম কমল লিটারে ৫ টাকা,2022,1,True,True,0,0,0,0,0,0,0,0,0,0,0,0,0,0,0,0
samakal:https://samakal.com/bangladesh/article/129152/%E0%A6%A6%E0%A7%81%E0%A6%87%E0%A6%8F%E0%A6%95%E0%A6%A6%E0%A6%BF%E0%A6%A8%E0%A7%87%E0%A6%B0-%E0%A6%AE%E0%A6%A7%E0%A7%8D%E0%A6%AF%E0%A7%87-%E0%A6%9C%E0%A7%8D%E0%A6%AC%E0%A6%BE%E0%A6%B2%E0%A6%BE%E0%A6%A8%E0%A6%BF-%E0%A6%A4%E0%A7%87%E0%A6%B2%E0%A7%87%E0%A6%B0-%E0%A6%A6%E0%A6%BE%E0%A6%AE-%E0%A6%B8%E0%A6%AE%E0%A6%A8%E0%A7%8D%E0%A6%AC%E0%A7%9F-%E0%A6%B9%E0%A6%A4%E0%A7%87-%E0%A6%AA%E0%A6%BE%E0%A6%B0%E0%A7%87-%E0%A6%A8%E0%A6%B8%E0%A6%B0%E0%A7%81%E0%A6%B2-%E0%A6%B9%E0%A6%BE%E0%A6%AE%E0%A6%BF%E0%A6%A6,samakal,bn,https://samakal.com/bangladesh/article/129152/%E0%A6%A6%E0%A7%81%E0%A6%87%E0%A6%8F%E0%A6%95%E0%A6%A6%E0%A6%BF%E0%A6%A8%E0%A7%87%E0%A6%B0-%E0%A6%AE%E0%A6%A7%E0%A7%8D%E0%A6%AF%E0%A7%87-%E0%A6%9C%E0%A7%8D%E0%A6%AC%E0%A6%BE%E0%A6%B2%E0%A6%BE%E0%A6%A8%E0%A6%BF-%E0%A6%A4%E0%A7%87%E0%A6%B2%E0%A7%87%E0%A6%B0-%E0%A6%A6%E0%A6%BE%E0%A6%AE-%E0%A6%B8%E0%A6%AE%E0%A6%A8%E0%A7%8D%E0%A6%AC%E0%A7%9F-%E0%A6%B9%E0%A6%A4%E0%A7%87-%E0%A6%AA%E0%A6%BE%E0%A6%B0%E0%A7%87-%E0%A6%A8%E0%A6%B8%E0%A6%B0%E0%A7%81%E0%A6%B2-%E0%A6%B9%E0%A6%BE%E0%A6%AE%E0%A6%BF%E0%A6%A6,2022-08-29,জ্বালানি তেলের দাম সমন্বয় হতে পারে: নসরুল হামিদ,2022,15,True,True,0,1,0,0,0,0,0,0,0,0,0,0,0,0,0,0
samakal:https://samakal.com/economics/article/129142/%E0%A6%A4%E0%A7%87%E0%A6%B2%E0%A7%87%E0%A6%B0-%E0%A6%A6%E0%A6%BE%E0%A6%AE-%E0%A6%95%E0%A6%AE%E0%A6%BE%E0%A6%A8%E0%A7%8B-%E0%A6%B9%E0%A6%AC%E0%A7%87-%E0%A6%95%E0%A6%BF-%E0%A6%A8%E0%A6%BE-%E0%A6%B8%E0%A6%BF%E0%A6%A6%E0%A7%8D%E0%A6%A7%E0%A6%BE%E0%A6%A8%E0%A7%8D%E0%A6%A4-%E0%A6%B8%E0%A6%B0%E0%A6%95%E0%A6%BE%E0%A6%B0%E0%A7%87%E0%A6%B0-%E0%A6%AC%E0%A6%BF%E0%A6%AA%E0%A6%BF%E0%A6%B8%E0%A6%BF-%E0%A6%9A%E0%A7%87%E0%A7%9F%E0%A6%BE%E0%A6%B0%E0%A6%AE%E0%A7%8D%E0%A6%AF%E0%A6%BE%E0%A6%A8,samakal,bn,https://samakal.com/economics/article/129142/%E0%A6%A4%E0%A7%87%E0%A6%B2%E0%A7%87%E0%A6%B0-%E0%A6%A6%E0%A6%BE%E0%A6%AE-%E0%A6%95%E0%A6%AE%E0%A6%BE%E0%A6%A8%E0%A7%8B-%E0%A6%B9%E0%A6%AC%E0%A7%87-%E0%A6%95%E0%A6%BF-%E0%A6%A8%E0%A6%BE-%E0%A6%B8%E0%A6%BF%E0%A6%A6%E0%A7%8D%E0%A6%A7%E0%A6%BE%E0%A6%A8%E0%A7%8D%E0%A6%A4-%E0%A6%B8%E0%A6%B0%E0%A6%95%E0%A6%BE%E0%A6%B0%E0%A7%87%E0%A6%B0-%E0%A6%AC%E0%A6%BF%E0%A6%AA%E0%A6%BF%E0%A6%B8%E0%A6%BF-%E0%A6%9A%E0%A7%87%E0%A7%9F%E0%A6%BE%E0%A6%B0%E0%A6%AE%E0%A7%8D%E0%A6%AF%E0%A6%BE%E0%A6%A8,2022-08-29,তেলের দাম কমানো হবে কি না সিদ্ধান্ত সরকারের: বিপিসি চেয়ারম্যান,2022,15,True,True,0,0,0,0,0,0,0,0,0,0,0,0,0,0,0,0
samakal:https://samakal.com/economics/article/129419/%E0%A6%A4%E0%A7%87%E0%A6%B2%E0%A7%87%E0%A6%B0-%E0%A6%A6%E0%A6%BE%E0%A6%AE-%E0%A6%AC%E0%A6%BE%E0%A7%9C%E0%A6%BE%E0%A6%B0-%E0%A6%96%E0%A6%AC%E0%A6%B0%E0%A7%87%E0%A6%87-%E0%A6%A6%E0%A7%8D%E0%A6%B0%E0%A6%AC%E0%A7%8D%E0%A6%AF%E0%A6%AE%E0%A7%82%E0%A6%B2%E0%A7%8D%E0%A6%AF-%E0%A6%AC%E0%A6%BE%E0%A7%9C%E0%A7%87-%E0%A6%95%E0%A6%AE%E0%A6%BE%E0%A7%9F-%E0%A6%AA%E0%A7%8D%E0%A6%B0%E0%A6%AD%E0%A6%BE%E0%A6%AC-%E0%A6%A8%E0%A7%87%E0%A6%87,samakal,bn,https://samakal.com/economics/article/129419/%E0%A6%A4%E0%A7%87%E0%A6%B2%E0%A7%87%E0%A6%B0-%E0%A6%A6%E0%A6%BE%E0%A6%AE-%E0%A6%AC%E0%A6%BE%E0%A7%9C%E0%A6%BE%E0%A6%B0-%E0%A6%96%E0%A6%AC%E0%A6%B0%E0%A7%87%E0%A6%87-%E0%A6%A6%E0%A7%8D%E0%A6%B0%E0%A6%AC%E0%A7%8D%E0%A6%AF%E0%A6%AE%E0%A7%82%E0%A6%B2%E0%A7%8D%E0%A6%AF-%E0%A6%AC%E0%A6%BE%E0%A7%9C%E0%A7%87-%E0%A6%95%E0%A6%AE%E0%A6%BE%E0%A7%9F-%E0%A6%AA%E0%A7%8D%E0%A6%B0%E0%A6%AD%E0%A6%BE%E0%A6%AC-%E0%A6%A8%E0%A7%87%E0%A6%87,2022-08-30,"তেলের দাম বাড়ার খবরেই দ্রব্যমূল্য বাড়ে, কমায় প্রভাব নেই",2022,17,True,True,0,1,0,0,0,0,0,0,0,0,0,0,0,0,0,0
samakal:https://samakal.com/economics/article/129359/%E0%A6%9C%E0%A7%8D%E0%A6%AC%E0%A6%BE%E0%A6%B2%E0%A6%BE%E0%A6%A8%E0%A6%BF-%E0%A6%A4%E0%A7%87%E0%A6%B2%E0%A7%87%E0%A6%B0-%E0%A6%A6%E0%A6%BE%E0%A6%AE-%E0%A6%B8%E0%A6%AE%E0%A6%A8%E0%A7%8D%E0%A6%AC%E0%A7%9F-%E0%A6%85%E0%A6%B0%E0%A7%8D%E0%A6%A5%E0%A6%A8%E0%A7%80%E0%A6%A4%E0%A6%BF%E0%A6%A4%E0%A7%87-%E0%A6%9A%E0%A6%BE%E0%A6%AA-%E0%A6%95%E0%A6%AE%E0%A6%BE%E0%A6%AC%E0%A7%87,samakal,bn,https://samakal.com/economics/article/129359/%E0%A6%9C%E0%A7%8D%E0%A6%AC%E0%A6%BE%E0%A6%B2%E0%A6%BE%E0%A6%A8%E0%A6%BF-%E0%A6%A4%E0%A7%87%E0%A6%B2%E0%A7%87%E0%A6%B0-%E0%A6%A6%E0%A6%BE%E0%A6%AE-%E0%A6%B8%E0%A6%AE%E0%A6%A8%E0%A7%8D%E0%A6%AC%E0%A7%9F-%E0%A6%85%E0%A6%B0%E0%A7%8D%E0%A6%A5%E0%A6%A8%E0%A7%80%E0%A6%A4%E0%A6%BF%E0%A6%A4%E0%A7%87-%E0%A6%9A%E0%A6%BE%E0%A6%AA-%E0%A6%95%E0%A6%AE%E0%A6%BE%E0%A6%AC%E0%A7%87,2022-08-30,জ্বালানি তেলের দাম সমন্বয় অর্থনীতিতে চাপ কমাবে,2022,10,True,True,0,1,0,0,0,0,0,0,0,0,0,0,0,0,0,0
samakal:https://samakal.com/whole-country/article/129323/%E0%A6%96%E0%A7%81%E0%A6%B2%E0%A6%A8%E0%A6%BE%E0%A7%9F-%E0%A6%AC%E0%A7%8D%E0%A6%AF%E0%A6%AC%E0%A6%B8%E0%A6%BE%E0%A7%9F%E0%A7%80%E0%A6%A6%E0%A7%87%E0%A6%B0-%E0%A6%A7%E0%A6%B0%E0%A7%8D%E0%A6%AE%E0%A6%98%E0%A6%9F-%E0%A7%A7%E0%A7%AB-%E0%A6%9C%E0%A7%87%E0%A6%B2%E0%A6%BE%E0%A7%9F-%E0%A6%9C%E0%A7%8D%E0%A6%AC%E0%A6%BE%E0%A6%B2%E0%A6%BE%E0%A6%A8%E0%A6%BF-%E0%A6%A4%E0%A7%87%E0%A6%B2-%E0%A6%B8%E0%A6%B0%E0%A6%AC%E0%A6%B0%E0%A6%BE%E0%A6%B9-%E0%A6%AC%E0%A6%A8%E0%A7%8D%E0%A6%A7,samakal,bn,https://samakal.com/whole-country/article/129323/%E0%A6%96%E0%A7%81%E0%A6%B2%E0%A6%A8%E0%A6%BE%E0%A7%9F-%E0%A6%AC%E0%A7%8D%E0%A6%AF%E0%A6%AC%E0%A6%B8%E0%A6%BE%E0%A7%9F%E0%A7%80%E0%A6%A6%E0%A7%87%E0%A6%B0-%E0%A6%A7%E0%A6%B0%E0%A7%8D%E0%A6%AE%E0%A6%98%E0%A6%9F-%E0%A7%A7%E0%A7%AB-%E0%A6%9C%E0%A7%87%E0%A6%B2%E0%A6%BE%E0%A7%9F-%E0%A6%9C%E0%A7%8D%E0%A6%AC%E0%A6%BE%E0%A6%B2%E0%A6%BE%E0%A6%A8%E0%A6%BF-%E0%A6%A4%E0%A7%87%E0%A6%B2-%E0%A6%B8%E0%A6%B0%E0%A6%AC%E0%A6%B0%E0%A6%BE%E0%A6%B9-%E0%A6%AC%E0%A6%A8%E0%A7%8D%E0%A6%A7,2022-08-30,"খুলনায় ব্যবসায়ীদের ধর্মঘট, ১৫ জেলায় জ্বালানি তেল সরবরাহ বন্ধ",2022,9,True,True,0,0,0,0,0,0,0,0,0,0,0,0,0,0,1,4
samakal:https://samakal.com/bangladesh/article/129313/%E0%A6%9C%E0%A7%8D%E0%A6%AC%E0%A6%BE%E0%A6%B2%E0%A6%BE%E0%A6%A8%E0%A6%BF-%E0%A6%A4%E0%A7%87%E0%A6%B2%E0%A7%87%E0%A6%B0-%E0%A6%AE%E0%A7%82%E0%A6%B2%E0%A7%8D%E0%A6%AF-%E0%A6%A8%E0%A6%BF%E0%A7%9F%E0%A6%AE%E0%A6%BF%E0%A6%A4-%E0%A6%B8%E0%A6%AE%E0%A6%A8%E0%A7%8D%E0%A6%AC%E0%A7%9F-%E0%A6%95%E0%A6%B0%E0%A6%AC%E0%A7%8B-%E0%A6%9C%E0%A7%8D%E0%A6%AC%E0%A6%BE%E0%A6%B2%E0%A6%BE%E0%A6%A8%E0%A6%BF-%E0%A6%AA%E0%A7%8D%E0%A6%B0%E0%A6%A4%E0%A6%BF%E0%A6%AE%E0%A6%A8%E0%A7%8D%E0%A6%A4%E0%A7%8D%E0%A6%B0%E0%A7%80,samakal,bn,https://samakal.com/bangladesh/article/129313/%E0%A6%9C%E0%A7%8D%E0%A6%AC%E0%A6%BE%E0%A6%B2%E0%A6%BE%E0%A6%A8%E0%A6%BF-%E0%A6%A4%E0%A7%87%E0%A6%B2%E0%A7%87%E0%A6%B0-%E0%A6%AE%E0%A7%82%E0%A6%B2%E0%A7%8D%E0%A6%AF-%E0%A6%A8%E0%A6%BF%E0%A7%9F%E0%A6%AE%E0%A6%BF%E0%A6%A4-%E0%A6%B8%E0%A6%AE%E0%A6%A8%E0%A7%8D%E0%A6%AC%E0%A7%9F-%E0%A6%95%E0%A6%B0%E0%A6%AC%E0%A7%8B-%E0%A6%9C%E0%A7%8D%E0%A6%AC%E0%A6%BE%E0%A6%B2%E0%A6%BE%E0%A6%A8%E0%A6%BF-%E0%A6%AA%E0%A7%8D%E0%A6%B0%E0%A6%A4%E0%A6%BF%E0%A6%AE%E0%A6%A8%E0%A7%8D%E0%A6%A4%E0%A7%8D%E0%A6%B0%E0%A7%80,2022-08-30,জ্বালানি তেলের মূল্য নিয়মিত সমন্বয় করবো: প্রতিমন্ত্রী,2022,24,True,True,1,5,0,0,0,0,0,0,0,0,0,1,1,3,0,0
samakal:https://samakal.com/politics/article/129534/%E0%A6%9C%E0%A7%8D%E0%A6%AC%E0%A6%BE%E0%A6%B2%E0%A6%BE%E0%A6%A8%E0%A6%BF%E0%A6%B0-%E0%A6%A6%E0%A6%BE%E0%A6%AE-%E0%A7%AB-%E0%A6%9F%E0%A6%BE%E0%A6%95%E0%A6%BE-%E0%A6%95%E0%A6%AE%E0%A6%BE%E0%A6%A8%E0%A7%8B-%E0%A6%A4%E0%A6%BE%E0%A6%AE%E0%A6%BE%E0%A6%B6%E0%A6%BE-%E0%A6%93-%E0%A6%AA%E0%A7%8D%E0%A6%B0%E0%A6%A4%E0%A6%BE%E0%A6%B0%E0%A6%A3%E0%A6%BE-%E0%A6%B0%E0%A6%BF%E0%A6%9C%E0%A6%AD%E0%A7%80,samakal,bn,https://samakal.com/politics/article/129534/%E0%A6%9C%E0%A7%8D%E0%A6%AC%E0%A6%BE%E0%A6%B2%E0%A6%BE%E0%A6%A8%E0%A6%BF%E0%A6%B0-%E0%A6%A6%E0%A6%BE%E0%A6%AE-%E0%A7%AB-%E0%A6%9F%E0%A6%BE%E0%A6%95%E0%A6%BE-%E0%A6%95%E0%A6%AE%E0%A6%BE%E0%A6%A8%E0%A7%8B-%E0%A6%A4%E0%A6%BE%E0%A6%AE%E0%A6%BE%E0%A6%B6%E0%A6%BE-%E0%A6%93-%E0%A6%AA%E0%A7%8D%E0%A6%B0%E0%A6%A4%E0%A6%BE%E0%A6%B0%E0%A6%A3%E0%A6%BE-%E0%A6%B0%E0%A6%BF%E0%A6%9C%E0%A6%AD%E0%A7%80,2022-08-31,জ্বালানির দাম ৫ টাকা কমানো তামাশা ও প্রতারণা: রিজভী,2022,5,True,True,0,0,0,1,1,3,1,3,0,0,0,0,0,0,0,1
samakal:https://samakal.com/bangladesh/article/129661/%E0%A6%AC%E0%A7%8B%E0%A6%B0%E0%A7%8B-%E0%A6%AE%E0%A7%8C%E0%A6%B8%E0%A7%81%E0%A6%AE%E0%A7%87-%E0%A6%A1%E0%A6%BF%E0%A6%9C%E0%A7%87%E0%A6%B2%E0%A7%87-%E0%A6%AD%E0%A6%B0%E0%A7%8D%E0%A6%A4%E0%A7%81%E0%A6%95%E0%A6%BF%E0%A6%B0-%E0%A6%AC%E0%A6%BF%E0%A6%B7%E0%A7%9F-%E0%A6%AC%E0%A6%BF%E0%A6%AC%E0%A7%87%E0%A6%9A%E0%A6%A8%E0%A6%BE%E0%A7%9F-%E0%A6%86%E0%A6%9B%E0%A7%87-%E0%A6%95%E0%A7%83%E0%A6%B7%E0%A6%BF%E0%A6%AE%E0%A6%A8%E0%A7%8D%E0%A6%A4%E0%A7%8D%E0%A6%B0%E0%A7%80,samakal,bn,https://samakal.com/bangladesh/article/129661/%E0%A6%AC%E0%A7%8B%E0%A6%B0%E0%A7%8B-%E0%A6%AE%E0%A7%8C%E0%A6%B8%E0%A7%81%E0%A6%AE%E0%A7%87-%E0%A6%A1%E0%A6%BF%E0%A6%9C%E0%A7%87%E0%A6%B2%E0%A7%87-%E0%A6%AD%E0%A6%B0%E0%A7%8D%E0%A6%A4%E0%A7%81%E0%A6%95%E0%A6%BF%E0%A6%B0-%E0%A6%AC%E0%A6%BF%E0%A6%B7%E0%A7%9F-%E0%A6%AC%E0%A6%BF%E0%A6%AC%E0%A7%87%E0%A6%9A%E0%A6%A8%E0%A6%BE%E0%A7%9F-%E0%A6%86%E0%A6%9B%E0%A7%87-%E0%A6%95%E0%A7%83%E0%A6%B7%E0%A6%BF%E0%A6%AE%E0%A6%A8%E0%A7%8D%E0%A6%A4%E0%A7%8D%E0%A6%B0%E0%A7%80,2022-09-01,বোরো মৌসুমে ডিজেলে ভর্তুকির বিষয় বিবেচনায় আছে: কৃষিমন্ত্রী,2022,7,True,True,1,3,0,0,0,0,0,0,0,0,0,0,1,4,0,0
samakal:https://samakal.com/capital/article/129901/%E0%A6%9C%E0%A7%8D%E0%A6%AC%E0%A6%BE%E0%A6%B2%E0%A6%BE%E0%A6%A8%E0%A6%BF-%E0%A6%B8%E0%A6%82%E0%A6%95%E0%A6%9F-%E0%A6%93-%E0%A6%9A%E0%A6%BE-%E0%A6%B6%E0%A7%8D%E0%A6%B0%E0%A6%AE%E0%A6%BF%E0%A6%95-%E0%A6%B6%E0%A7%8B%E0%A6%B7%E0%A6%A3%E0%A7%87%E0%A6%B0-%E0%A6%AC%E0%A6%BF%E0%A6%B0%E0%A7%81%E0%A6%A6%E0%A7%8D%E0%A6%A7%E0%A7%87-%E0%A6%B6%E0%A6%BE%E0%A6%B9%E0%A6%AC%E0%A6%BE%E0%A6%97%E0%A7%87-%E0%A6%B8%E0%A6%BE%E0%A6%82%E0%A6%B8%E0%A7%8D%E0%A6%95%E0%A7%83%E0%A6%A4%E0%A6%BF%E0%A6%95-%E0%A6%AA%E0%A7%8D%E0%A6%B0%E0%A6%A4%E0%A6%BF%E0%A6%AC%E0%A6%BE%E0%A6%A6,samakal,bn,https://samakal.com/capital/article/129901/%E0%A6%9C%E0%A7%8D%E0%A6%AC%E0%A6%BE%E0%A6%B2%E0%A6%BE%E0%A6%A8%E0%A6%BF-%E0%A6%B8%E0%A6%82%E0%A6%95%E0%A6%9F-%E0%A6%93-%E0%A6%9A%E0%A6%BE-%E0%A6%B6%E0%A7%8D%E0%A6%B0%E0%A6%AE%E0%A6%BF%E0%A6%95-%E0%A6%B6%E0%A7%8B%E0%A6%B7%E0%A6%A3%E0%A7%87%E0%A6%B0-%E0%A6%AC%E0%A6%BF%E0%A6%B0%E0%A7%81%E0%A6%A6%E0%A7%8D%E0%A6%A7%E0%A7%87-%E0%A6%B6%E0%A6%BE%E0%A6%B9%E0%A6%AC%E0%A6%BE%E0%A6%97%E0%A7%87-%E0%A6%B8%E0%A6%BE%E0%A6%82%E0%A6%B8%E0%A7%8D%E0%A6%95%E0%A7%83%E0%A6%A4%E0%A6%BF%E0%A6%95-%E0%A6%AA%E0%A7%8D%E0%A6%B0%E0%A6%A4%E0%A6%BF%E0%A6%AC%E0%A6%BE%E0%A6%A6,2022-09-02,জ্বালানি সংকট ও চা শ্রমিক শোষণের বিরুদ্ধে শাহবাগে সাংস্কৃতিক প্রতিবাদ,2022,1,True,True,0,0,1,2,0,0,0,0,0,1,0,0,0,0,1,5
samakal:https://samakal.com/bangladesh/article/130529/%E0%A6%AD%E0%A6%BE%E0%A6%B0%E0%A6%A4-%E0%A6%A5%E0%A7%87%E0%A6%95%E0%A7%87-%E0%A6%A1%E0%A6%BF%E0%A6%9C%E0%A7%87%E0%A6%B2-%E0%A6%95%E0%A7%87%E0%A6%A8%E0%A6%BE%E0%A6%B0-%E0%A6%86%E0%A6%B2%E0%A7%8B%E0%A6%9A%E0%A6%A8%E0%A6%BE-%E0%A6%9A%E0%A6%B2%E0%A6%9B%E0%A7%87-%E0%A6%AA%E0%A6%B0%E0%A6%B0%E0%A6%BE%E0%A6%B7%E0%A7%8D%E0%A6%9F%E0%A7%8D%E0%A6%B0-%E0%A6%AA%E0%A7%8D%E0%A6%B0%E0%A6%A4%E0%A6%BF%E0%A6%AE%E0%A6%A8%E0%A7%8D%E0%A6%A4%E0%A7%8D%E0%A6%B0%E0%A7%80,samakal,bn,https://samakal.com/bangladesh/article/130529/%E0%A6%AD%E0%A6%BE%E0%A6%B0%E0%A6%A4-%E0%A6%A5%E0%A7%87%E0%A6%95%E0%A7%87-%E0%A6%A1%E0%A6%BF%E0%A6%9C%E0%A7%87%E0%A6%B2-%E0%A6%95%E0%A7%87%E0%A6%A8%E0%A6%BE%E0%A6%B0-%E0%A6%86%E0%A6%B2%E0%A7%8B%E0%A6%9A%E0%A6%A8%E0%A6%BE-%E0%A6%9A%E0%A6%B2%E0%A6%9B%E0%A7%87-%E0%A6%AA%E0%A6%B0%E0%A6%B0%E0%A6%BE%E0%A6%B7%E0%A7%8D%E0%A6%9F%E0%A7%8D%E0%A6%B0-%E0%A6%AA%E0%A7%8D%E0%A6%B0%E0%A6%A4%E0%A6%BF%E0%A6%AE%E0%A6%A8%E0%A7%8D%E0%A6%A4%E0%A7%8D%E0%A6%B0%E0%A7%80,2022-09-06,ভারত থেকে ডিজেল কেনার আলোচনা চলছে: পররাষ্ট্র প্রতিমন্ত্রী,2022,2,True,True,0,0,0,0,0,0,1,2,0,0,0,0,0,0,0,0
samakal:https://samakal.com/whole-country/article/130847/%E0%A6%A4%E0%A7%87%E0%A6%B2%E0%A7%87%E0%A6%B0-%E0%A6%A6%E0%A6%BE%E0%A6%AE-%E0%A6%86%E0%A6%B0%E0%A6%93-%E0%A6%95%E0%A6%AE%E0%A6%BE%E0%A6%A8%E0%A7%8B-%E0%A6%B9%E0%A6%AC%E0%A7%87-%E0%A6%AA%E0%A6%B0%E0%A6%BF%E0%A6%95%E0%A6%B2%E0%A7%8D%E0%A6%AA%E0%A6%A8%E0%A6%BE%E0%A6%AE%E0%A6%A8%E0%A7%8D%E0%A6%A4%E0%A7%8D%E0%A6%B0%E0%A7%80,samakal,bn,https://samakal.com/whole-country/article/130847/%E0%A6%A4%E0%A7%87%E0%A6%B2%E0%A7%87%E0%A6%B0-%E0%A6%A6%E0%A6%BE%E0%A6%AE-%E0%A6%86%E0%A6%B0%E0%A6%93-%E0%A6%95%E0%A6%AE%E0%A6%BE%E0%A6%A8%E0%A7%8B-%E0%A6%B9%E0%A6%AC%E0%A7%87-%E0%A6%AA%E0%A6%B0%E0%A6%BF%E0%A6%95%E0%A6%B2%E0%A7%8D%E0%A6%AA%E0%A6%A8%E0%A6%BE%E0%A6%AE%E0%A6%A8%E0%A7%8D%E0%A6%A4%E0%A7%8D%E0%A6%B0%E0%A7%80,2022-09-08,তেলের দাম আরও কমানো হবে: পরিকল্পনামন্ত্রী,2022,4,True,True,0,1,0,0,0,0,0,0,0,0,0,0,0,0,0,0
samakal:https://samakal.com/economics/article/130821/%E0%A6%9C%E0%A7%8D%E0%A6%AC%E0%A6%BE%E0%A6%B2%E0%A6%BE%E0%A6%A8%E0%A6%BF-%E0%A6%A4%E0%A7%87%E0%A6%B2%E0%A7%87%E0%A6%B0-%E0%A6%A6%E0%A6%BE%E0%A6%AE-%E0%A6%A8%E0%A6%BE%E0%A6%AE%E0%A6%B2-%E0%A7%AF%E0%A7%A6-%E0%A6%A1%E0%A6%B2%E0%A6%BE%E0%A6%B0%E0%A7%87%E0%A6%B0-%E0%A6%A8%E0%A6%BF%E0%A6%9A%E0%A7%87,samakal,bn,https://samakal.com/economics/article/130821/%E0%A6%9C%E0%A7%8D%E0%A6%AC%E0%A6%BE%E0%A6%B2%E0%A6%BE%E0%A6%A8%E0%A6%BF-%E0%A6%A4%E0%A7%87%E0%A6%B2%E0%A7%87%E0%A6%B0-%E0%A6%A6%E0%A6%BE%E0%A6%AE-%E0%A6%A8%E0%A6%BE%E0%A6%AE%E0%A6%B2-%E0%A7%AF%E0%A7%A6-%E0%A6%A1%E0%A6%B2%E0%A6%BE%E0%A6%B0%E0%A7%87%E0%A6%B0-%E0%A6%A8%E0%A6%BF%E0%A6%9A%E0%A7%87,2022-09-08,জ্বালানি তেলের দাম নামল ৯০ ডলারের নিচে,2022,14,True,True,1,7,0,0,0,0,0,0,0,0,0,0,0,0,0,0
samakal:https://samakal.com/whole-country/article/131066/-%E0%A6%A6%E0%A7%81%E0%A6%AE%E0%A6%BE%E0%A6%B8%E0%A7%87%E0%A6%B0-%E0%A6%AE%E0%A6%A7%E0%A7%8D%E0%A6%AF%E0%A7%87-%E0%A6%86%E0%A6%B0%E0%A6%93-%E0%A6%95%E0%A6%AE%E0%A6%AC%E0%A7%87-%E0%A6%B8%E0%A7%9F%E0%A6%BE%E0%A6%AC%E0%A6%BF%E0%A6%A8-%E0%A6%A4%E0%A7%87%E0%A6%B2%E0%A7%87%E0%A6%B0-%E0%A6%A6%E0%A6%BE%E0%A6%AE-%E0%A6%AC%E0%A6%BE%E0%A6%A3%E0%A6%BF%E0%A6%9C%E0%A7%8D%E0%A6%AF%E0%A6%AE%E0%A6%A8%E0%A7%8D%E0%A6%A4%E0%A7%8D%E0%A6%B0%E0%A7%80,samakal,bn,https://samakal.com/whole-country/article/131066/-%E0%A6%A6%E0%A7%81%E0%A6%AE%E0%A6%BE%E0%A6%B8%E0%A7%87%E0%A6%B0-%E0%A6%AE%E0%A6%A7%E0%A7%8D%E0%A6%AF%E0%A7%87-%E0%A6%86%E0%A6%B0%E0%A6%93-%E0%A6%95%E0%A6%AE%E0%A6%AC%E0%A7%87-%E0%A6%B8%E0%A7%9F%E0%A6%BE%E0%A6%AC%E0%A6%BF%E0%A6%A8-%E0%A6%A4%E0%A7%87%E0%A6%B2%E0%A7%87%E0%A6%B0-%E0%A6%A6%E0%A6%BE%E0%A6%AE-%E0%A6%AC%E0%A6%BE%E0%A6%A3%E0%A6%BF%E0%A6%9C%E0%A7%8D%E0%A6%AF%E0%A6%AE%E0%A6%A8%E0%A7%8D%E0%A6%A4%E0%A7%8D%E0%A6%B0%E0%A7%80,2022-09-10,"২ মাসের মধ্যে কমবে সয়াবিন তেলের দাম, আশা বাণিজ্যমন্ত্রীর",2022,4,True,True,1,2,0,0,0,0,0,1,0,0,0,0,0,0,0,0
samakal:https://samakal.com/bangladesh/article/131780/%E0%A6%AD%E0%A6%BE%E0%A6%B0%E0%A6%A4-%E0%A6%A5%E0%A7%87%E0%A6%95%E0%A7%87-%E0%A6%B8%E0%A6%BE%E0%A6%B6%E0%A7%8D%E0%A6%B0%E0%A7%9F%E0%A7%80-%E0%A6%AE%E0%A7%82%E0%A6%B2%E0%A7%8D%E0%A6%AF%E0%A7%87-%E0%A6%9C%E0%A7%8D%E0%A6%AC%E0%A6%BE%E0%A6%B2%E0%A6%BE%E0%A6%A8%E0%A6%BF-%E0%A6%A4%E0%A7%87%E0%A6%B2-%E0%A6%86%E0%A6%B8%E0%A6%AC%E0%A7%87-%E0%A6%AA%E0%A7%8D%E0%A6%B0%E0%A6%A7%E0%A6%BE%E0%A6%A8%E0%A6%AE%E0%A6%A8%E0%A7%8D%E0%A6%A4%E0%A7%8D%E0%A6%B0%E0%A7%80,samakal,bn,https://samakal.com/bangladesh/article/131780/%E0%A6%AD%E0%A6%BE%E0%A6%B0%E0%A6%A4-%E0%A6%A5%E0%A7%87%E0%A6%95%E0%A7%87-%E0%A6%B8%E0%A6%BE%E0%A6%B6%E0%A7%8D%E0%A6%B0%E0%A7%9F%E0%A7%80-%E0%A6%AE%E0%A7%82%E0%A6%B2%E0%A7%8D%E0%A6%AF%E0%A7%87-%E0%A6%9C%E0%A7%8D%E0%A6%AC%E0%A6%BE%E0%A6%B2%E0%A6%BE%E0%A6%A8%E0%A6%BF-%E0%A6%A4%E0%A7%87%E0%A6%B2-%E0%A6%86%E0%A6%B8%E0%A6%AC%E0%A7%87-%E0%A6%AA%E0%A7%8D%E0%A6%B0%E0%A6%A7%E0%A6%BE%E0%A6%A8%E0%A6%AE%E0%A6%A8%E0%A7%8D%E0%A6%A4%E0%A7%8D%E0%A6%B0%E0%A7%80,2022-09-14,ভারত থেকে সাশ্রয়ী মূল্যে জ্বালানি তেল আসবে: প্রধানমন্ত্রী,2022,6,True,True,0,0,0,0,0,0,1,3,0,0,0,0,0,0,0,0
samakal:https://samakal.com/international/article/340896/%E0%A6%B9%E0%A6%B0%E0%A6%AE%E0%A7%81%E0%A6%9C-%E0%A6%AA%E0%A7%8D%E0%A6%B0%E0%A6%A3%E0%A6%BE%E0%A6%B2%E0%A7%80-%E0%A6%AC%E0%A6%A8%E0%A7%8D%E0%A6%A7%E0%A7%87-%E0%A6%A4%E0%A7%87%E0%A6%B2%E0%A7%87%E0%A6%B0-%E0%A6%A6%E0%A6%BE%E0%A6%AE-%E0%A6%AC%E0%A6%BE%E0%A7%9C%E0%A6%B2-%E0%A7%A7%E0%A7%A6-%E0%A6%B6%E0%A6%A4%E0%A6%BE%E0%A6%82%E0%A6%B6,samakal,bn,https://samakal.com/international/article/340896/%E0%A6%B9%E0%A6%B0%E0%A6%AE%E0%A7%81%E0%A6%9C-%E0%A6%AA%E0%A7%8D%E0%A6%B0%E0%A6%A3%E0%A6%BE%E0%A6%B2%E0%A7%80-%E0%A6%AC%E0%A6%A8%E0%A7%8D%E0%A6%A7%E0%A7%87-%E0%A6%A4%E0%A7%87%E0%A6%B2%E0%A7%87%E0%A6%B0-%E0%A6%A6%E0%A6%BE%E0%A6%AE-%E0%A6%AC%E0%A6%BE%E0%A7%9C%E0%A6%B2-%E0%A7%A7%E0%A7%A6-%E0%A6%B6%E0%A6%A4%E0%A6%BE%E0%A6%82%E0%A6%B6,2026-03-01,হরমুজ প্রণালী বন্ধে তেলের দাম বাড়ল ১০ শতাংশ,2026,6,True,True,1,11,0,0,0,0,0,1,0,0,0,0,0,1,0,0
samakal:https://samakal.com/international/article/341182/%E0%A6%AA%E0%A6%BE%E0%A6%B2%E0%A7%8D%E0%A6%9F%E0%A6%BE%E0%A6%AA%E0%A6%BE%E0%A6%B2%E0%A7%8D%E0%A6%9F%E0%A6%BF-%E0%A6%B9%E0%A6%BE%E0%A6%AE%E0%A6%B2%E0%A6%BE%E0%A7%9F-%E0%A6%AC%E0%A6%BE%E0%A7%9C%E0%A6%9B%E0%A7%87-%E0%A6%9C%E0%A7%8D%E0%A6%AC%E0%A6%BE%E0%A6%B2%E0%A6%BE%E0%A6%A8%E0%A6%BF%E0%A6%B0-%E0%A6%A6%E0%A6%BE%E0%A6%AE-%E0%A6%93-%E0%A6%A8%E0%A6%BF%E0%A6%B9%E0%A6%A4%E0%A7%87%E0%A6%B0-%E0%A6%B8%E0%A6%82%E0%A6%96%E0%A7%8D%E0%A6%AF%E0%A6%BE,samakal,bn,https://samakal.com/international/article/341182/%E0%A6%AA%E0%A6%BE%E0%A6%B2%E0%A7%8D%E0%A6%9F%E0%A6%BE%E0%A6%AA%E0%A6%BE%E0%A6%B2%E0%A7%8D%E0%A6%9F%E0%A6%BF-%E0%A6%B9%E0%A6%BE%E0%A6%AE%E0%A6%B2%E0%A6%BE%E0%A7%9F-%E0%A6%AC%E0%A6%BE%E0%A7%9C%E0%A6%9B%E0%A7%87-%E0%A6%9C%E0%A7%8D%E0%A6%AC%E0%A6%BE%E0%A6%B2%E0%A6%BE%E0%A6%A8%E0%A6%BF%E0%A6%B0-%E0%A6%A6%E0%A6%BE%E0%A6%AE-%E0%A6%93-%E0%A6%A8%E0%A6%BF%E0%A6%B9%E0%A6%A4%E0%A7%87%E0%A6%B0-%E0%A6%B8%E0%A6%82%E0%A6%96%E0%A7%8D%E0%A6%AF%E0%A6%BE,2026-03-03,পাল্টাপাল্টি হামলায় বাড়ছে জ্বালানির দাম ও নিহতের সংখ্যা,2026,1,True,True,1,25,0,0,0,0,0,0,0,0,0,0,0,0,0,0
samakal:https://samakal.com/whole-country/article/341112/%E0%A6%9C%E0%A7%8D%E0%A6%AC%E0%A6%BE%E0%A6%B2%E0%A6%BE%E0%A6%A8%E0%A6%BF-%E0%A6%B8%E0%A6%82%E0%A6%95%E0%A6%9F%E0%A7%87-%E0%A6%85%E0%A6%A8%E0%A7%8D%E0%A6%A7%E0%A6%95%E0%A6%BE%E0%A6%B0%E0%A7%87-%E0%A6%B9%E0%A6%BE%E0%A6%B8%E0%A6%AA%E0%A6%BE%E0%A6%A4%E0%A6%BE%E0%A6%B2-%E0%A6%A6%E0%A7%81%E0%A6%B0%E0%A7%8D%E0%A6%AD%E0%A7%8B%E0%A6%97,samakal,bn,https://samakal.com/whole-country/article/341112/%E0%A6%9C%E0%A7%8D%E0%A6%AC%E0%A6%BE%E0%A6%B2%E0%A6%BE%E0%A6%A8%E0%A6%BF-%E0%A6%B8%E0%A6%82%E0%A6%95%E0%A6%9F%E0%A7%87-%E0%A6%85%E0%A6%A8%E0%A7%8D%E0%A6%A7%E0%A6%95%E0%A6%BE%E0%A6%B0%E0%A7%87-%E0%A6%B9%E0%A6%BE%E0%A6%B8%E0%A6%AA%E0%A6%BE%E0%A6%A4%E0%A6%BE%E0%A6%B2-%E0%A6%A6%E0%A7%81%E0%A6%B0%E0%A7%8D%E0%A6%AD%E0%A7%8B%E0%A6%97,2026-03-03,"জ্বালানি সংকটে অন্ধকারে হাসপাতাল, দুর্ভোগ",2026,3,True,True,0,0,0,1,0,0,0,0,0,0,0,0,0,0,0,0
samakal:https://samakal.com/international/article/341453/%E0%A6%A4%E0%A7%87%E0%A6%B2%E0%A7%87%E0%A6%B0-%E0%A6%A6%E0%A6%BE%E0%A6%AE-%E0%A7%A7%E0%A7%AB%E0%A7%A6-%E0%A6%A1%E0%A6%B2%E0%A6%BE%E0%A6%B0%E0%A7%87-%E0%A6%AA%E0%A7%8C%E0%A6%81%E0%A6%9B%E0%A6%BE%E0%A6%A4%E0%A7%87-%E0%A6%AA%E0%A6%BE%E0%A6%B0%E0%A7%87,samakal,bn,https://samakal.com/international/article/341453/%E0%A6%A4%E0%A7%87%E0%A6%B2%E0%A7%87%E0%A6%B0-%E0%A6%A6%E0%A6%BE%E0%A6%AE-%E0%A7%A7%E0%A7%AB%E0%A7%A6-%E0%A6%A1%E0%A6%B2%E0%A6%BE%E0%A6%B0%E0%A7%87-%E0%A6%AA%E0%A7%8C%E0%A6%81%E0%A6%9B%E0%A6%BE%E0%A6%A4%E0%A7%87-%E0%A6%AA%E0%A6%BE%E0%A6%B0%E0%A7%87,2026-03-05,তেলের দাম ১৫০ ডলারে পৌঁছাতে পারে,2026,4,True,True,1,2,0,0,0,0,0,0,0,0,0,0,0,0,0,0
samakal:https://samakal.com/whole-country/article/341627/%E0%A6%9C%E0%A7%8D%E0%A6%AC%E0%A6%BE%E0%A6%B2%E0%A6%BE%E0%A6%A8%E0%A6%BF-%E0%A6%B8%E0%A6%82%E0%A6%95%E0%A6%9F%E0%A7%87-%E0%A6%85%E0%A6%A8%E0%A7%87%E0%A6%95-%E0%A6%AA%E0%A6%BE%E0%A6%AE%E0%A7%8D%E0%A6%AA-%E0%A6%AC%E0%A6%A8%E0%A7%8D%E0%A6%A7-%E0%A6%A4%E0%A7%87%E0%A6%B2-%E0%A6%B8%E0%A6%82%E0%A6%97%E0%A7%8D%E0%A6%B0%E0%A6%B9%E0%A7%87-%E0%A6%AD%E0%A6%BF%E0%A7%9C,samakal,bn,https://samakal.com/whole-country/article/341627/%E0%A6%9C%E0%A7%8D%E0%A6%AC%E0%A6%BE%E0%A6%B2%E0%A6%BE%E0%A6%A8%E0%A6%BF-%E0%A6%B8%E0%A6%82%E0%A6%95%E0%A6%9F%E0%A7%87-%E0%A6%85%E0%A6%A8%E0%A7%87%E0%A6%95-%E0%A6%AA%E0%A6%BE%E0%A6%AE%E0%A7%8D%E0%A6%AA-%E0%A6%AC%E0%A6%A8%E0%A7%8D%E0%A6%A7-%E0%A6%A4%E0%A7%87%E0%A6%B2-%E0%A6%B8%E0%A6%82%E0%A6%97%E0%A7%8D%E0%A6%B0%E0%A6%B9%E0%A7%87-%E0%A6%AD%E0%A6%BF%E0%A7%9C,2026-03-06,"জ্বালানি সংকটে অনেক পাম্প বন্ধ, তেল সংগ্রহে ভিড়",2026,2,True,True,0,0,0,0,0,0,0,0,0,0,0,0,0,0,0,0
samakal:https://samakal.com/bangladesh/article/341537/%E0%A6%A1%E0%A6%BF%E0%A6%9C%E0%A7%87%E0%A6%B2-%E0%A6%AA%E0%A7%87%E0%A6%9F%E0%A7%8D%E0%A6%B0%E0%A7%8B%E0%A6%B2-%E0%A6%95%E0%A6%BF%E0%A6%A8%E0%A6%A4%E0%A7%87-%E0%A6%A1%E0%A6%BF%E0%A6%AA%E0%A7%8B-%E0%A6%93-%E0%A6%AA%E0%A6%BE%E0%A6%AE%E0%A7%8D%E0%A6%AA%E0%A7%87-%E0%A6%85%E0%A6%B8%E0%A7%8D%E0%A6%AC%E0%A6%BE%E0%A6%AD%E0%A6%BE%E0%A6%AC%E0%A6%BF%E0%A6%95-%E0%A6%AD%E0%A6%BF%E0%A7%9C%C2%A0,samakal,bn,https://samakal.com/bangladesh/article/341537/%E0%A6%A1%E0%A6%BF%E0%A6%9C%E0%A7%87%E0%A6%B2-%E0%A6%AA%E0%A7%87%E0%A6%9F%E0%A7%8D%E0%A6%B0%E0%A7%8B%E0%A6%B2-%E0%A6%95%E0%A6%BF%E0%A6%A8%E0%A6%A4%E0%A7%87-%E0%A6%A1%E0%A6%BF%E0%A6%AA%E0%A7%8B-%E0%A6%93-%E0%A6%AA%E0%A6%BE%E0%A6%AE%E0%A7%8D%E0%A6%AA%E0%A7%87-%E0%A6%85%E0%A6%B8%E0%A7%8D%E0%A6%AC%E0%A6%BE%E0%A6%AD%E0%A6%BE%E0%A6%AC%E0%A6%BF%E0%A6%95-%E0%A6%AD%E0%A6%BF%E0%A7%9C%C2%A0,2026-03-06,ডিজেল-পেট্রোল কিনতে ডিপো ও পাম্পে অস্বাভাবিক ভিড়,2026,30,True,True,1,8,0,0,0,0,0,0,0,0,0,0,0,0,0,0
samakal:https://samakal.com/whole-country/article/341768/%E0%A6%AE%E0%A6%BE%E0%A6%9F%E0%A6%BF%E0%A6%B0-%E0%A6%A8%E0%A6%BF%E0%A6%9A%E0%A7%87-%E0%A7%A7%E0%A7%A6-%E0%A6%B9%E0%A6%BE%E0%A6%9C%E0%A6%BE%E0%A6%B0-%E0%A6%B2%E0%A6%BF%E0%A6%9F%E0%A6%BE%E0%A6%B0-%E0%A6%A1%E0%A6%BF%E0%A6%9C%E0%A7%87%E0%A6%B2-%E0%A6%B2%E0%A7%81%E0%A6%95%E0%A6%BF%E0%A7%9F%E0%A7%87-%E0%A6%B0%E0%A7%87%E0%A6%96%E0%A7%87%E0%A6%9B%E0%A6%BF%E0%A6%B2%E0%A7%87%E0%A6%A8-%E0%A6%AC%E0%A7%8D%E0%A6%AF%E0%A6%AC%E0%A6%B8%E0%A6%BE%E0%A7%9F%E0%A7%80,samakal,bn,https://samakal.com/whole-country/article/341768/%E0%A6%AE%E0%A6%BE%E0%A6%9F%E0%A6%BF%E0%A6%B0-%E0%A6%A8%E0%A6%BF%E0%A6%9A%E0%A7%87-%E0%A7%A7%E0%A7%A6-%E0%A6%B9%E0%A6%BE%E0%A6%9C%E0%A6%BE%E0%A6%B0-%E0%A6%B2%E0%A6%BF%E0%A6%9F%E0%A6%BE%E0%A6%B0-%E0%A6%A1%E0%A6%BF%E0%A6%9C%E0%A7%87%E0%A6%B2-%E0%A6%B2%E0%A7%81%E0%A6%95%E0%A6%BF%E0%A7%9F%E0%A7%87-%E0%A6%B0%E0%A7%87%E0%A6%96%E0%A7%87%E0%A6%9B%E0%A6%BF%E0%A6%B2%E0%A7%87%E0%A6%A8-%E0%A6%AC%E0%A7%8D%E0%A6%AF%E0%A6%AC%E0%A6%B8%E0%A6%BE%E0%A7%9F%E0%A7%80,2026-03-07,মাটির নিচে ১০ হাজার লিটার ডিজেল লুকিয়ে রেখেছিলেন ব্যবসায়ী,2026,7,True,True,0,0,0,0,0,0,0,0,0,0,0,0,0,0,0,0
samakal:https://samakal.com/bangladesh/article/341671/%E0%A6%B8%E0%A6%82%E0%A6%95%E0%A6%9F%E0%A7%87%E0%A6%B0-%E0%A6%97%E0%A7%81%E0%A6%9C%E0%A6%AC%E0%A7%87-%E0%A6%9C%E0%A7%8D%E0%A6%AC%E0%A6%BE%E0%A6%B2%E0%A6%BE%E0%A6%A8%E0%A6%BF-%E0%A6%A4%E0%A7%87%E0%A6%B2-%E0%A6%95%E0%A6%BF%E0%A6%A8%E0%A6%A4%E0%A7%87-%E0%A6%B8%E0%A6%BE%E0%A6%B0%E0%A6%BE%E0%A6%A6%E0%A7%87%E0%A6%B6%E0%A7%87-%E0%A6%B9%E0%A7%81%E0%A7%9C%E0%A7%8B%E0%A6%B9%E0%A7%81%E0%A7%9C%E0%A6%BF,samakal,bn,https://samakal.com/bangladesh/article/341671/%E0%A6%B8%E0%A6%82%E0%A6%95%E0%A6%9F%E0%A7%87%E0%A6%B0-%E0%A6%97%E0%A7%81%E0%A6%9C%E0%A6%AC%E0%A7%87-%E0%A6%9C%E0%A7%8D%E0%A6%AC%E0%A6%BE%E0%A6%B2%E0%A6%BE%E0%A6%A8%E0%A6%BF-%E0%A6%A4%E0%A7%87%E0%A6%B2-%E0%A6%95%E0%A6%BF%E0%A6%A8%E0%A6%A4%E0%A7%87-%E0%A6%B8%E0%A6%BE%E0%A6%B0%E0%A6%BE%E0%A6%A6%E0%A7%87%E0%A6%B6%E0%A7%87-%E0%A6%B9%E0%A7%81%E0%A7%9C%E0%A7%8B%E0%A6%B9%E0%A7%81%E0%A7%9C%E0%A6%BF,2026-03-07,সংকটের গুজবে জ্বালানি তেল কিনতে সারাদেশে হুড়োহুড়ি,2026,44,True,True,1,4,0,1,0,0,1,3,0,0,0,0,0,1,0,0
samakal:https://samakal.com/bangladesh/article/341949/%E0%A6%AC%E0%A6%BF%E0%A6%AA%E0%A6%BF%E0%A6%B8%E0%A6%BF%E0%A6%A4%E0%A7%87-%E0%A6%AC%E0%A7%9C-%E0%A6%B0%E0%A6%A6%E0%A6%AC%E0%A6%A6%E0%A6%B2,samakal,bn,https://samakal.com/bangladesh/article/341949/%E0%A6%AC%E0%A6%BF%E0%A6%AA%E0%A6%BF%E0%A6%B8%E0%A6%BF%E0%A6%A4%E0%A7%87-%E0%A6%AC%E0%A7%9C-%E0%A6%B0%E0%A6%A6%E0%A6%AC%E0%A6%A6%E0%A6%B2,2026-03-08,বিপিসিতে বড় রদবদল,2026,6,True,True,0,0,0,0,0,0,0,0,0,0,0,0,0,0,0,0
samakal:https://samakal.com/bangladesh/article/341867/%E0%A6%9C%E0%A7%8D%E0%A6%AC%E0%A6%BE%E0%A6%B2%E0%A6%BE%E0%A6%A8%E0%A6%BF-%E0%A6%A4%E0%A7%87%E0%A6%B2%E0%A7%87%E0%A6%B0-%E0%A6%AE%E0%A6%9C%E0%A7%81%E0%A6%A4-%E0%A6%AA%E0%A6%B0%E0%A7%8D%E0%A6%AF%E0%A6%BE%E0%A6%AA%E0%A7%8D%E0%A6%A4-%E0%A6%95%E0%A6%BE%E0%A6%B2-%E0%A6%86%E0%A6%B8%E0%A6%9B%E0%A7%87-%E0%A6%A6%E0%A7%81%E0%A6%87-%E0%A6%9C%E0%A6%BE%E0%A6%B9%E0%A6%BE%E0%A6%9C,samakal,bn,https://samakal.com/bangladesh/article/341867/%E0%A6%9C%E0%A7%8D%E0%A6%AC%E0%A6%BE%E0%A6%B2%E0%A6%BE%E0%A6%A8%E0%A6%BF-%E0%A6%A4%E0%A7%87%E0%A6%B2%E0%A7%87%E0%A6%B0-%E0%A6%AE%E0%A6%9C%E0%A7%81%E0%A6%A4-%E0%A6%AA%E0%A6%B0%E0%A7%8D%E0%A6%AF%E0%A6%BE%E0%A6%AA%E0%A7%8D%E0%A6%A4-%E0%A6%95%E0%A6%BE%E0%A6%B2-%E0%A6%86%E0%A6%B8%E0%A6%9B%E0%A7%87-%E0%A6%A6%E0%A7%81%E0%A6%87-%E0%A6%9C%E0%A6%BE%E0%A6%B9%E0%A6%BE%E0%A6%9C,2026-03-08,"জ্বালানি তেলের মজুত পর্যাপ্ত, কাল আসছে দুই জাহাজ",2026,31,True,True,1,5,1,3,0,0,0,0,0,0,0,0,0,0,0,0
samakal:https://samakal.com/bangladesh/article/341866/%E0%A6%AF%E0%A7%81%E0%A6%A6%E0%A7%8D%E0%A6%A7%E0%A7%87%E0%A6%B0-%E0%A6%85%E0%A6%9C%E0%A7%81%E0%A6%B9%E0%A6%BE%E0%A6%A4%E0%A7%87-%E0%A6%B8%E0%A7%9F%E0%A6%BE%E0%A6%AC%E0%A6%BF%E0%A6%A8-%E0%A6%A4%E0%A7%87%E0%A6%B2%E0%A7%87%E0%A6%B0-%E0%A6%A6%E0%A6%BE%E0%A6%AE%E0%A6%93-%E0%A6%AC%E0%A7%87%E0%A7%9C%E0%A7%87%E0%A6%9B%E0%A7%87,samakal,bn,https://samakal.com/bangladesh/article/341866/%E0%A6%AF%E0%A7%81%E0%A6%A6%E0%A7%8D%E0%A6%A7%E0%A7%87%E0%A6%B0-%E0%A6%85%E0%A6%9C%E0%A7%81%E0%A6%B9%E0%A6%BE%E0%A6%A4%E0%A7%87-%E0%A6%B8%E0%A7%9F%E0%A6%BE%E0%A6%AC%E0%A6%BF%E0%A6%A8-%E0%A6%A4%E0%A7%87%E0%A6%B2%E0%A7%87%E0%A6%B0-%E0%A6%A6%E0%A6%BE%E0%A6%AE%E0%A6%93-%E0%A6%AC%E0%A7%87%E0%A7%9C%E0%A7%87%E0%A6%9B%E0%A7%87,2026-03-08,যুদ্ধের অজুহাতে সয়াবিন তেলের দামও বেড়েছে,2026,10,True,True,1,14,0,0,0,1,0,0,0,1,0,0,0,1,0,0
samakal:https://samakal.com/economics/article/342091/%E0%A6%9C%E0%A7%8D%E0%A6%AC%E0%A6%BE%E0%A6%B2%E0%A6%BE%E0%A6%A8%E0%A6%BF-%E0%A6%B8%E0%A6%82%E0%A6%95%E0%A6%9F-%E0%A6%AE%E0%A7%8B%E0%A6%95%E0%A6%BE%E0%A6%AC%E0%A6%BF%E0%A6%B2%E0%A6%BE%E0%A7%9F-%E0%A6%9A%E0%A7%80%E0%A6%A8%E0%A6%B8%E0%A6%B9-%E0%A6%86%E0%A6%A8%E0%A7%8D%E0%A6%A4%E0%A6%B0%E0%A7%8D%E0%A6%9C%E0%A6%BE%E0%A6%A4%E0%A6%BF%E0%A6%95-%E0%A6%85%E0%A6%82%E0%A6%B6%E0%A7%80%E0%A6%A6%E0%A6%BE%E0%A6%B0%E0%A6%A6%E0%A7%87%E0%A6%B0-%E0%A6%B8%E0%A6%B9%E0%A6%AF%E0%A7%8B%E0%A6%97%E0%A6%BF%E0%A6%A4%E0%A6%BE-%E0%A6%9A%E0%A6%BE%E0%A6%93%E0%A7%9F%E0%A6%BE-%E0%A6%B9%E0%A6%9A%E0%A7%8D%E0%A6%9B%E0%A7%87:-%E0%A6%85%E0%A6%B0%E0%A7%8D%E0%A6%A5%E0%A6%AE%E0%A6%A8%E0%A7%8D%E0%A6%A4%E0%A7%8D%E0%A6%B0%E0%A7%80,samakal,bn,https://samakal.com/economics/article/342091/%E0%A6%9C%E0%A7%8D%E0%A6%AC%E0%A6%BE%E0%A6%B2%E0%A6%BE%E0%A6%A8%E0%A6%BF-%E0%A6%B8%E0%A6%82%E0%A6%95%E0%A6%9F-%E0%A6%AE%E0%A7%8B%E0%A6%95%E0%A6%BE%E0%A6%AC%E0%A6%BF%E0%A6%B2%E0%A6%BE%E0%A7%9F-%E0%A6%9A%E0%A7%80%E0%A6%A8%E0%A6%B8%E0%A6%B9-%E0%A6%86%E0%A6%A8%E0%A7%8D%E0%A6%A4%E0%A6%B0%E0%A7%8D%E0%A6%9C%E0%A6%BE%E0%A6%A4%E0%A6%BF%E0%A6%95-%E0%A6%85%E0%A6%82%E0%A6%B6%E0%A7%80%E0%A6%A6%E0%A6%BE%E0%A6%B0%E0%A6%A6%E0%A7%87%E0%A6%B0-%E0%A6%B8%E0%A6%B9%E0%A6%AF%E0%A7%8B%E0%A6%97%E0%A6%BF%E0%A6%A4%E0%A6%BE-%E0%A6%9A%E0%A6%BE%E0%A6%93%E0%A7%9F%E0%A6%BE-%E0%A6%B9%E0%A6%9A%E0%A7%8D%E0%A6%9B%E0%A7%87:-%E0%A6%85%E0%A6%B0%E0%A7%8D%E0%A6%A5%E0%A6%AE%E0%A6%A8%E0%A7%8D%E0%A6%A4%E0%A7%8D%E0%A6%B0%E0%A7%80,2026-03-09,জ্বালানি সংকট মোকাবিলায় চীনসহ আন্তর্জাতিক অংশীদারদের সহযোগিতা চাওয়া হচ্ছে: অর্থমন্ত্রী,2026,2,True,True,1,6,0,0,0,0,0,0,0,0,0,0,0,0,0,0
samakal:https://samakal.com/economics/article/342075/%E0%A6%AD%E0%A7%8B%E0%A6%9C%E0%A7%8D%E0%A6%AF%E0%A6%A4%E0%A7%87%E0%A6%B2%E0%A7%87%E0%A6%B0-%E0%A6%A6%E0%A6%BE%E0%A6%AE-%E0%A6%AC%E0%A6%BE%E0%A7%9C%E0%A6%AC%E0%A7%87-%E0%A6%A8%E0%A6%BE-%E0%A6%AE%E0%A6%9C%E0%A7%81%E0%A6%A4-%E0%A6%AA%E0%A6%B0%E0%A7%8D%E0%A6%AF%E0%A6%BE%E0%A6%AA%E0%A7%8D%E0%A6%A4:-%E0%A6%AC%E0%A6%BE%E0%A6%A3%E0%A6%BF%E0%A6%9C%E0%A7%8D%E0%A6%AF%E0%A6%AE%E0%A6%A8%E0%A7%8D%E0%A6%A4%E0%A7%8D%E0%A6%B0%E0%A7%80,samakal,bn,https://samakal.com/economics/article/342075/%E0%A6%AD%E0%A7%8B%E0%A6%9C%E0%A7%8D%E0%A6%AF%E0%A6%A4%E0%A7%87%E0%A6%B2%E0%A7%87%E0%A6%B0-%E0%A6%A6%E0%A6%BE%E0%A6%AE-%E0%A6%AC%E0%A6%BE%E0%A7%9C%E0%A6%AC%E0%A7%87-%E0%A6%A8%E0%A6%BE-%E0%A6%AE%E0%A6%9C%E0%A7%81%E0%A6%A4-%E0%A6%AA%E0%A6%B0%E0%A7%8D%E0%A6%AF%E0%A6%BE%E0%A6%AA%E0%A7%8D%E0%A6%A4:-%E0%A6%AC%E0%A6%BE%E0%A6%A3%E0%A6%BF%E0%A6%9C%E0%A7%8D%E0%A6%AF%E0%A6%AE%E0%A6%A8%E0%A7%8D%E0%A6%A4%E0%A7%8D%E0%A6%B0%E0%A7%80,2026-03-09,"ভোজ্যতেলের দাম বাড়বে না, মজুত পর্যাপ্ত: বাণিজ্যমন্ত্রী",2026,6,True,True,0,0,0,0,0,0,0,0,0,0,0,0,1,2,0,0
samakal:https://samakal.com/bangladesh/article/342063/%E0%A6%9C%E0%A7%8D%E0%A6%AC%E0%A6%BE%E0%A6%B2%E0%A6%BE%E0%A6%A8%E0%A6%BF-%E0%A6%A4%E0%A7%87%E0%A6%B2-%E0%A6%A8%E0%A6%BF%E0%A6%AF%E0%A6%BC%E0%A7%87-%E0%A6%B8%E0%A6%AC-%E0%A6%9C%E0%A7%87%E0%A6%B2%E0%A6%BE-%E0%A6%AA%E0%A7%8D%E0%A6%B0%E0%A6%B6%E0%A6%BE%E0%A6%B8%E0%A6%95%E0%A6%95%E0%A7%87-%E0%A6%AE%E0%A6%A8%E0%A7%8D%E0%A6%A4%E0%A7%8D%E0%A6%B0%E0%A6%BF%E0%A6%AA%E0%A6%B0%E0%A6%BF%E0%A6%B7%E0%A6%A6-%E0%A6%AC%E0%A6%BF%E0%A6%AD%E0%A6%BE%E0%A6%97%E0%A7%87%E0%A6%B0-%E0%A6%A8%E0%A6%BF%E0%A6%B0%E0%A7%8D%E0%A6%A6%E0%A7%87%E0%A6%B6%E0%A6%A8%E0%A6%BE,samakal,bn,https://samakal.com/bangladesh/article/342063/%E0%A6%9C%E0%A7%8D%E0%A6%AC%E0%A6%BE%E0%A6%B2%E0%A6%BE%E0%A6%A8%E0%A6%BF-%E0%A6%A4%E0%A7%87%E0%A6%B2-%E0%A6%A8%E0%A6%BF%E0%A6%AF%E0%A6%BC%E0%A7%87-%E0%A6%B8%E0%A6%AC-%E0%A6%9C%E0%A7%87%E0%A6%B2%E0%A6%BE-%E0%A6%AA%E0%A7%8D%E0%A6%B0%E0%A6%B6%E0%A6%BE%E0%A6%B8%E0%A6%95%E0%A6%95%E0%A7%87-%E0%A6%AE%E0%A6%A8%E0%A7%8D%E0%A6%A4%E0%A7%8D%E0%A6%B0%E0%A6%BF%E0%A6%AA%E0%A6%B0%E0%A6%BF%E0%A6%B7%E0%A6%A6-%E0%A6%AC%E0%A6%BF%E0%A6%AD%E0%A6%BE%E0%A6%97%E0%A7%87%E0%A6%B0-%E0%A6%A8%E0%A6%BF%E0%A6%B0%E0%A7%8D%E0%A6%A6%E0%A7%87%E0%A6%B6%E0%A6%A8%E0%A6%BE,2026-03-09,জ্বালানি তেল নিয়ে সব জেলা প্রশাসককে মন্ত্রিপরিষদ বিভাগের নির্দেশনা,2026,4,True,True,0,0,0,0,0,1,0,1,0,0,0,0,0,0,0,0
samakal:https://samakal.com/bangladesh/article/342062/%E0%A6%9C%E0%A7%8D%E0%A6%AC%E0%A6%BE%E0%A6%B2%E0%A6%BE%E0%A6%A8%E0%A6%BF-%E0%A6%B8%E0%A6%B0%E0%A6%AC%E0%A6%B0%E0%A6%BE%E0%A6%B9%E0%A7%87-%E0%A6%A8%E0%A6%9C%E0%A6%B0%E0%A6%A6%E0%A6%BE%E0%A6%B0%E0%A6%BF-%E0%A6%9C%E0%A7%8B%E0%A6%B0%E0%A6%A6%E0%A6%BE%E0%A6%B0-%E0%A6%AC%E0%A6%BF%E0%A6%AA%E0%A6%BF%E0%A6%B8%E0%A6%BF%E0%A6%B0-%E0%A6%95%E0%A7%87%E0%A6%A8%E0%A7%8D%E0%A6%A6%E0%A7%8D%E0%A6%B0%E0%A7%80%E0%A6%AF%E0%A6%BC-%E0%A6%93-%E0%A6%86%E0%A6%9E%E0%A7%8D%E0%A6%9A%E0%A6%B2%E0%A6%BF%E0%A6%95-%E0%A6%AE%E0%A6%A8%E0%A6%BF%E0%A6%9F%E0%A6%B0%E0%A6%BF%E0%A6%82-%E0%A6%B8%E0%A7%87%E0%A6%B2-%E0%A6%97%E0%A6%A0%E0%A6%A8,samakal,bn,https://samakal.com/bangladesh/article/342062/%E0%A6%9C%E0%A7%8D%E0%A6%AC%E0%A6%BE%E0%A6%B2%E0%A6%BE%E0%A6%A8%E0%A6%BF-%E0%A6%B8%E0%A6%B0%E0%A6%AC%E0%A6%B0%E0%A6%BE%E0%A6%B9%E0%A7%87-%E0%A6%A8%E0%A6%9C%E0%A6%B0%E0%A6%A6%E0%A6%BE%E0%A6%B0%E0%A6%BF-%E0%A6%9C%E0%A7%8B%E0%A6%B0%E0%A6%A6%E0%A6%BE%E0%A6%B0-%E0%A6%AC%E0%A6%BF%E0%A6%AA%E0%A6%BF%E0%A6%B8%E0%A6%BF%E0%A6%B0-%E0%A6%95%E0%A7%87%E0%A6%A8%E0%A7%8D%E0%A6%A6%E0%A7%8D%E0%A6%B0%E0%A7%80%E0%A6%AF%E0%A6%BC-%E0%A6%93-%E0%A6%86%E0%A6%9E%E0%A7%8D%E0%A6%9A%E0%A6%B2%E0%A6%BF%E0%A6%95-%E0%A6%AE%E0%A6%A8%E0%A6%BF%E0%A6%9F%E0%A6%B0%E0%A6%BF%E0%A6%82-%E0%A6%B8%E0%A7%87%E0%A6%B2-%E0%A6%97%E0%A6%A0%E0%A6%A8,2026-03-09,"জ্বালানি সরবরাহে নজরদারি জোরদার, বিপিসির কেন্দ্রীয় ও আঞ্চলিক মনিটরিং সেল গঠন",2026,18,True,True,0,0,0,0,0,0,1,2,0,0,0,0,1,4,0,0
samakal:https://samakal.com/international/article/342045/%E0%A6%B8%E0%A6%82%E0%A6%98%E0%A6%BE%E0%A6%A4-%E0%A6%AC%E0%A6%A8%E0%A7%8D%E0%A6%A7%E0%A7%87%E0%A6%B0-%E0%A6%87%E0%A6%99%E0%A7%8D%E0%A6%97%E0%A6%BF%E0%A6%A4-%E0%A6%A8%E0%A6%BE-%E0%A6%A5%E0%A6%BE%E0%A6%95%E0%A6%BE%E0%A7%9F%C2%A0%E0%A6%A4%E0%A7%87%E0%A6%B2%E0%A7%87%E0%A6%B0-%E0%A6%A6%E0%A6%BE%E0%A6%AE-%E0%A6%86%E0%A6%B0%E0%A6%93-%E0%A6%AC%E0%A6%BE%E0%A7%9C%E0%A6%B2,samakal,bn,https://samakal.com/international/article/342045/%E0%A6%B8%E0%A6%82%E0%A6%98%E0%A6%BE%E0%A6%A4-%E0%A6%AC%E0%A6%A8%E0%A7%8D%E0%A6%A7%E0%A7%87%E0%A6%B0-%E0%A6%87%E0%A6%99%E0%A7%8D%E0%A6%97%E0%A6%BF%E0%A6%A4-%E0%A6%A8%E0%A6%BE-%E0%A6%A5%E0%A6%BE%E0%A6%95%E0%A6%BE%E0%A7%9F%C2%A0%E0%A6%A4%E0%A7%87%E0%A6%B2%E0%A7%87%E0%A6%B0-%E0%A6%A6%E0%A6%BE%E0%A6%AE-%E0%A6%86%E0%A6%B0%E0%A6%93-%E0%A6%AC%E0%A6%BE%E0%A7%9C%E0%A6%B2,2026-03-09,সংঘাত বন্ধের ইঙ্গিত না থাকায় তেলের দাম আরও বাড়ল,2026,3,True,True,1,4,0,0,0,0,0,0,0,0,0,0,0,0,0,0
samakal:https://samakal.com/whole-country/article/342003/%E0%A6%AC%E0%A7%87%E0%A6%B6%E0%A6%BF-%E0%A6%B2%E0%A6%BE%E0%A6%AD%E0%A7%87%E0%A6%B0-%E0%A6%86%E0%A6%B6%E0%A6%BE%E0%A7%9F-%E0%A6%AA%E0%A6%BE%E0%A6%A8%E0%A6%BF%E0%A6%B0-%E0%A6%9F%E0%A7%8D%E0%A6%AF%E0%A6%BE%E0%A6%99%E0%A7%8D%E0%A6%95%E0%A7%87-%E0%A6%A1%E0%A6%BF%E0%A6%9C%E0%A7%87%E0%A6%B2-%E0%A6%B2%E0%A7%81%E0%A6%95%E0%A6%BE%E0%A6%A8-%E0%A6%A4%E0%A6%BF%E0%A6%A8%E0%A6%BF,samakal,bn,https://samakal.com/whole-country/article/342003/%E0%A6%AC%E0%A7%87%E0%A6%B6%E0%A6%BF-%E0%A6%B2%E0%A6%BE%E0%A6%AD%E0%A7%87%E0%A6%B0-%E0%A6%86%E0%A6%B6%E0%A6%BE%E0%A7%9F-%E0%A6%AA%E0%A6%BE%E0%A6%A8%E0%A6%BF%E0%A6%B0-%E0%A6%9F%E0%A7%8D%E0%A6%AF%E0%A6%BE%E0%A6%99%E0%A7%8D%E0%A6%95%E0%A7%87-%E0%A6%A1%E0%A6%BF%E0%A6%9C%E0%A7%87%E0%A6%B2-%E0%A6%B2%E0%A7%81%E0%A6%95%E0%A6%BE%E0%A6%A8-%E0%A6%A4%E0%A6%BF%E0%A6%A8%E0%A6%BF,2026-03-09,বেশি লাভের আশায় পানির ট্যাঙ্কে ডিজেল লুকান তিনি,2026,9,True,True,0,0,0,0,0,0,0,0,1,2,0,0,0,0,0,0
samakal:https://samakal.com/bangladesh/article/341976/%E0%A6%B8%E0%A6%BE%E0%A6%B0%E0%A6%BE%E0%A6%A6%E0%A7%87%E0%A6%B6%E0%A7%87-%E0%A6%9C%E0%A7%8D%E0%A6%AC%E0%A6%BE%E0%A6%B2%E0%A6%BE%E0%A6%A8%E0%A6%BF-%E0%A6%A4%E0%A7%87%E0%A6%B2%E0%A7%87%E0%A6%B0-%E0%A6%9C%E0%A6%A8%E0%A7%8D%E0%A6%AF-%E0%A6%9B%E0%A7%8B%E0%A6%9F%E0%A6%BE%E0%A6%9B%E0%A7%81%E0%A6%9F%E0%A6%BF,samakal,bn,https://samakal.com/bangladesh/article/341976/%E0%A6%B8%E0%A6%BE%E0%A6%B0%E0%A6%BE%E0%A6%A6%E0%A7%87%E0%A6%B6%E0%A7%87-%E0%A6%9C%E0%A7%8D%E0%A6%AC%E0%A6%BE%E0%A6%B2%E0%A6%BE%E0%A6%A8%E0%A6%BF-%E0%A6%A4%E0%A7%87%E0%A6%B2%E0%A7%87%E0%A6%B0-%E0%A6%9C%E0%A6%A8%E0%A7%8D%E0%A6%AF-%E0%A6%9B%E0%A7%8B%E0%A6%9F%E0%A6%BE%E0%A6%9B%E0%A7%81%E0%A6%9F%E0%A6%BF,2026-03-09,সারাদেশে জ্বালানি তেলের জন্য ছোটাছুটি,2026,27,True,True,1,4,0,1,1,2,1,4,0,0,0,0,0,0,0,0
samakal:https://samakal.com/bangladesh/article/341970/%E0%A6%AD%E0%A6%BE%E0%A6%B0%E0%A6%A4-%E0%A6%A5%E0%A7%87%E0%A6%95%E0%A7%87-%E0%A6%86%E0%A6%B0%E0%A6%93-%E0%A7%AB%E0%A7%A6-%E0%A6%B9%E0%A6%BE%E0%A6%9C%E0%A6%BE%E0%A6%B0-%E0%A6%9F%E0%A6%A8-%E0%A6%A1%E0%A6%BF%E0%A6%9C%E0%A7%87%E0%A6%B2-%E0%A6%86%E0%A6%AE%E0%A6%A6%E0%A6%BE%E0%A6%A8%E0%A6%BF-%E0%A6%95%E0%A6%B0%E0%A6%AC%E0%A7%87-%E0%A6%AC%E0%A6%BE%E0%A6%82%E0%A6%B2%E0%A6%BE%E0%A6%A6%E0%A7%87%E0%A6%B6,samakal,bn,https://samakal.com/bangladesh/article/341970/%E0%A6%AD%E0%A6%BE%E0%A6%B0%E0%A6%A4-%E0%A6%A5%E0%A7%87%E0%A6%95%E0%A7%87-%E0%A6%86%E0%A6%B0%E0%A6%93-%E0%A7%AB%E0%A7%A6-%E0%A6%B9%E0%A6%BE%E0%A6%9C%E0%A6%BE%E0%A6%B0-%E0%A6%9F%E0%A6%A8-%E0%A6%A1%E0%A6%BF%E0%A6%9C%E0%A7%87%E0%A6%B2-%E0%A6%86%E0%A6%AE%E0%A6%A6%E0%A6%BE%E0%A6%A8%E0%A6%BF-%E0%A6%95%E0%A6%B0%E0%A6%AC%E0%A7%87-%E0%A6%AC%E0%A6%BE%E0%A6%82%E0%A6%B2%E0%A6%BE%E0%A6%A6%E0%A7%87%E0%A6%B6,2026-03-09,ভারত থেকে আরও ৫০ হাজার টন ডিজেল আমদানি করবে বাংলাদেশ,2026,18,True,True,0,0,0,0,0,0,1,7,0,0,0,0,0,0,0,0
samakal:https://samakal.com/whole-country/article/341966/%E0%A6%AF%E0%A7%81%E0%A6%A6%E0%A7%8D%E0%A6%A7-%E0%A6%A6%E0%A7%80%E0%A6%B0%E0%A7%8D%E0%A6%98-%E0%A6%B9%E0%A6%B2%E0%A7%87-%E0%A6%A6%E0%A7%87%E0%A6%96%E0%A6%BE-%E0%A6%A6%E0%A6%BF%E0%A6%A4%E0%A7%87-%E0%A6%AA%E0%A6%BE%E0%A6%B0%E0%A7%87-%E0%A6%9C%E0%A7%8D%E0%A6%AC%E0%A6%BE%E0%A6%B2%E0%A6%BE%E0%A6%A8%E0%A6%BF-%E0%A6%B8%E0%A6%82%E0%A6%95%E0%A6%9F:-%E0%A6%AA%E0%A7%8D%E0%A6%B0%E0%A6%AC%E0%A6%BE%E0%A6%B8%E0%A7%80%E0%A6%95%E0%A6%B2%E0%A7%8D%E0%A6%AF%E0%A6%BE%E0%A6%A3%E0%A6%AE%E0%A6%A8%E0%A7%8D%E0%A6%A4%E0%A7%8D%E0%A6%B0%E0%A7%80,samakal,bn,https://samakal.com/whole-country/article/341966/%E0%A6%AF%E0%A7%81%E0%A6%A6%E0%A7%8D%E0%A6%A7-%E0%A6%A6%E0%A7%80%E0%A6%B0%E0%A7%8D%E0%A6%98-%E0%A6%B9%E0%A6%B2%E0%A7%87-%E0%A6%A6%E0%A7%87%E0%A6%96%E0%A6%BE-%E0%A6%A6%E0%A6%BF%E0%A6%A4%E0%A7%87-%E0%A6%AA%E0%A6%BE%E0%A6%B0%E0%A7%87-%E0%A6%9C%E0%A7%8D%E0%A6%AC%E0%A6%BE%E0%A6%B2%E0%A6%BE%E0%A6%A8%E0%A6%BF-%E0%A6%B8%E0%A6%82%E0%A6%95%E0%A6%9F:-%E0%A6%AA%E0%A7%8D%E0%A6%B0%E0%A6%AC%E0%A6%BE%E0%A6%B8%E0%A7%80%E0%A6%95%E0%A6%B2%E0%A7%8D%E0%A6%AF%E0%A6%BE%E0%A6%A3%E0%A6%AE%E0%A6%A8%E0%A7%8D%E0%A6%A4%E0%A7%8D%E0%A6%B0%E0%A7%80,2026-03-09,যুদ্ধ দীর্ঘ হলে দেখা দিতে পারে জ্বালানি সংকট: প্রবাসীকল্যাণমন্ত্রী,2026,2,True,True,1,3,0,0,0,0,0,0,0,0,0,0,0,0,0,0
samakal:https://samakal.com/whole-country/article/342287/%E0%A6%9C%E0%A7%8D%E0%A6%AC%E0%A6%BE%E0%A6%B2%E0%A6%BE%E0%A6%A8%E0%A6%BF-%E0%A6%A4%E0%A7%87%E0%A6%B2-%E0%A6%AA%E0%A6%BE%E0%A6%9A%E0%A6%BE%E0%A6%B0-%E0%A6%B0%E0%A7%8B%E0%A6%A7%E0%A7%87-%E0%A6%9F%E0%A7%87%E0%A6%95%E0%A6%A8%E0%A6%BE%E0%A6%AB-%E0%A6%B8%E0%A7%80%E0%A6%AE%E0%A6%BE%E0%A6%A8%E0%A7%8D%E0%A6%A4%E0%A7%87-%E0%A6%AC%E0%A6%BF%E0%A6%9C%E0%A6%BF%E0%A6%AC%E0%A6%BF%E0%A6%B0-%E0%A6%A8%E0%A6%9C%E0%A6%B0%E0%A6%A6%E0%A6%BE%E0%A6%B0%E0%A6%BF-%E0%A6%9C%E0%A7%8B%E0%A6%B0%E0%A6%A6%E0%A6%BE%E0%A6%B0,samakal,bn,https://samakal.com/whole-country/article/342287/%E0%A6%9C%E0%A7%8D%E0%A6%AC%E0%A6%BE%E0%A6%B2%E0%A6%BE%E0%A6%A8%E0%A6%BF-%E0%A6%A4%E0%A7%87%E0%A6%B2-%E0%A6%AA%E0%A6%BE%E0%A6%9A%E0%A6%BE%E0%A6%B0-%E0%A6%B0%E0%A7%8B%E0%A6%A7%E0%A7%87-%E0%A6%9F%E0%A7%87%E0%A6%95%E0%A6%A8%E0%A6%BE%E0%A6%AB-%E0%A6%B8%E0%A7%80%E0%A6%AE%E0%A6%BE%E0%A6%A8%E0%A7%8D%E0%A6%A4%E0%A7%87-%E0%A6%AC%E0%A6%BF%E0%A6%9C%E0%A6%BF%E0%A6%AC%E0%A6%BF%E0%A6%B0-%E0%A6%A8%E0%A6%9C%E0%A6%B0%E0%A6%A6%E0%A6%BE%E0%A6%B0%E0%A6%BF-%E0%A6%9C%E0%A7%8B%E0%A6%B0%E0%A6%A6%E0%A6%BE%E0%A6%B0,2026-03-10,জ্বালানি তেল পাচার রোধে টেকনাফ সীমান্তে বিজিবির নজরদারি জোরদার,2026,8,True,True,1,4,0,0,0,0,1,6,0,0,0,0,0,0,0,0
samakal:https://samakal.com/bangladesh/article/342273/%E0%A6%9C%E0%A7%8D%E0%A6%AC%E0%A6%BE%E0%A6%B2%E0%A6%BE%E0%A6%A8%E0%A6%BF-%E0%A6%A4%E0%A7%87%E0%A6%B2%E0%A7%87%E0%A6%B0-%E0%A6%A6%E0%A6%BE%E0%A6%AE-%E0%A6%AC%E0%A6%BE%E0%A7%9C%E0%A6%BE%E0%A6%A8%E0%A7%8B%E0%A6%B0-%E0%A6%AA%E0%A6%B0%E0%A6%BF%E0%A6%95%E0%A6%B2%E0%A7%8D%E0%A6%AA%E0%A6%A8%E0%A6%BE-%E0%A6%A8%E0%A7%87%E0%A6%87:-%E0%A6%9C%E0%A7%8D%E0%A6%AC%E0%A6%BE%E0%A6%B2%E0%A6%BE%E0%A6%A8%E0%A6%BF-%E0%A6%AA%E0%A7%8D%E0%A6%B0%E0%A6%A4%E0%A6%BF%E0%A6%AE%E0%A6%A8%E0%A7%8D%E0%A6%A4%E0%A7%8D%E0%A6%B0%E0%A7%80%C2%A0,samakal,bn,https://samakal.com/bangladesh/article/342273/%E0%A6%9C%E0%A7%8D%E0%A6%AC%E0%A6%BE%E0%A6%B2%E0%A6%BE%E0%A6%A8%E0%A6%BF-%E0%A6%A4%E0%A7%87%E0%A6%B2%E0%A7%87%E0%A6%B0-%E0%A6%A6%E0%A6%BE%E0%A6%AE-%E0%A6%AC%E0%A6%BE%E0%A7%9C%E0%A6%BE%E0%A6%A8%E0%A7%8B%E0%A6%B0-%E0%A6%AA%E0%A6%B0%E0%A6%BF%E0%A6%95%E0%A6%B2%E0%A7%8D%E0%A6%AA%E0%A6%A8%E0%A6%BE-%E0%A6%A8%E0%A7%87%E0%A6%87:-%E0%A6%9C%E0%A7%8D%E0%A6%AC%E0%A6%BE%E0%A6%B2%E0%A6%BE%E0%A6%A8%E0%A6%BF-%E0%A6%AA%E0%A7%8D%E0%A6%B0%E0%A6%A4%E0%A6%BF%E0%A6%AE%E0%A6%A8%E0%A7%8D%E0%A6%A4%E0%A7%8D%E0%A6%B0%E0%A7%80%C2%A0,2026-03-10,জ্বালানি তেলের দাম বাড়ানোর পরিকল্পনা নেই: জ্বালানি প্রতিমন্ত্রী,2026,7,True,True,0,0,0,0,0,0,0,0,0,0,0,0,0,0,0,0
samakal:https://samakal.com/bangladesh/article/342268/%E0%A6%AA%E0%A7%87%E0%A6%9F%E0%A7%8D%E0%A6%B0%E0%A7%8B%E0%A6%B2%E2%80%93%E0%A6%85%E0%A6%95%E0%A6%9F%E0%A7%87%E0%A6%A8-%E0%A6%B8%E0%A6%B0%E0%A6%AC%E0%A6%B0%E0%A6%BE%E0%A6%B9-%E0%A6%89%E0%A6%A8%E0%A7%8D%E0%A6%AE%E0%A7%81%E0%A6%95%E0%A7%8D%E0%A6%A4-%E0%A6%95%E0%A6%B0%E0%A6%BE%E0%A6%B0-%E0%A6%A6%E0%A6%BE%E0%A6%AC%E0%A6%BF-%E0%A6%AA%E0%A7%87%E0%A6%9F%E0%A7%8D%E0%A6%B0%E0%A7%8B%E0%A6%B2-%E0%A6%AA%E0%A6%BE%E0%A6%AE%E0%A7%8D%E0%A6%AA-%E0%A6%AE%E0%A6%BE%E0%A6%B2%E0%A6%BF%E0%A6%95%E0%A6%A6%E0%A7%87%E0%A6%B0,samakal,bn,https://samakal.com/bangladesh/article/342268/%E0%A6%AA%E0%A7%87%E0%A6%9F%E0%A7%8D%E0%A6%B0%E0%A7%8B%E0%A6%B2%E2%80%93%E0%A6%85%E0%A6%95%E0%A6%9F%E0%A7%87%E0%A6%A8-%E0%A6%B8%E0%A6%B0%E0%A6%AC%E0%A6%B0%E0%A6%BE%E0%A6%B9-%E0%A6%89%E0%A6%A8%E0%A7%8D%E0%A6%AE%E0%A7%81%E0%A6%95%E0%A7%8D%E0%A6%A4-%E0%A6%95%E0%A6%B0%E0%A6%BE%E0%A6%B0-%E0%A6%A6%E0%A6%BE%E0%A6%AC%E0%A6%BF-%E0%A6%AA%E0%A7%87%E0%A6%9F%E0%A7%8D%E0%A6%B0%E0%A7%8B%E0%A6%B2-%E0%A6%AA%E0%A6%BE%E0%A6%AE%E0%A7%8D%E0%A6%AA-%E0%A6%AE%E0%A6%BE%E0%A6%B2%E0%A6%BF%E0%A6%95%E0%A6%A6%E0%A7%87%E0%A6%B0,2026-03-10,পেট্রোল–অকটেন সরবরাহ উন্মুক্ত করার দাবি পেট্রোল পাম্প মালিকদের,2026,8,True,True,0,0,0,0,0,0,0,0,0,0,0,0,0,0,0,0
samakal:https://samakal.com/bangladesh/article/342206/%E0%A6%B0%E0%A6%BE%E0%A6%87%E0%A6%A1%E2%80%93%E0%A6%B6%E0%A7%87%E0%A7%9F%E0%A6%BE%E0%A6%B0-%E0%A6%AE%E0%A7%8B%E0%A6%9F%E0%A6%B0%E0%A6%B8%E0%A6%BE%E0%A6%87%E0%A6%95%E0%A7%87%E0%A6%B2%E0%A7%87-%E0%A6%AA%E0%A7%8D%E0%A6%B0%E0%A6%A4%E0%A6%BF%E0%A6%A6%E0%A6%BF%E0%A6%A8-%E0%A6%B8%E0%A6%B0%E0%A7%8D%E0%A6%AC%E0%A7%8B%E0%A6%9A%E0%A7%8D%E0%A6%9A-%E0%A7%AB-%E0%A6%B2%E0%A6%BF%E0%A6%9F%E0%A6%BE%E0%A6%B0-%E0%A6%9C%E0%A7%8D%E0%A6%AC%E0%A6%BE%E0%A6%B2%E0%A6%BE%E0%A6%A8%E0%A6%BF-%E0%A6%AC%E0%A6%BF%E0%A6%AA%E0%A6%BF%E0%A6%B8%E0%A6%BF%E0%A6%B0-%E0%A6%A8%E0%A6%BF%E0%A6%B0%E0%A7%8D%E0%A6%A6%E0%A7%87%E0%A6%B6%E0%A6%A8%E0%A6%BE,samakal,bn,https://samakal.com/bangladesh/article/342206/%E0%A6%B0%E0%A6%BE%E0%A6%87%E0%A6%A1%E2%80%93%E0%A6%B6%E0%A7%87%E0%A7%9F%E0%A6%BE%E0%A6%B0-%E0%A6%AE%E0%A7%8B%E0%A6%9F%E0%A6%B0%E0%A6%B8%E0%A6%BE%E0%A6%87%E0%A6%95%E0%A7%87%E0%A6%B2%E0%A7%87-%E0%A6%AA%E0%A7%8D%E0%A6%B0%E0%A6%A4%E0%A6%BF%E0%A6%A6%E0%A6%BF%E0%A6%A8-%E0%A6%B8%E0%A6%B0%E0%A7%8D%E0%A6%AC%E0%A7%8B%E0%A6%9A%E0%A7%8D%E0%A6%9A-%E0%A7%AB-%E0%A6%B2%E0%A6%BF%E0%A6%9F%E0%A6%BE%E0%A6%B0-%E0%A6%9C%E0%A7%8D%E0%A6%AC%E0%A6%BE%E0%A6%B2%E0%A6%BE%E0%A6%A8%E0%A6%BF-%E0%A6%AC%E0%A6%BF%E0%A6%AA%E0%A6%BF%E0%A6%B8%E0%A6%BF%E0%A6%B0-%E0%A6%A8%E0%A6%BF%E0%A6%B0%E0%A7%8D%E0%A6%A6%E0%A7%87%E0%A6%B6%E0%A6%A8%E0%A6%BE,2026-03-10,"রাইড–শেয়ার মোটরসাইকেলে প্রতিদিন সর্বোচ্চ ৫ লিটার জ্বালানি, বিপিসির নির্দেশনা",2026,16,True,True,0,0,0,0,0,0,0,0,0,0,0,0,0,0,0,0
samakal:https://samakal.com/economics/article/342163/%E0%A6%AD%E0%A7%8B%E0%A6%9C%E0%A7%8D%E0%A6%AF%E0%A6%A4%E0%A7%87%E0%A6%B2%E0%A7%87%E0%A6%B0-%E0%A6%A6%E0%A6%BE%E0%A6%AE-%E0%A6%8F%E0%A6%95%E0%A6%9F%E0%A7%81%E0%A6%93-%E0%A6%AC%E0%A6%BE%E0%A7%9C%E0%A6%AC%E0%A7%87-%E0%A6%A8%E0%A6%BE,samakal,bn,https://samakal.com/economics/article/342163/%E0%A6%AD%E0%A7%8B%E0%A6%9C%E0%A7%8D%E0%A6%AF%E0%A6%A4%E0%A7%87%E0%A6%B2%E0%A7%87%E0%A6%B0-%E0%A6%A6%E0%A6%BE%E0%A6%AE-%E0%A6%8F%E0%A6%95%E0%A6%9F%E0%A7%81%E0%A6%93-%E0%A6%AC%E0%A6%BE%E0%A7%9C%E0%A6%AC%E0%A7%87-%E0%A6%A8%E0%A6%BE,2026-03-10,ভোজ্যতেলের দাম একটুও বাড়বে না,2026,3,True,True,0,0,0,0,0,0,0,0,0,0,0,0,0,0,0,0
samakal:https://samakal.com/international/article/342422/%E0%A7%AA%E0%A7%A6-%E0%A6%95%E0%A7%87%E0%A6%BE%E0%A6%9F%E0%A6%BF-%E0%A6%AC%E0%A7%8D%E0%A6%AF%E0%A6%BE%E0%A6%B0%E0%A7%87%E0%A6%B2-%E0%A6%9C%E0%A7%8D%E0%A6%AC%E0%A6%BE%E0%A6%B2%E0%A6%BE%E0%A6%A8%E0%A6%BF-%E0%A6%A4%E0%A7%87%E0%A6%B2-%E0%A6%AC%E0%A6%BE%E0%A6%9C%E0%A6%BE%E0%A6%B0%E0%A7%87-%E0%A6%9B%E0%A6%BE%E0%A6%A1%E0%A6%BC%E0%A6%BE%E0%A6%B0-%E0%A6%85%E0%A6%A8%E0%A7%81%E0%A6%AE%E0%A7%8B%E0%A6%A6%E0%A6%A8-%E0%A6%A6%E0%A6%BF%E0%A6%AF%E0%A6%BC%E0%A7%87%E0%A6%9B%E0%A7%87-%E0%A6%86%E0%A6%87%E0%A6%87%E0%A6%8F,samakal,bn,https://samakal.com/international/article/342422/%E0%A7%AA%E0%A7%A6-%E0%A6%95%E0%A7%87%E0%A6%BE%E0%A6%9F%E0%A6%BF-%E0%A6%AC%E0%A7%8D%E0%A6%AF%E0%A6%BE%E0%A6%B0%E0%A7%87%E0%A6%B2-%E0%A6%9C%E0%A7%8D%E0%A6%AC%E0%A6%BE%E0%A6%B2%E0%A6%BE%E0%A6%A8%E0%A6%BF-%E0%A6%A4%E0%A7%87%E0%A6%B2-%E0%A6%AC%E0%A6%BE%E0%A6%9C%E0%A6%BE%E0%A6%B0%E0%A7%87-%E0%A6%9B%E0%A6%BE%E0%A6%A1%E0%A6%BC%E0%A6%BE%E0%A6%B0-%E0%A6%85%E0%A6%A8%E0%A7%81%E0%A6%AE%E0%A7%8B%E0%A6%A6%E0%A6%A8-%E0%A6%A6%E0%A6%BF%E0%A6%AF%E0%A6%BC%E0%A7%87%E0%A6%9B%E0%A7%87-%E0%A6%86%E0%A6%87%E0%A6%87%E0%A6%8F,2026-03-11,৪০ কোটি ব্যারেল জ্বালানি তেল বাজারে ছাড়ার অনুমোদন দিয়েছে আইইএ,2026,1,True,True,0,1,0,0,0,0,0,0,0,0,0,0,0,1,0,0
samakal:https://samakal.com/bangladesh/article/342380/%E0%A6%AA%E0%A7%87%E0%A6%9F%E0%A7%8D%E0%A6%B0%E0%A7%8B%E0%A6%B2-%E0%A6%85%E0%A6%95%E0%A6%9F%E0%A7%87%E0%A6%A8-%E0%A6%B8%E0%A6%B0%E0%A6%AC%E0%A6%B0%E0%A6%BE%E0%A6%B9-%E0%A6%AC%E0%A6%BE%E0%A6%A1%E0%A6%BC%E0%A6%BF%E0%A6%AF%E0%A6%BC%E0%A7%87%E0%A6%9B%E0%A7%87-%E0%A6%AC%E0%A6%BF%E0%A6%AA%E0%A6%BF%E0%A6%B8%E0%A6%BF,samakal,bn,https://samakal.com/bangladesh/article/342380/%E0%A6%AA%E0%A7%87%E0%A6%9F%E0%A7%8D%E0%A6%B0%E0%A7%8B%E0%A6%B2-%E0%A6%85%E0%A6%95%E0%A6%9F%E0%A7%87%E0%A6%A8-%E0%A6%B8%E0%A6%B0%E0%A6%AC%E0%A6%B0%E0%A6%BE%E0%A6%B9-%E0%A6%AC%E0%A6%BE%E0%A6%A1%E0%A6%BC%E0%A6%BF%E0%A6%AF%E0%A6%BC%E0%A7%87%E0%A6%9B%E0%A7%87-%E0%A6%AC%E0%A6%BF%E0%A6%AA%E0%A6%BF%E0%A6%B8%E0%A6%BF,2026-03-11,পেট্রোল-অকটেন সরবরাহ বাড়িয়েছে বিপিসি,2026,14,True,True,1,2,0,0,0,0,0,0,0,0,0,0,0,0,0,0
samakal:https://samakal.com/bangladesh/article/342352/%E0%A6%AC%E0%A6%BF%E0%A6%B6%E0%A7%8D%E0%A6%AC%E0%A6%AC%E0%A6%BE%E0%A6%9C%E0%A6%BE%E0%A6%B0%E0%A7%87-%E0%A6%9C%E0%A7%8D%E0%A6%AC%E0%A6%BE%E0%A6%B2%E0%A6%BE%E0%A6%A8%E0%A6%BF-%E0%A6%A4%E0%A7%87%E0%A6%B2%E0%A7%87%E0%A6%B0-%E0%A6%A6%E0%A6%BE%E0%A6%AE-%E0%A6%95%E0%A6%AE%E0%A7%87%E0%A6%9B%E0%A7%87-%E0%A6%85%E0%A6%A8%E0%A6%BF%E0%A6%B6%E0%A7%8D%E0%A6%9A%E0%A7%9F%E0%A6%A4%E0%A6%BE-%E0%A6%95%E0%A6%BE%E0%A6%9F%E0%A7%87%E0%A6%A8%E0%A6%BF,samakal,bn,https://samakal.com/bangladesh/article/342352/%E0%A6%AC%E0%A6%BF%E0%A6%B6%E0%A7%8D%E0%A6%AC%E0%A6%AC%E0%A6%BE%E0%A6%9C%E0%A6%BE%E0%A6%B0%E0%A7%87-%E0%A6%9C%E0%A7%8D%E0%A6%AC%E0%A6%BE%E0%A6%B2%E0%A6%BE%E0%A6%A8%E0%A6%BF-%E0%A6%A4%E0%A7%87%E0%A6%B2%E0%A7%87%E0%A6%B0-%E0%A6%A6%E0%A6%BE%E0%A6%AE-%E0%A6%95%E0%A6%AE%E0%A7%87%E0%A6%9B%E0%A7%87-%E0%A6%85%E0%A6%A8%E0%A6%BF%E0%A6%B6%E0%A7%8D%E0%A6%9A%E0%A7%9F%E0%A6%A4%E0%A6%BE-%E0%A6%95%E0%A6%BE%E0%A6%9F%E0%A7%87%E0%A6%A8%E0%A6%BF,2026-03-11,"বিশ্ববাজারে জ্বালানি তেলের দাম কমেছে, অনিশ্চয়তা কাটেনি",2026,11,True,True,1,22,0,0,0,0,0,0,0,0,0,0,0,0,0,0
samakal:https://samakal.com/bangladesh/article/342342/%E0%A6%A1%E0%A6%BF%E0%A6%9C%E0%A7%87%E0%A6%B2%E0%A7%87%E0%A6%B0-%E0%A6%95%E0%A7%83%E0%A6%A4%E0%A7%8D%E0%A6%B0%E0%A6%BF%E0%A6%AE-%E0%A6%B8%E0%A6%82%E0%A6%95%E0%A6%9F-%E0%A6%96%E0%A6%B0%E0%A6%9A-%E0%A6%AC%E0%A6%BE%E0%A7%9C%E0%A6%9B%E0%A7%87-%E0%A6%95%E0%A7%83%E0%A6%B7%E0%A6%95%E0%A7%87%E0%A6%B0,samakal,bn,https://samakal.com/bangladesh/article/342342/%E0%A6%A1%E0%A6%BF%E0%A6%9C%E0%A7%87%E0%A6%B2%E0%A7%87%E0%A6%B0-%E0%A6%95%E0%A7%83%E0%A6%A4%E0%A7%8D%E0%A6%B0%E0%A6%BF%E0%A6%AE-%E0%A6%B8%E0%A6%82%E0%A6%95%E0%A6%9F-%E0%A6%96%E0%A6%B0%E0%A6%9A-%E0%A6%AC%E0%A6%BE%E0%A7%9C%E0%A6%9B%E0%A7%87-%E0%A6%95%E0%A7%83%E0%A6%B7%E0%A6%95%E0%A7%87%E0%A6%B0,2026-03-11,"ডিজেলের কৃত্রিম সংকট, খরচ বাড়ছে কৃষকের",2026,9,True,True,0,0,0,0,1,3,0,0,0,0,0,0,0,1,0,0
samakal:https://samakal.com/bangladesh/article/342605/%E0%A6%AC%E0%A6%BE%E0%A6%82%E0%A6%B2%E0%A6%BE%E0%A6%A6%E0%A7%87%E0%A6%B6%E0%A6%95%E0%A7%87-%E0%A6%85%E0%A6%A4%E0%A6%BF%E0%A6%B0%E0%A6%BF%E0%A6%95%E0%A7%8D%E0%A6%A4-%E0%A6%A1%E0%A6%BF%E0%A6%9C%E0%A7%87%E0%A6%B2-%E0%A6%A6%E0%A7%87%E0%A6%93%E0%A7%9F%E0%A6%BE%E0%A6%B0-%E0%A6%85%E0%A6%A8%E0%A7%81%E0%A6%B0%E0%A7%8B%E0%A6%A7-%E0%A6%AC%E0%A6%BF%E0%A6%AC%E0%A7%87%E0%A6%9A%E0%A6%A8%E0%A6%BE-%E0%A6%95%E0%A6%B0%E0%A6%9B%E0%A7%87-%E0%A6%AD%E0%A6%BE%E0%A6%B0%E0%A6%A4,samakal,bn,https://samakal.com/bangladesh/article/342605/%E0%A6%AC%E0%A6%BE%E0%A6%82%E0%A6%B2%E0%A6%BE%E0%A6%A6%E0%A7%87%E0%A6%B6%E0%A6%95%E0%A7%87-%E0%A6%85%E0%A6%A4%E0%A6%BF%E0%A6%B0%E0%A6%BF%E0%A6%95%E0%A7%8D%E0%A6%A4-%E0%A6%A1%E0%A6%BF%E0%A6%9C%E0%A7%87%E0%A6%B2-%E0%A6%A6%E0%A7%87%E0%A6%93%E0%A7%9F%E0%A6%BE%E0%A6%B0-%E0%A6%85%E0%A6%A8%E0%A7%81%E0%A6%B0%E0%A7%8B%E0%A6%A7-%E0%A6%AC%E0%A6%BF%E0%A6%AC%E0%A7%87%E0%A6%9A%E0%A6%A8%E0%A6%BE-%E0%A6%95%E0%A6%B0%E0%A6%9B%E0%A7%87-%E0%A6%AD%E0%A6%BE%E0%A6%B0%E0%A6%A4,2026-03-12,বাংলাদেশকে অতিরিক্ত ডিজেল দেওয়ার অনুরোধ বিবেচনা করছে ভারত,2026,6,True,True,0,1,0,0,0,0,0,1,0,0,0,0,0,0,0,0
samakal:https://samakal.com/international/article/342591/%E0%A6%9F%E0%A7%8D%E0%A6%B0%E0%A6%BE%E0%A6%AE%E0%A7%8D%E0%A6%AA-%E0%A6%AC%E0%A6%B2%E0%A6%B2%E0%A7%87%E0%A6%A8-%E0%A6%AC%E0%A6%BF%E0%A6%B6%E0%A7%8D%E0%A6%AC%E0%A6%AC%E0%A6%BE%E0%A6%9C%E0%A6%BE%E0%A6%B0%E0%A7%87-%E0%A6%A4%E0%A7%87%E0%A6%B2%E0%A7%87%E0%A6%B0-%E0%A6%A6%E0%A6%BE%E0%A6%AE-%E0%A6%AC%E0%A6%BE%E0%A7%9C%E0%A6%B2%E0%A7%87-%E0%A6%AF%E0%A7%81%E0%A6%95%E0%A7%8D%E0%A6%A4%E0%A6%B0%E0%A6%BE%E0%A6%B7%E0%A7%8D%E0%A6%9F%E0%A7%8D%E0%A6%B0-%E2%80%98%E0%A6%AA%E0%A7%8D%E0%A6%B0%E0%A6%9A%E0%A7%81%E0%A6%B0-%E0%A6%85%E0%A6%B0%E0%A7%8D%E0%A6%A5-%E0%A6%89%E0%A6%AA%E0%A6%BE%E0%A6%B0%E0%A7%8D%E0%A6%9C%E0%A6%A8%E2%80%99-%E0%A6%95%E0%A6%B0%E0%A7%87,samakal,bn,https://samakal.com/international/article/342591/%E0%A6%9F%E0%A7%8D%E0%A6%B0%E0%A6%BE%E0%A6%AE%E0%A7%8D%E0%A6%AA-%E0%A6%AC%E0%A6%B2%E0%A6%B2%E0%A7%87%E0%A6%A8-%E0%A6%AC%E0%A6%BF%E0%A6%B6%E0%A7%8D%E0%A6%AC%E0%A6%AC%E0%A6%BE%E0%A6%9C%E0%A6%BE%E0%A6%B0%E0%A7%87-%E0%A6%A4%E0%A7%87%E0%A6%B2%E0%A7%87%E0%A6%B0-%E0%A6%A6%E0%A6%BE%E0%A6%AE-%E0%A6%AC%E0%A6%BE%E0%A7%9C%E0%A6%B2%E0%A7%87-%E0%A6%AF%E0%A7%81%E0%A6%95%E0%A7%8D%E0%A6%A4%E0%A6%B0%E0%A6%BE%E0%A6%B7%E0%A7%8D%E0%A6%9F%E0%A7%8D%E0%A6%B0-%E2%80%98%E0%A6%AA%E0%A7%8D%E0%A6%B0%E0%A6%9A%E0%A7%81%E0%A6%B0-%E0%A6%85%E0%A6%B0%E0%A7%8D%E0%A6%A5-%E0%A6%89%E0%A6%AA%E0%A6%BE%E0%A6%B0%E0%A7%8D%E0%A6%9C%E0%A6%A8%E2%80%99-%E0%A6%95%E0%A6%B0%E0%A7%87,2026-03-12,"ট্রাম্প বললেন, বিশ্ববাজারে তেলের দাম বাড়লে যুক্তরাষ্ট্র ‘প্রচুর অর্থ উপার্জন’ করে",2026,3,True,True,1,6,0,0,0,0,0,0,0,0,0,0,0,0,0,0
samakal:https://samakal.com/bangladesh/article/342561/%E0%A6%9B%E0%A7%81%E0%A6%9F%E0%A6%BF%E0%A6%B0-%E0%A6%A6%E0%A6%BF%E0%A6%A8%E0%A7%87%E0%A6%93-%E0%A6%96%E0%A7%8B%E0%A6%B2%E0%A6%BE-%E0%A6%A5%E0%A6%BE%E0%A6%95%E0%A6%AC%E0%A7%87-%E0%A6%AC%E0%A6%BF%E0%A6%AA%E0%A6%BF%E0%A6%B8%E0%A6%BF%E0%A6%B0-%E0%A6%A4%E0%A7%87%E0%A6%B2-%E0%A6%A1%E0%A6%BF%E0%A6%AA%E0%A7%8B,samakal,bn,https://samakal.com/bangladesh/article/342561/%E0%A6%9B%E0%A7%81%E0%A6%9F%E0%A6%BF%E0%A6%B0-%E0%A6%A6%E0%A6%BF%E0%A6%A8%E0%A7%87%E0%A6%93-%E0%A6%96%E0%A7%8B%E0%A6%B2%E0%A6%BE-%E0%A6%A5%E0%A6%BE%E0%A6%95%E0%A6%AC%E0%A7%87-%E0%A6%AC%E0%A6%BF%E0%A6%AA%E0%A6%BF%E0%A6%B8%E0%A6%BF%E0%A6%B0-%E0%A6%A4%E0%A7%87%E0%A6%B2-%E0%A6%A1%E0%A6%BF%E0%A6%AA%E0%A7%8B,2026-03-12,ছুটির দিনেও খোলা থাকবে বিপিসির তেল ডিপো,2026,13,True,True,0,0,0,0,0,0,0,0,0,0,0,0,0,0,0,0
samakal:https://samakal.com/international/article/342542/%E0%A6%9C%E0%A7%8D%E0%A6%AC%E0%A6%BE%E0%A6%B2%E0%A6%BE%E0%A6%A8%E0%A6%BF-%E0%A6%B8%E0%A7%8D%E0%A6%A5%E0%A6%BE%E0%A6%AA%E0%A6%A8%E0%A6%BE%E0%A6%A4%E0%A7%87-%E0%A6%87%E0%A6%B0%E0%A6%BE%E0%A6%A8%E0%A7%87%E0%A6%B0-%E0%A6%B9%E0%A6%BE%E0%A6%AE%E0%A6%B2%E0%A6%BE%E0%A7%9F-%E0%A6%AB%E0%A7%87%E0%A6%B0-%E0%A6%AC%E0%A6%BE%E0%A7%9C%E0%A6%B2-%E0%A6%A4%E0%A7%87%E0%A6%B2%E0%A7%87%E0%A6%B0-%E0%A6%A6%E0%A6%BE%E0%A6%AE,samakal,bn,https://samakal.com/international/article/342542/%E0%A6%9C%E0%A7%8D%E0%A6%AC%E0%A6%BE%E0%A6%B2%E0%A6%BE%E0%A6%A8%E0%A6%BF-%E0%A6%B8%E0%A7%8D%E0%A6%A5%E0%A6%BE%E0%A6%AA%E0%A6%A8%E0%A6%BE%E0%A6%A4%E0%A7%87-%E0%A6%87%E0%A6%B0%E0%A6%BE%E0%A6%A8%E0%A7%87%E0%A6%B0-%E0%A6%B9%E0%A6%BE%E0%A6%AE%E0%A6%B2%E0%A6%BE%E0%A7%9F-%E0%A6%AB%E0%A7%87%E0%A6%B0-%E0%A6%AC%E0%A6%BE%E0%A7%9C%E0%A6%B2-%E0%A6%A4%E0%A7%87%E0%A6%B2%E0%A7%87%E0%A6%B0-%E0%A6%A6%E0%A6%BE%E0%A6%AE,2026-03-12,জ্বালানি স্থাপনাতে ইরানের হামলায় ফের বাড়ল তেলের দাম,2026,4,True,True,1,7,0,0,0,0,0,0,0,0,0,0,0,0,0,0
samakal:https://samakal.com/whole-country/article/342504/%E0%A6%AC%E0%A7%87%E0%A6%B6%E0%A6%BF-%E0%A6%A6%E0%A6%BE%E0%A6%AE%E0%A7%87-%E0%A6%A1%E0%A6%BF%E0%A6%9C%E0%A7%87%E0%A6%B2-%E0%A6%AC%E0%A6%BF%E0%A6%95%E0%A7%8D%E0%A6%B0%E0%A6%BF-%E0%A6%A6%E0%A7%81%E0%A6%87-%E0%A6%A1%E0%A6%BF%E0%A6%B2%E0%A6%BE%E0%A6%B0%E0%A6%95%E0%A7%87-%E0%A6%9C%E0%A6%B0%E0%A6%BF%E0%A6%AE%E0%A6%BE%E0%A6%A8%E0%A6%BE,samakal,bn,https://samakal.com/whole-country/article/342504/%E0%A6%AC%E0%A7%87%E0%A6%B6%E0%A6%BF-%E0%A6%A6%E0%A6%BE%E0%A6%AE%E0%A7%87-%E0%A6%A1%E0%A6%BF%E0%A6%9C%E0%A7%87%E0%A6%B2-%E0%A6%AC%E0%A6%BF%E0%A6%95%E0%A7%8D%E0%A6%B0%E0%A6%BF-%E0%A6%A6%E0%A7%81%E0%A6%87-%E0%A6%A1%E0%A6%BF%E0%A6%B2%E0%A6%BE%E0%A6%B0%E0%A6%95%E0%A7%87-%E0%A6%9C%E0%A6%B0%E0%A6%BF%E0%A6%AE%E0%A6%BE%E0%A6%A8%E0%A6%BE,2026-03-12,বেশি দামে ডিজেল বিক্রি  দুই ডিলারকে জরিমানা,2026,9,True,True,0,1,0,0,0,0,0,0,0,0,0,0,0,0,0,0
samakal:https://samakal.com/whole-country/article/342690/%E0%A6%AC%E0%A6%95%E0%A6%B6%E0%A7%80%E0%A6%97%E0%A6%9E%E0%A7%8D%E0%A6%9C%E0%A7%87-%E0%A6%AA%E0%A6%BE%E0%A6%AE%E0%A7%8D%E0%A6%AA%E0%A7%87-%E0%A6%A8%E0%A7%87%E0%A6%87-%E0%A6%9C%E0%A7%8D%E0%A6%AC%E0%A6%BE%E0%A6%B2%E0%A6%BE%E0%A6%A8%E0%A6%BF-%E0%A6%A4%E0%A7%87%E0%A6%B2-%E0%A6%AD%E0%A7%8B%E0%A6%97%E0%A6%BE%E0%A6%A8%E0%A7%8D%E0%A6%A4%E0%A6%BF%E0%A6%A4%E0%A7%87-%E0%A6%9A%E0%A6%BE%E0%A6%B2%E0%A6%95-%E0%A6%95%E0%A7%83%E0%A6%B7%E0%A6%95,samakal,bn,https://samakal.com/whole-country/article/342690/%E0%A6%AC%E0%A6%95%E0%A6%B6%E0%A7%80%E0%A6%97%E0%A6%9E%E0%A7%8D%E0%A6%9C%E0%A7%87-%E0%A6%AA%E0%A6%BE%E0%A6%AE%E0%A7%8D%E0%A6%AA%E0%A7%87-%E0%A6%A8%E0%A7%87%E0%A6%87-%E0%A6%9C%E0%A7%8D%E0%A6%AC%E0%A6%BE%E0%A6%B2%E0%A6%BE%E0%A6%A8%E0%A6%BF-%E0%A6%A4%E0%A7%87%E0%A6%B2-%E0%A6%AD%E0%A7%8B%E0%A6%97%E0%A6%BE%E0%A6%A8%E0%A7%8D%E0%A6%A4%E0%A6%BF%E0%A6%A4%E0%A7%87-%E0%A6%9A%E0%A6%BE%E0%A6%B2%E0%A6%95-%E0%A6%95%E0%A7%83%E0%A6%B7%E0%A6%95,2026-03-13,"বকশীগঞ্জে পাম্পে নেই জ্বালানি তেল, ভোগান্তিতে চালক-কৃষক",2026,16,True,True,0,1,0,0,0,0,0,0,0,0,0,0,0,0,0,0
samakal:https://samakal.com/opinion/article/342621/%E0%A6%9C%E0%A7%8D%E0%A6%AC%E0%A6%BE%E0%A6%B2%E0%A6%BE%E0%A6%A8%E0%A6%BF-%E0%A6%B8%E0%A6%82%E0%A6%95%E0%A6%9F%E0%A7%87-%E0%A6%B8%E0%A6%BE%E0%A6%AE%E0%A7%9F%E0%A6%BF%E0%A6%95-%E0%A6%93-%E0%A6%A6%E0%A7%80%E0%A6%B0%E0%A7%8D%E0%A6%98%E0%A6%AE%E0%A7%87%E0%A7%9F%E0%A6%BE%E0%A6%A6%E0%A6%BF-%E0%A6%95%E0%A7%8C%E0%A6%B6%E0%A6%B2-%E0%A6%9A%E0%A6%BE%E0%A6%87,samakal,bn,https://samakal.com/opinion/article/342621/%E0%A6%9C%E0%A7%8D%E0%A6%AC%E0%A6%BE%E0%A6%B2%E0%A6%BE%E0%A6%A8%E0%A6%BF-%E0%A6%B8%E0%A6%82%E0%A6%95%E0%A6%9F%E0%A7%87-%E0%A6%B8%E0%A6%BE%E0%A6%AE%E0%A7%9F%E0%A6%BF%E0%A6%95-%E0%A6%93-%E0%A6%A6%E0%A7%80%E0%A6%B0%E0%A7%8D%E0%A6%98%E0%A6%AE%E0%A7%87%E0%A7%9F%E0%A6%BE%E0%A6%A6%E0%A6%BF-%E0%A6%95%E0%A7%8C%E0%A6%B6%E0%A6%B2-%E0%A6%9A%E0%A6%BE%E0%A6%87,2026-03-13,জ্বালানি সংকটে সাময়িক ও দীর্ঘমেয়াদি কৌশল চাই,2026,9,True,True,1,21,0,0,0,0,0,0,0,0,0,0,0,0,0,0
samakal:https://samakal.com/whole-country/article/342855/%E0%A6%97%E0%A7%8B%E0%A7%9F%E0%A6%BE%E0%A6%B2%E0%A6%98%E0%A6%B0-%E0%A6%A5%E0%A7%87%E0%A6%95%E0%A7%87-%E0%A6%A6%E0%A7%87%E0%A7%9C-%E0%A6%B9%E0%A6%BE%E0%A6%9C%E0%A6%BE%E0%A6%B0-%E0%A6%B2%E0%A6%BF%E0%A6%9F%E0%A6%BE%E0%A6%B0-%E0%A6%AA%E0%A7%87%E0%A6%9F%E0%A7%8D%E0%A6%B0%E0%A7%8B%E0%A6%B2-%E0%A6%85%E0%A6%95%E0%A6%9F%E0%A7%87%E0%A6%A8-%E0%A6%89%E0%A6%A6%E0%A7%8D%E0%A6%A7%E0%A6%BE%E0%A6%B0%C2%A0,samakal,bn,https://samakal.com/whole-country/article/342855/%E0%A6%97%E0%A7%8B%E0%A7%9F%E0%A6%BE%E0%A6%B2%E0%A6%98%E0%A6%B0-%E0%A6%A5%E0%A7%87%E0%A6%95%E0%A7%87-%E0%A6%A6%E0%A7%87%E0%A7%9C-%E0%A6%B9%E0%A6%BE%E0%A6%9C%E0%A6%BE%E0%A6%B0-%E0%A6%B2%E0%A6%BF%E0%A6%9F%E0%A6%BE%E0%A6%B0-%E0%A6%AA%E0%A7%87%E0%A6%9F%E0%A7%8D%E0%A6%B0%E0%A7%8B%E0%A6%B2-%E0%A6%85%E0%A6%95%E0%A6%9F%E0%A7%87%E0%A6%A8-%E0%A6%89%E0%A6%A6%E0%A7%8D%E0%A6%A7%E0%A6%BE%E0%A6%B0%C2%A0,2026-03-14,গোয়ালঘর থেকে দেড় হাজার লিটার পেট্রোল-অকটেন উদ্ধার,2026,8,True,True,0,1,0,0,0,0,0,0,0,0,0,0,0,0,0,0
samakal:https://samakal.com/bangladesh/article/342799/%E0%A6%9C%E0%A7%8D%E0%A6%AC%E0%A6%BE%E0%A6%B2%E0%A6%BE%E0%A6%A8%E0%A6%BF-%E0%A6%B8%E0%A6%82%E0%A6%95%E0%A6%9F%E0%A7%87-%E0%A6%88%E0%A6%A6%E0%A6%AF%E0%A6%BE%E0%A6%A4%E0%A7%8D%E0%A6%B0%E0%A6%BE%E0%A7%9F-%E0%A6%AD%E0%A7%87%E0%A6%BE%E0%A6%97%E0%A6%BE%E0%A6%A8%E0%A7%8D%E0%A6%A4%E0%A6%BF-%E0%A6%AC%E0%A6%BE%E0%A7%9C%E0%A6%BE%E0%A6%B0-%E0%A6%B6%E0%A6%99%E0%A7%8D%E0%A6%95%E0%A6%BE,samakal,bn,https://samakal.com/bangladesh/article/342799/%E0%A6%9C%E0%A7%8D%E0%A6%AC%E0%A6%BE%E0%A6%B2%E0%A6%BE%E0%A6%A8%E0%A6%BF-%E0%A6%B8%E0%A6%82%E0%A6%95%E0%A6%9F%E0%A7%87-%E0%A6%88%E0%A6%A6%E0%A6%AF%E0%A6%BE%E0%A6%A4%E0%A7%8D%E0%A6%B0%E0%A6%BE%E0%A7%9F-%E0%A6%AD%E0%A7%87%E0%A6%BE%E0%A6%97%E0%A6%BE%E0%A6%A8%E0%A7%8D%E0%A6%A4%E0%A6%BF-%E0%A6%AC%E0%A6%BE%E0%A7%9C%E0%A6%BE%E0%A6%B0-%E0%A6%B6%E0%A6%99%E0%A7%8D%E0%A6%95%E0%A6%BE,2026-03-14,জ্বালানি সংকটে ঈদযাত্রায় ভোগান্তি বাড়ার শঙ্কা,2026,28,True,True,0,1,0,0,0,0,0,0,0,0,0,0,1,2,0,0
samakal:https://samakal.com/bangladesh/article/343035/%E0%A6%9C%E0%A7%8D%E0%A6%AC%E0%A6%BE%E0%A6%B2%E0%A6%BE%E0%A6%A8%E0%A6%BF-%E0%A6%A4%E0%A7%87%E0%A6%B2%E0%A7%87%E0%A6%B0-%E0%A6%B8%E0%A6%82%E0%A6%95%E0%A6%9F-%E0%A6%A8%E0%A6%BF%E0%A6%B0%E0%A6%B8%E0%A6%A8%E0%A7%87-%E0%A6%A1%E0%A6%BF%E0%A6%B8%E0%A6%BF%E0%A6%A6%E0%A7%87%E0%A6%B0-%E0%A7%AF-%E0%A6%A8%E0%A6%BF%E0%A6%B0%E0%A7%8D%E0%A6%A6%E0%A7%87%E0%A6%B6%E0%A6%A8%E0%A6%BE,samakal,bn,https://samakal.com/bangladesh/article/343035/%E0%A6%9C%E0%A7%8D%E0%A6%AC%E0%A6%BE%E0%A6%B2%E0%A6%BE%E0%A6%A8%E0%A6%BF-%E0%A6%A4%E0%A7%87%E0%A6%B2%E0%A7%87%E0%A6%B0-%E0%A6%B8%E0%A6%82%E0%A6%95%E0%A6%9F-%E0%A6%A8%E0%A6%BF%E0%A6%B0%E0%A6%B8%E0%A6%A8%E0%A7%87-%E0%A6%A1%E0%A6%BF%E0%A6%B8%E0%A6%BF%E0%A6%A6%E0%A7%87%E0%A6%B0-%E0%A7%AF-%E0%A6%A8%E0%A6%BF%E0%A6%B0%E0%A7%8D%E0%A6%A6%E0%A7%87%E0%A6%B6%E0%A6%A8%E0%A6%BE,2026-03-15,জ্বালানি তেলের সংকট নিরসনে ডিসিদের ৯ নির্দেশনা,2026,3,True,True,0,0,0,0,0,0,0,0,0,0,0,0,0,0,0,0
samakal:https://samakal.com/bangladesh/article/342964/%E0%A6%9A%E0%A6%BE%E0%A6%B9%E0%A6%BF%E0%A6%A6%E0%A6%BE-%E0%A6%85%E0%A6%A8%E0%A7%81%E0%A6%AF%E0%A6%BE%E0%A6%AF%E0%A6%BC%E0%A7%80-%E0%A6%9C%E0%A7%8D%E0%A6%AC%E0%A6%BE%E0%A6%B2%E0%A6%BE%E0%A6%A8%E0%A6%BF-%E0%A6%A4%E0%A7%87%E0%A6%B2-%E0%A6%B8%E0%A6%B0%E0%A6%AC%E0%A6%B0%E0%A6%BE%E0%A6%B9%E0%A7%87%E0%A6%B0-%E0%A6%98%E0%A7%8B%E0%A6%B7%E0%A6%A3%E0%A6%BE,samakal,bn,https://samakal.com/bangladesh/article/342964/%E0%A6%9A%E0%A6%BE%E0%A6%B9%E0%A6%BF%E0%A6%A6%E0%A6%BE-%E0%A6%85%E0%A6%A8%E0%A7%81%E0%A6%AF%E0%A6%BE%E0%A6%AF%E0%A6%BC%E0%A7%80-%E0%A6%9C%E0%A7%8D%E0%A6%AC%E0%A6%BE%E0%A6%B2%E0%A6%BE%E0%A6%A8%E0%A6%BF-%E0%A6%A4%E0%A7%87%E0%A6%B2-%E0%A6%B8%E0%A6%B0%E0%A6%AC%E0%A6%B0%E0%A6%BE%E0%A6%B9%E0%A7%87%E0%A6%B0-%E0%A6%98%E0%A7%8B%E0%A6%B7%E0%A6%A3%E0%A6%BE,2026-03-15,চাহিদা অনুযায়ী জ্বালানি তেল সরবরাহের ঘোষণা,2026,10,True,True,1,3,0,0,0,0,0,0,0,0,0,0,0,0,0,0
samakal:https://samakal.com/bangladesh/article/342884/%E0%A6%B0%E0%A7%8B%E0%A6%AC%E0%A6%AC%E0%A6%BE%E0%A6%B0-%E0%A6%A5%E0%A7%87%E0%A6%95%E0%A7%87-%E0%A6%9C%E0%A7%8D%E0%A6%AC%E0%A6%BE%E0%A6%B2%E0%A6%BE%E0%A6%A8%E0%A6%BF-%E0%A6%A4%E0%A7%87%E0%A6%B2%E0%A7%87%E0%A6%B0-%E0%A6%B0%E0%A7%87%E0%A6%B6%E0%A6%A8%E0%A6%BF%E0%A6%82-%E0%A6%AA%E0%A7%8D%E0%A6%B0%E0%A6%A4%E0%A7%8D%E0%A6%AF%E0%A6%BE%E0%A6%B9%E0%A6%BE%E0%A6%B0,samakal,bn,https://samakal.com/bangladesh/article/342884/%E0%A6%B0%E0%A7%8B%E0%A6%AC%E0%A6%AC%E0%A6%BE%E0%A6%B0-%E0%A6%A5%E0%A7%87%E0%A6%95%E0%A7%87-%E0%A6%9C%E0%A7%8D%E0%A6%AC%E0%A6%BE%E0%A6%B2%E0%A6%BE%E0%A6%A8%E0%A6%BF-%E0%A6%A4%E0%A7%87%E0%A6%B2%E0%A7%87%E0%A6%B0-%E0%A6%B0%E0%A7%87%E0%A6%B6%E0%A6%A8%E0%A6%BF%E0%A6%82-%E0%A6%AA%E0%A7%8D%E0%A6%B0%E0%A6%A4%E0%A7%8D%E0%A6%AF%E0%A6%BE%E0%A6%B9%E0%A6%BE%E0%A6%B0,2026-03-15,রোববার থেকে জ্বালানি তেলের রেশনিং প্রত্যাহার,2026,8,True,True,0,1,0,0,0,0,0,0,0,0,0,0,0,0,0,0
samakal:https://samakal.com/bangladesh/article/343132/%E0%A6%B8%E0%A6%B0%E0%A6%BE%E0%A6%B8%E0%A6%B0%E0%A6%BF-%E0%A6%A6%E0%A7%81%E0%A6%87-%E0%A6%B9%E0%A6%BE%E0%A6%9C%E0%A6%BE%E0%A6%B0-%E0%A6%95%E0%A7%8B%E0%A6%9F%E0%A6%BF-%E0%A6%9F%E0%A6%BE%E0%A6%95%E0%A6%BE%E0%A6%B0-%E0%A6%A1%E0%A6%BF%E0%A6%9C%E0%A7%87%E0%A6%B2-%E0%A6%85%E0%A6%95%E0%A6%9F%E0%A7%87%E0%A6%A8-%E0%A6%95%E0%A6%BF%E0%A6%A8%E0%A6%AC%E0%A7%87-%E0%A6%B8%E0%A6%B0%E0%A6%95%E0%A6%BE%E0%A6%B0,samakal,bn,https://samakal.com/bangladesh/article/343132/%E0%A6%B8%E0%A6%B0%E0%A6%BE%E0%A6%B8%E0%A6%B0%E0%A6%BF-%E0%A6%A6%E0%A7%81%E0%A6%87-%E0%A6%B9%E0%A6%BE%E0%A6%9C%E0%A6%BE%E0%A6%B0-%E0%A6%95%E0%A7%8B%E0%A6%9F%E0%A6%BF-%E0%A6%9F%E0%A6%BE%E0%A6%95%E0%A6%BE%E0%A6%B0-%E0%A6%A1%E0%A6%BF%E0%A6%9C%E0%A7%87%E0%A6%B2-%E0%A6%85%E0%A6%95%E0%A6%9F%E0%A7%87%E0%A6%A8-%E0%A6%95%E0%A6%BF%E0%A6%A8%E0%A6%AC%E0%A7%87-%E0%A6%B8%E0%A6%B0%E0%A6%95%E0%A6%BE%E0%A6%B0,2026-03-16,সরাসরি দুই হাজার কোটি টাকার ডিজেল-অকটেন কিনবে সরকার,2026,26,True,True,1,7,0,0,0,0,0,0,0,0,0,0,0,0,0,0
samakal:https://samakal.com/international/article/343322/%E0%A6%9C%E0%A7%8D%E0%A6%AC%E0%A6%BE%E0%A6%B2%E0%A6%BE%E0%A6%A8%E0%A6%BF-%E0%A6%B8%E0%A6%82%E0%A6%95%E0%A6%9F%E0%A7%87-%E0%A6%95%E0%A6%BF%E0%A6%89%E0%A6%AC%E0%A6%BE%E0%A6%9C%E0%A7%81%E0%A6%A1%E0%A6%BC%E0%A7%87-%E0%A6%AC%E0%A7%8D%E0%A6%B2%E0%A7%8D%E0%A6%AF%E0%A6%BE%E0%A6%95%E0%A6%86%E0%A6%89%E0%A6%9F,samakal,bn,https://samakal.com/international/article/343322/%E0%A6%9C%E0%A7%8D%E0%A6%AC%E0%A6%BE%E0%A6%B2%E0%A6%BE%E0%A6%A8%E0%A6%BF-%E0%A6%B8%E0%A6%82%E0%A6%95%E0%A6%9F%E0%A7%87-%E0%A6%95%E0%A6%BF%E0%A6%89%E0%A6%AC%E0%A6%BE%E0%A6%9C%E0%A7%81%E0%A6%A1%E0%A6%BC%E0%A7%87-%E0%A6%AC%E0%A7%8D%E0%A6%B2%E0%A7%8D%E0%A6%AF%E0%A6%BE%E0%A6%95%E0%A6%86%E0%A6%89%E0%A6%9F,2026-03-17,জ্বালানি সংকটে কিউবাজুড়ে ব্ল্যাকআউট,2026,1,True,True,0,0,0,0,0,0,0,0,0,0,0,0,0,0,0,1
samakal:https://samakal.com/whole-country/article/343509/%E0%A6%9A%E0%A6%9F%E0%A7%8D%E0%A6%9F%E0%A6%97%E0%A7%8D%E0%A6%B0%E0%A6%BE%E0%A6%AE%E0%A7%87-%E0%A6%A1%E0%A6%BF%E0%A6%9C%E0%A7%87%E0%A6%B2%E0%A7%87-%E0%A7%A7%E0%A7%A8%E0%A7%A6-%E0%A6%AE%E0%A6%BF%E0%A6%B2%E0%A6%BF-%E0%A6%95%E0%A6%AE-%E0%A6%A6%E0%A7%81%E0%A6%87-%E0%A6%AA%E0%A7%87%E0%A6%9F%E0%A7%8D%E0%A6%B0%E0%A7%8B%E0%A6%B2-%E0%A6%AA%E0%A6%BE%E0%A6%AE%E0%A7%8D%E0%A6%AA%E0%A6%95%E0%A7%87-%E0%A6%9C%E0%A6%B0%E0%A6%BF%E0%A6%AE%E0%A6%BE%E0%A6%A8%E0%A6%BE,samakal,bn,https://samakal.com/whole-country/article/343509/%E0%A6%9A%E0%A6%9F%E0%A7%8D%E0%A6%9F%E0%A6%97%E0%A7%8D%E0%A6%B0%E0%A6%BE%E0%A6%AE%E0%A7%87-%E0%A6%A1%E0%A6%BF%E0%A6%9C%E0%A7%87%E0%A6%B2%E0%A7%87-%E0%A7%A7%E0%A7%A8%E0%A7%A6-%E0%A6%AE%E0%A6%BF%E0%A6%B2%E0%A6%BF-%E0%A6%95%E0%A6%AE-%E0%A6%A6%E0%A7%81%E0%A6%87-%E0%A6%AA%E0%A7%87%E0%A6%9F%E0%A7%8D%E0%A6%B0%E0%A7%8B%E0%A6%B2-%E0%A6%AA%E0%A6%BE%E0%A6%AE%E0%A7%8D%E0%A6%AA%E0%A6%95%E0%A7%87-%E0%A6%9C%E0%A6%B0%E0%A6%BF%E0%A6%AE%E0%A6%BE%E0%A6%A8%E0%A6%BE,2026-03-19,"চট্টগ্রামে ডিজেলে ১২০ মিলি কম, দুই পেট্রোল পাম্পকে জরিমানা",2026,3,True,True,0,0,0,0,0,0,0,0,0,0,0,0,0,0,0,0
samakal:https://samakal.com/international/article/343704/%E0%A6%AC%E0%A6%BF%E0%A6%B6%E0%A7%8D%E0%A6%AC%E0%A6%AC%E0%A6%BE%E0%A6%9C%E0%A6%BE%E0%A6%B0%E0%A7%87-%E0%A6%9C%E0%A7%8D%E0%A6%AC%E0%A6%BE%E0%A6%B2%E0%A6%BE%E0%A6%A8%E0%A6%BF-%E0%A6%A4%E0%A7%87%E0%A6%B2%E0%A7%87%E0%A6%B0-%E0%A6%A6%E0%A6%BE%E0%A6%AE-%E0%A6%95%E0%A6%AE%E0%A6%B2-%E0%A6%B8%E0%A6%BE%E0%A6%AE%E0%A6%BE%E0%A6%A8%E0%A7%8D%E0%A6%AF,samakal,bn,https://samakal.com/international/article/343704/%E0%A6%AC%E0%A6%BF%E0%A6%B6%E0%A7%8D%E0%A6%AC%E0%A6%AC%E0%A6%BE%E0%A6%9C%E0%A6%BE%E0%A6%B0%E0%A7%87-%E0%A6%9C%E0%A7%8D%E0%A6%AC%E0%A6%BE%E0%A6%B2%E0%A6%BE%E0%A6%A8%E0%A6%BF-%E0%A6%A4%E0%A7%87%E0%A6%B2%E0%A7%87%E0%A6%B0-%E0%A6%A6%E0%A6%BE%E0%A6%AE-%E0%A6%95%E0%A6%AE%E0%A6%B2-%E0%A6%B8%E0%A6%BE%E0%A6%AE%E0%A6%BE%E0%A6%A8%E0%A7%8D%E0%A6%AF,2026-03-20,বিশ্ববাজারে জ্বালানি তেলের দাম কমল সামান্য,2026,7,True,True,1,8,0,0,0,0,0,0,0,0,0,0,0,1,0,0
samakal:https://samakal.com/international/article/343698/%E0%A6%87%E0%A6%A4%E0%A6%BF%E0%A6%B9%E0%A6%BE%E0%A6%B8%E0%A7%87%E0%A6%B0-%E0%A6%AD%E0%A7%9F%E0%A6%BE%E0%A6%AC%E0%A6%B9%E0%A6%A4%E0%A6%AE-%E0%A6%9C%E0%A7%8D%E0%A6%AC%E0%A6%BE%E0%A6%B2%E0%A6%BE%E0%A6%A8%E0%A6%BF-%E0%A6%B8%E0%A6%82%E0%A6%95%E0%A6%9F%E0%A7%87%E0%A6%B0-%E0%A6%AE%E0%A7%81%E0%A6%96%E0%A7%87-%E0%A6%AC%E0%A6%BF%E0%A6%B6%E0%A7%8D%E0%A6%AC:-%E0%A6%86%E0%A6%87%E0%A6%87%E0%A6%8F,samakal,bn,https://samakal.com/international/article/343698/%E0%A6%87%E0%A6%A4%E0%A6%BF%E0%A6%B9%E0%A6%BE%E0%A6%B8%E0%A7%87%E0%A6%B0-%E0%A6%AD%E0%A7%9F%E0%A6%BE%E0%A6%AC%E0%A6%B9%E0%A6%A4%E0%A6%AE-%E0%A6%9C%E0%A7%8D%E0%A6%AC%E0%A6%BE%E0%A6%B2%E0%A6%BE%E0%A6%A8%E0%A6%BF-%E0%A6%B8%E0%A6%82%E0%A6%95%E0%A6%9F%E0%A7%87%E0%A6%B0-%E0%A6%AE%E0%A7%81%E0%A6%96%E0%A7%87-%E0%A6%AC%E0%A6%BF%E0%A6%B6%E0%A7%8D%E0%A6%AC:-%E0%A6%86%E0%A6%87%E0%A6%87%E0%A6%8F,2026-03-20,ইতিহাসের ভয়াবহতম জ্বালানি সংকটের মুখে বিশ্ব: আইইএ,2026,3,True,True,1,2,0,0,0,0,0,0,0,0,0,0,0,0,0,0
samakal:https://samakal.com/bangladesh/article/343898/%E0%A7%A8%E0%A7%AB-%E0%A6%B6%E0%A6%A4%E0%A6%BE%E0%A6%82%E0%A6%B6-%E0%A6%AC%E0%A7%87%E0%A6%B6%E0%A6%BF-%E0%A6%9C%E0%A7%8D%E0%A6%AC%E0%A6%BE%E0%A6%B2%E0%A6%BE%E0%A6%A8%E0%A6%BF-%E0%A6%A4%E0%A7%87%E0%A6%B2-%E0%A6%B8%E0%A6%B0%E0%A6%AC%E0%A6%B0%E0%A6%BE%E0%A6%B9-%E0%A6%95%E0%A6%B0%E0%A6%BE-%E0%A6%B9%E0%A6%9A%E0%A7%8D%E0%A6%9B%E0%A7%87-%E0%A6%86%E0%A6%A4%E0%A6%99%E0%A7%8D%E0%A6%95%E0%A6%BF%E0%A6%A4-%E0%A6%B9%E0%A6%AC%E0%A7%87%E0%A6%A8-%E0%A6%A8%E0%A6%BE:-%E0%A6%87%E0%A6%95%E0%A6%AC%E0%A6%BE%E0%A6%B2-%E0%A6%B9%E0%A6%BE%E0%A6%B8%E0%A6%BE%E0%A6%A8-%E0%A6%AE%E0%A6%BE%E0%A6%B9%E0%A6%AE%E0%A7%81%E0%A6%A6,samakal,bn,https://samakal.com/bangladesh/article/343898/%E0%A7%A8%E0%A7%AB-%E0%A6%B6%E0%A6%A4%E0%A6%BE%E0%A6%82%E0%A6%B6-%E0%A6%AC%E0%A7%87%E0%A6%B6%E0%A6%BF-%E0%A6%9C%E0%A7%8D%E0%A6%AC%E0%A6%BE%E0%A6%B2%E0%A6%BE%E0%A6%A8%E0%A6%BF-%E0%A6%A4%E0%A7%87%E0%A6%B2-%E0%A6%B8%E0%A6%B0%E0%A6%AC%E0%A6%B0%E0%A6%BE%E0%A6%B9-%E0%A6%95%E0%A6%B0%E0%A6%BE-%E0%A6%B9%E0%A6%9A%E0%A7%8D%E0%A6%9B%E0%A7%87-%E0%A6%86%E0%A6%A4%E0%A6%99%E0%A7%8D%E0%A6%95%E0%A6%BF%E0%A6%A4-%E0%A6%B9%E0%A6%AC%E0%A7%87%E0%A6%A8-%E0%A6%A8%E0%A6%BE:-%E0%A6%87%E0%A6%95%E0%A6%AC%E0%A6%BE%E0%A6%B2-%E0%A6%B9%E0%A6%BE%E0%A6%B8%E0%A6%BE%E0%A6%A8-%E0%A6%AE%E0%A6%BE%E0%A6%B9%E0%A6%AE%E0%A7%81%E0%A6%A6,2026-03-23,"২৫ শতাংশ বেশি জ্বালানি তেল সরবরাহ করা হচ্ছে, আতঙ্কিত হবেন না: ইকবাল হাসান মাহমুদ",2026,6,True,True,1,3,0,1,0,0,0,0,0,0,0,1,0,1,0,0
samakal:https://samakal.com/whole-country/article/343895/%E0%A6%96%E0%A6%BE%E0%A6%97%E0%A7%9C%E0%A6%BE%E0%A6%9B%E0%A7%9C%E0%A6%BF%E0%A6%A4%E0%A7%87-%E0%A6%9C%E0%A7%8D%E0%A6%AC%E0%A6%BE%E0%A6%B2%E0%A6%BE%E0%A6%A8%E0%A6%BF-%E0%A6%B8%E0%A6%82%E0%A6%95%E0%A6%9F-%E0%A6%B8%E0%A6%BE%E0%A6%9C%E0%A7%87%E0%A6%95-%E0%A6%A8%E0%A6%BE-%E0%A6%98%E0%A7%81%E0%A6%B0%E0%A7%87%E0%A6%87-%E0%A6%AB%E0%A6%BF%E0%A6%B0%E0%A6%9B%E0%A7%87%E0%A6%A8-%E0%A6%AC%E0%A6%B9%E0%A7%81-%E0%A6%AC%E0%A6%BE%E0%A6%87%E0%A6%95%E0%A6%BE%E0%A6%B0-%E0%A6%AA%E0%A6%B0%E0%A7%8D%E0%A6%AF%E0%A6%9F%E0%A6%95,samakal,bn,https://samakal.com/whole-country/article/343895/%E0%A6%96%E0%A6%BE%E0%A6%97%E0%A7%9C%E0%A6%BE%E0%A6%9B%E0%A7%9C%E0%A6%BF%E0%A6%A4%E0%A7%87-%E0%A6%9C%E0%A7%8D%E0%A6%AC%E0%A6%BE%E0%A6%B2%E0%A6%BE%E0%A6%A8%E0%A6%BF-%E0%A6%B8%E0%A6%82%E0%A6%95%E0%A6%9F-%E0%A6%B8%E0%A6%BE%E0%A6%9C%E0%A7%87%E0%A6%95-%E0%A6%A8%E0%A6%BE-%E0%A6%98%E0%A7%81%E0%A6%B0%E0%A7%87%E0%A6%87-%E0%A6%AB%E0%A6%BF%E0%A6%B0%E0%A6%9B%E0%A7%87%E0%A6%A8-%E0%A6%AC%E0%A6%B9%E0%A7%81-%E0%A6%AC%E0%A6%BE%E0%A6%87%E0%A6%95%E0%A6%BE%E0%A6%B0-%E0%A6%AA%E0%A6%B0%E0%A7%8D%E0%A6%AF%E0%A6%9F%E0%A6%95,2026-03-23,"খাগড়াছড়িতে জ্বালানি সংকট, সাজেক না ঘুরেই ফিরছেন বহু বাইকার-পর্যটক",2026,7,True,True,0,0,0,0,0,0,0,0,0,0,0,0,0,1,0,0
samakal:https://samakal.com/international/article/343878/%E0%A6%AF%E0%A7%81%E0%A6%A6%E0%A7%8D%E0%A6%A7%E0%A7%87%E0%A6%B0-%E0%A6%AA%E0%A7%8D%E0%A6%B0%E0%A6%AD%E0%A6%BE%E0%A6%AC%E0%A7%87-%E0%A6%8F%E0%A6%B6%E0%A6%BF%E0%A6%AF%E0%A6%BC%E0%A6%BE%E0%A6%AF%E0%A6%BC-%E0%A6%A4%E0%A7%87%E0%A6%B2%E0%A7%87%E0%A6%B0-%E0%A6%A6%E0%A6%BE%E0%A6%AE-%E0%A6%AC%E0%A7%83%E0%A6%A6%E0%A7%8D%E0%A6%A7%E0%A6%BF-%E0%A6%93-%E0%A6%B6%E0%A7%87%E0%A6%AF%E0%A6%BC%E0%A6%BE%E0%A6%B0%E0%A6%AC%E0%A6%BE%E0%A6%9C%E0%A6%BE%E0%A6%B0%E0%A7%87-%E0%A6%AC%E0%A7%8D%E0%A6%AF%E0%A6%BE%E0%A6%AA%E0%A6%95-%E0%A6%A6%E0%A6%B0%E0%A6%AA%E0%A6%A4%E0%A6%A8,samakal,bn,https://samakal.com/international/article/343878/%E0%A6%AF%E0%A7%81%E0%A6%A6%E0%A7%8D%E0%A6%A7%E0%A7%87%E0%A6%B0-%E0%A6%AA%E0%A7%8D%E0%A6%B0%E0%A6%AD%E0%A6%BE%E0%A6%AC%E0%A7%87-%E0%A6%8F%E0%A6%B6%E0%A6%BF%E0%A6%AF%E0%A6%BC%E0%A6%BE%E0%A6%AF%E0%A6%BC-%E0%A6%A4%E0%A7%87%E0%A6%B2%E0%A7%87%E0%A6%B0-%E0%A6%A6%E0%A6%BE%E0%A6%AE-%E0%A6%AC%E0%A7%83%E0%A6%A6%E0%A7%8D%E0%A6%A7%E0%A6%BF-%E0%A6%93-%E0%A6%B6%E0%A7%87%E0%A6%AF%E0%A6%BC%E0%A6%BE%E0%A6%B0%E0%A6%AC%E0%A6%BE%E0%A6%9C%E0%A6%BE%E0%A6%B0%E0%A7%87-%E0%A6%AC%E0%A7%8D%E0%A6%AF%E0%A6%BE%E0%A6%AA%E0%A6%95-%E0%A6%A6%E0%A6%B0%E0%A6%AA%E0%A6%A4%E0%A6%A8,2026-03-23,যুদ্ধের প্রভাবে এশিয়ায় তেলের দাম বৃদ্ধি ও শেয়ারবাজারে ব্যাপক দরপতন,2026,3,True,True,1,10,0,0,0,0,0,0,0,0,0,0,0,0,0,0
samakal:https://samakal.com/international/article/343842/%E0%A6%B9%E0%A6%B0%E0%A6%AE%E0%A7%81%E0%A6%9C-%E0%A6%AA%E0%A7%8D%E0%A6%B0%E0%A6%A3%E0%A6%BE%E0%A6%B2%E0%A6%BF-%E0%A6%A8%E0%A6%BF%E0%A7%9F%E0%A7%87-%E0%A6%9F%E0%A7%8D%E0%A6%B0%E0%A6%BE%E0%A6%AE%E0%A7%8D%E0%A6%AA%E0%A7%87%E0%A6%B0-%E0%A6%86%E0%A6%B2%E0%A6%9F%E0%A6%BF%E0%A6%AE%E0%A7%87%E0%A6%9F%E0%A6%BE%E0%A6%AE%E0%A7%87%E0%A6%B0-%E0%A6%AA%E0%A6%B0-%E0%A6%AC%E0%A6%BE%E0%A7%9C%E0%A6%B2-%E0%A6%9C%E0%A7%8D%E0%A6%AC%E0%A6%BE%E0%A6%B2%E0%A6%BE%E0%A6%A8%E0%A6%BF-%E0%A6%A4%E0%A7%87%E0%A6%B2%E0%A7%87%E0%A6%B0-%E0%A6%A6%E0%A6%BE%E0%A6%AE,samakal,bn,https://samakal.com/international/article/343842/%E0%A6%B9%E0%A6%B0%E0%A6%AE%E0%A7%81%E0%A6%9C-%E0%A6%AA%E0%A7%8D%E0%A6%B0%E0%A6%A3%E0%A6%BE%E0%A6%B2%E0%A6%BF-%E0%A6%A8%E0%A6%BF%E0%A7%9F%E0%A7%87-%E0%A6%9F%E0%A7%8D%E0%A6%B0%E0%A6%BE%E0%A6%AE%E0%A7%8D%E0%A6%AA%E0%A7%87%E0%A6%B0-%E0%A6%86%E0%A6%B2%E0%A6%9F%E0%A6%BF%E0%A6%AE%E0%A7%87%E0%A6%9F%E0%A6%BE%E0%A6%AE%E0%A7%87%E0%A6%B0-%E0%A6%AA%E0%A6%B0-%E0%A6%AC%E0%A6%BE%E0%A7%9C%E0%A6%B2-%E0%A6%9C%E0%A7%8D%E0%A6%AC%E0%A6%BE%E0%A6%B2%E0%A6%BE%E0%A6%A8%E0%A6%BF-%E0%A6%A4%E0%A7%87%E0%A6%B2%E0%A7%87%E0%A6%B0-%E0%A6%A6%E0%A6%BE%E0%A6%AE,2026-03-23,হরমুজ প্রণালি নিয়ে ট্রাম্পের আলটিমেটামের পর বাড়ল জ্বালানি তেলের দাম,2026,4,True,True,1,10,0,0,0,0,0,0,0,0,0,0,0,0,0,0
samakal:https://samakal.com/bangladesh/article/343841/%E0%A6%AC%E0%A7%8D%E0%A6%AF%E0%A6%BE%E0%A6%82%E0%A6%95-%E0%A6%A4%E0%A7%87%E0%A6%B2%E0%A7%87%E0%A6%B0-%E0%A6%A1%E0%A6%BF%E0%A6%AA%E0%A7%8B-%E0%A6%AC%E0%A6%A8%E0%A7%8D%E0%A6%A7-%E0%A6%88%E0%A6%A6%E0%A7%87%E0%A6%B0-%E0%A6%9B%E0%A7%81%E0%A6%9F%E0%A6%BF%E0%A6%A4%E0%A7%87-%E0%A6%A6%E0%A7%87%E0%A6%B6%E0%A6%9C%E0%A7%81%E0%A6%A1%E0%A6%BC%E0%A7%87-%E0%A6%9C%E0%A7%8D%E0%A6%AC%E0%A6%BE%E0%A6%B2%E0%A6%BE%E0%A6%A8%E0%A6%BF-%E0%A6%A4%E0%A7%87%E0%A6%B2%E0%A7%87%E0%A6%B0-%E0%A6%A4%E0%A7%80%E0%A6%AC%E0%A7%8D%E0%A6%B0-%E0%A6%B8%E0%A6%82%E0%A6%95%E0%A6%9F,samakal,bn,https://samakal.com/bangladesh/article/343841/%E0%A6%AC%E0%A7%8D%E0%A6%AF%E0%A6%BE%E0%A6%82%E0%A6%95-%E0%A6%A4%E0%A7%87%E0%A6%B2%E0%A7%87%E0%A6%B0-%E0%A6%A1%E0%A6%BF%E0%A6%AA%E0%A7%8B-%E0%A6%AC%E0%A6%A8%E0%A7%8D%E0%A6%A7-%E0%A6%88%E0%A6%A6%E0%A7%87%E0%A6%B0-%E0%A6%9B%E0%A7%81%E0%A6%9F%E0%A6%BF%E0%A6%A4%E0%A7%87-%E0%A6%A6%E0%A7%87%E0%A6%B6%E0%A6%9C%E0%A7%81%E0%A6%A1%E0%A6%BC%E0%A7%87-%E0%A6%9C%E0%A7%8D%E0%A6%AC%E0%A6%BE%E0%A6%B2%E0%A6%BE%E0%A6%A8%E0%A6%BF-%E0%A6%A4%E0%A7%87%E0%A6%B2%E0%A7%87%E0%A6%B0-%E0%A6%A4%E0%A7%80%E0%A6%AC%E0%A7%8D%E0%A6%B0-%E0%A6%B8%E0%A6%82%E0%A6%95%E0%A6%9F,2026-03-23,"ব্যাংক-তেলের ডিপো বন্ধ, ঈদের ছুটিতে দেশজুড়ে জ্বালানি তেলের তীব্র সংকট",2026,6,True,True,0,1,0,0,0,0,0,0,0,0,0,0,0,0,0,1
samakal:https://samakal.com/international/article/343978/%E0%A6%9C%E0%A7%8D%E0%A6%AC%E0%A6%BE%E0%A6%B2%E0%A6%BE%E0%A6%A8%E0%A6%BF-%E0%A6%B8%E0%A6%82%E0%A6%95%E0%A6%9F%E0%A7%87-%E0%A6%AB%E0%A6%BF%E0%A6%B2%E0%A6%BF%E0%A6%AA%E0%A6%BE%E0%A6%87%E0%A6%A8%E0%A7%87-%E2%80%98%E0%A6%9C%E0%A6%B0%E0%A7%81%E0%A6%B0%E0%A6%BF-%E0%A6%85%E0%A6%AC%E0%A6%B8%E0%A7%8D%E0%A6%A5%E0%A6%BE%E2%80%99-%E0%A6%98%E0%A7%8B%E0%A6%B7%E0%A6%A3%E0%A6%BE,samakal,bn,https://samakal.com/international/article/343978/%E0%A6%9C%E0%A7%8D%E0%A6%AC%E0%A6%BE%E0%A6%B2%E0%A6%BE%E0%A6%A8%E0%A6%BF-%E0%A6%B8%E0%A6%82%E0%A6%95%E0%A6%9F%E0%A7%87-%E0%A6%AB%E0%A6%BF%E0%A6%B2%E0%A6%BF%E0%A6%AA%E0%A6%BE%E0%A6%87%E0%A6%A8%E0%A7%87-%E2%80%98%E0%A6%9C%E0%A6%B0%E0%A7%81%E0%A6%B0%E0%A6%BF-%E0%A6%85%E0%A6%AC%E0%A6%B8%E0%A7%8D%E0%A6%A5%E0%A6%BE%E2%80%99-%E0%A6%98%E0%A7%8B%E0%A6%B7%E0%A6%A3%E0%A6%BE,2026-03-24,জ্বালানি সংকটে ফিলিপাইনে ‘জরুরি অবস্থা’ ঘোষণা,2026,3,True,True,1,4,0,0,0,1,0,0,0,0,0,0,0,1,0,0
samakal:https://samakal.com/international/article/343925/%E0%A6%9C%E0%A7%8D%E0%A6%AC%E0%A6%BE%E0%A6%B2%E0%A6%BE%E0%A6%A8%E0%A6%BF-%E0%A6%B8%E0%A6%82%E0%A6%95%E0%A6%9F%E0%A7%87-%E0%A6%AD%E0%A6%BF%E0%A7%9F%E0%A7%87%E0%A6%A4%E0%A6%A8%E0%A6%BE%E0%A6%AE%E0%A7%87-%E0%A6%85%E0%A6%AD%E0%A7%8D%E0%A6%AF%E0%A6%A8%E0%A7%8D%E0%A6%A4%E0%A6%B0%E0%A7%80%E0%A6%A3-%E0%A6%AB%E0%A7%8D%E0%A6%B2%E0%A6%BE%E0%A6%87%E0%A6%9F-%E0%A6%AC%E0%A6%BE%E0%A6%A4%E0%A6%BF%E0%A6%B2%E0%A7%87%E0%A6%B0-%E0%A6%98%E0%A7%8B%E0%A6%B7%E0%A6%A3%E0%A6%BE,samakal,bn,https://samakal.com/international/article/343925/%E0%A6%9C%E0%A7%8D%E0%A6%AC%E0%A6%BE%E0%A6%B2%E0%A6%BE%E0%A6%A8%E0%A6%BF-%E0%A6%B8%E0%A6%82%E0%A6%95%E0%A6%9F%E0%A7%87-%E0%A6%AD%E0%A6%BF%E0%A7%9F%E0%A7%87%E0%A6%A4%E0%A6%A8%E0%A6%BE%E0%A6%AE%E0%A7%87-%E0%A6%85%E0%A6%AD%E0%A7%8D%E0%A6%AF%E0%A6%A8%E0%A7%8D%E0%A6%A4%E0%A6%B0%E0%A7%80%E0%A6%A3-%E0%A6%AB%E0%A7%8D%E0%A6%B2%E0%A6%BE%E0%A6%87%E0%A6%9F-%E0%A6%AC%E0%A6%BE%E0%A6%A4%E0%A6%BF%E0%A6%B2%E0%A7%87%E0%A6%B0-%E0%A6%98%E0%A7%8B%E0%A6%B7%E0%A6%A3%E0%A6%BE,2026-03-24,জ্বালানি সংকটে ভিয়েতনামে অভ্যন্তরীণ ফ্লাইট বাতিলের ঘোষণা,2026,4,True,True,1,4,0,0,0,0,0,0,0,0,0,0,0,0,0,0
samakal:https://samakal.com/international/article/343922/%E0%A6%AF%E0%A7%81%E0%A6%A6%E0%A7%8D%E0%A6%A7-%E0%A6%AC%E0%A6%A8%E0%A7%8D%E0%A6%A7-%E0%A6%A8%E0%A6%BF%E0%A7%9F%E0%A7%87-%E0%A6%9F%E0%A7%8D%E0%A6%B0%E0%A6%BE%E0%A6%AE%E0%A7%8D%E0%A6%AA%E0%A7%87%E0%A6%B0-%E0%A6%AC%E0%A6%95%E0%A7%8D%E0%A6%A4%E0%A6%AC%E0%A7%8D%E0%A6%AF%E0%A7%87%E0%A6%B0-%E0%A6%AA%E0%A6%B0-%E0%A6%AC%E0%A6%BF%E0%A6%B6%E0%A7%8D%E0%A6%AC%E0%A6%AC%E0%A6%BE%E0%A6%9C%E0%A6%BE%E0%A6%B0%E0%A7%87-%E0%A6%95%E0%A6%AE%E0%A6%9B%E0%A7%87-%E0%A6%A4%E0%A7%87%E0%A6%B2%E0%A7%87%E0%A6%B0-%E0%A6%A6%E0%A6%BE%E0%A6%AE,samakal,bn,https://samakal.com/international/article/343922/%E0%A6%AF%E0%A7%81%E0%A6%A6%E0%A7%8D%E0%A6%A7-%E0%A6%AC%E0%A6%A8%E0%A7%8D%E0%A6%A7-%E0%A6%A8%E0%A6%BF%E0%A7%9F%E0%A7%87-%E0%A6%9F%E0%A7%8D%E0%A6%B0%E0%A6%BE%E0%A6%AE%E0%A7%8D%E0%A6%AA%E0%A7%87%E0%A6%B0-%E0%A6%AC%E0%A6%95%E0%A7%8D%E0%A6%A4%E0%A6%AC%E0%A7%8D%E0%A6%AF%E0%A7%87%E0%A6%B0-%E0%A6%AA%E0%A6%B0-%E0%A6%AC%E0%A6%BF%E0%A6%B6%E0%A7%8D%E0%A6%AC%E0%A6%AC%E0%A6%BE%E0%A6%9C%E0%A6%BE%E0%A6%B0%E0%A7%87-%E0%A6%95%E0%A6%AE%E0%A6%9B%E0%A7%87-%E0%A6%A4%E0%A7%87%E0%A6%B2%E0%A7%87%E0%A6%B0-%E0%A6%A6%E0%A6%BE%E0%A6%AE,2026-03-24,যুদ্ধ বন্ধ নিয়ে ট্রাম্পের বক্তব্যের পর বিশ্ববাজারে কমছে তেলের দাম,2026,3,True,True,1,12,0,0,0,0,0,0,0,0,0,0,0,0,0,0
samakal:https://samakal.com/bangladesh/article/344126/%E0%A6%9C%E0%A7%8D%E0%A6%AC%E0%A6%BE%E0%A6%B2%E0%A6%BE%E0%A6%A8%E0%A6%BF%E0%A6%B0-%E0%A6%A6%E0%A6%BE%E0%A6%AE-%E0%A6%AC%E0%A6%BE%E0%A7%9C%E0%A6%BE%E0%A6%A8%E0%A7%8B%E0%A6%B0-%E0%A6%95%E0%A7%8B%E0%A6%A8%E0%A7%8B-%E0%A6%AA%E0%A6%B0%E0%A6%BF%E0%A6%95%E0%A6%B2%E0%A7%8D%E0%A6%AA%E0%A6%A8%E0%A6%BE-%E0%A6%A8%E0%A7%87%E0%A6%87,samakal,bn,https://samakal.com/bangladesh/article/344126/%E0%A6%9C%E0%A7%8D%E0%A6%AC%E0%A6%BE%E0%A6%B2%E0%A6%BE%E0%A6%A8%E0%A6%BF%E0%A6%B0-%E0%A6%A6%E0%A6%BE%E0%A6%AE-%E0%A6%AC%E0%A6%BE%E0%A7%9C%E0%A6%BE%E0%A6%A8%E0%A7%8B%E0%A6%B0-%E0%A6%95%E0%A7%8B%E0%A6%A8%E0%A7%8B-%E0%A6%AA%E0%A6%B0%E0%A6%BF%E0%A6%95%E0%A6%B2%E0%A7%8D%E0%A6%AA%E0%A6%A8%E0%A6%BE-%E0%A6%A8%E0%A7%87%E0%A6%87,2026-03-25,জ্বালানির দাম বাড়ানোর কোনো পরিকল্পনা নেই,2026,2,True,True,0,1,0,0,0,0,0,0,0,0,0,0,0,0,0,0
samakal:https://samakal.com/international/article/344255/%E0%A6%87%E0%A6%B0%E0%A6%BE%E0%A6%A8-%E0%A6%AF%E0%A7%81%E0%A6%A6%E0%A7%8D%E0%A6%A7%E0%A7%87%E0%A6%B0-%E0%A6%95%E0%A6%BE%E0%A6%B0%E0%A6%A3%E0%A7%87-%E0%A6%9C%E0%A7%8D%E0%A6%AC%E0%A6%BE%E0%A6%B2%E0%A6%BE%E0%A6%A8%E0%A6%BF-%E0%A6%B8%E0%A6%82%E0%A6%95%E0%A6%9F-%E0%A6%AC%E0%A6%BF%E0%A6%AA%E0%A6%B0%E0%A7%8D%E0%A6%AF%E0%A6%B8%E0%A7%8D%E0%A6%A4-%E0%A6%8F%E0%A6%B6%E0%A6%BF%E0%A6%AF%E0%A6%BC%E0%A6%BE%E0%A6%B0-%E0%A6%A6%E0%A7%88%E0%A6%A8%E0%A6%A8%E0%A7%8D%E0%A6%A6%E0%A6%BF%E0%A6%A8-%E0%A6%9C%E0%A7%80%E0%A6%AC%E0%A6%A8,samakal,bn,https://samakal.com/international/article/344255/%E0%A6%87%E0%A6%B0%E0%A6%BE%E0%A6%A8-%E0%A6%AF%E0%A7%81%E0%A6%A6%E0%A7%8D%E0%A6%A7%E0%A7%87%E0%A6%B0-%E0%A6%95%E0%A6%BE%E0%A6%B0%E0%A6%A3%E0%A7%87-%E0%A6%9C%E0%A7%8D%E0%A6%AC%E0%A6%BE%E0%A6%B2%E0%A6%BE%E0%A6%A8%E0%A6%BF-%E0%A6%B8%E0%A6%82%E0%A6%95%E0%A6%9F-%E0%A6%AC%E0%A6%BF%E0%A6%AA%E0%A6%B0%E0%A7%8D%E0%A6%AF%E0%A6%B8%E0%A7%8D%E0%A6%A4-%E0%A6%8F%E0%A6%B6%E0%A6%BF%E0%A6%AF%E0%A6%BC%E0%A6%BE%E0%A6%B0-%E0%A6%A6%E0%A7%88%E0%A6%A8%E0%A6%A8%E0%A7%8D%E0%A6%A6%E0%A6%BF%E0%A6%A8-%E0%A6%9C%E0%A7%80%E0%A6%AC%E0%A6%A8,2026-03-26,"ইরান যুদ্ধের কারণে জ্বালানি সংকট, বিপর্যস্ত এশিয়ার দৈনন্দিন জীবন",2026,6,True,True,1,17,0,0,0,1,0,1,0,0,0,1,1,4,0,0
samakal:https://samakal.com/bangladesh/article/344209/%E0%A6%A4%E0%A6%BF%E0%A6%A8-%E0%A6%95%E0%A6%BE%E0%A6%B0%E0%A6%A3%E0%A7%87-%E0%A6%AA%E0%A7%87%E0%A6%9F%E0%A7%8D%E0%A6%B0%E0%A7%8B%E0%A6%B2-%E0%A6%85%E0%A6%95%E0%A6%9F%E0%A7%87%E0%A6%A8-%E0%A6%B8%E0%A6%82%E0%A6%95%E0%A6%9F,samakal,bn,https://samakal.com/bangladesh/article/344209/%E0%A6%A4%E0%A6%BF%E0%A6%A8-%E0%A6%95%E0%A6%BE%E0%A6%B0%E0%A6%A3%E0%A7%87-%E0%A6%AA%E0%A7%87%E0%A6%9F%E0%A7%8D%E0%A6%B0%E0%A7%8B%E0%A6%B2-%E0%A6%85%E0%A6%95%E0%A6%9F%E0%A7%87%E0%A6%A8-%E0%A6%B8%E0%A6%82%E0%A6%95%E0%A6%9F,2026-03-26,"তিন কারণে পেট্রোল, অকটেন সংকট",2026,21,True,True,0,1,0,0,1,2,0,0,0,0,0,0,0,0,0,0
samakal:https://samakal.com/bangladesh/article/344208/%E0%A6%A1%E0%A6%BF%E0%A6%9C%E0%A7%87%E0%A6%B2%E0%A7%87%E0%A6%B0-%E0%A6%9A%E0%A6%BE%E0%A6%B9%E0%A6%BF%E0%A6%A6%E0%A6%BE-%E0%A6%AC%E0%A7%87%E0%A6%B6%E0%A6%BF-%E0%A6%98%E0%A6%BE%E0%A6%9F%E0%A6%A4%E0%A6%BF-%E0%A6%95%E0%A6%AE,samakal,bn,https://samakal.com/bangladesh/article/344208/%E0%A6%A1%E0%A6%BF%E0%A6%9C%E0%A7%87%E0%A6%B2%E0%A7%87%E0%A6%B0-%E0%A6%9A%E0%A6%BE%E0%A6%B9%E0%A6%BF%E0%A6%A6%E0%A6%BE-%E0%A6%AC%E0%A7%87%E0%A6%B6%E0%A6%BF-%E0%A6%98%E0%A6%BE%E0%A6%9F%E0%A6%A4%E0%A6%BF-%E0%A6%95%E0%A6%AE,2026-03-26,"ডিজেলের চাহিদা বেশি, ঘাটতি কম",2026,31,True,True,0,0,0,0,0,0,0,0,0,0,0,0,1,2,0,0
samakal:https://samakal.com/bangladesh/article/344186/%E0%A6%9C%E0%A7%8D%E0%A6%AC%E0%A6%BE%E0%A6%B2%E0%A6%BE%E0%A6%A8%E0%A6%BF%E0%A6%B0-%E0%A6%A6%E0%A6%BE%E0%A6%AE-%E0%A6%AC%E0%A6%BE%E0%A7%9C%E0%A6%BE%E0%A6%A8%E0%A7%8B%E0%A6%B0-%E0%A6%95%E0%A7%8B%E0%A6%A8%E0%A7%8B-%E0%A6%AA%E0%A6%B0%E0%A6%BF%E0%A6%95%E0%A6%B2%E0%A7%8D%E0%A6%AA%E0%A6%A8%E0%A6%BE-%E0%A6%A8%E0%A7%87%E0%A6%87,samakal,bn,https://samakal.com/bangladesh/article/344186/%E0%A6%9C%E0%A7%8D%E0%A6%AC%E0%A6%BE%E0%A6%B2%E0%A6%BE%E0%A6%A8%E0%A6%BF%E0%A6%B0-%E0%A6%A6%E0%A6%BE%E0%A6%AE-%E0%A6%AC%E0%A6%BE%E0%A7%9C%E0%A6%BE%E0%A6%A8%E0%A7%8B%E0%A6%B0-%E0%A6%95%E0%A7%8B%E0%A6%A8%E0%A7%8B-%E0%A6%AA%E0%A6%B0%E0%A6%BF%E0%A6%95%E0%A6%B2%E0%A7%8D%E0%A6%AA%E0%A6%A8%E0%A6%BE-%E0%A6%A8%E0%A7%87%E0%A6%87,2026-03-26,জ্বালানির দাম বাড়ানোর কোনো পরিকল্পনা নেই,2026,2,True,True,0,1,0,0,0,0,0,0,0,0,0,0,0,0,0,0
samakal:https://samakal.com/bangladesh/article/344146/%E0%A6%A4%E0%A6%BF%E0%A6%A8-%E0%A6%95%E0%A6%BE%E0%A6%B0%E0%A6%A3%E0%A7%87-%E0%A6%AA%E0%A7%87%E0%A6%9F%E0%A7%8D%E0%A6%B0%E0%A7%8B%E0%A6%B2-%E0%A6%85%E0%A6%95%E0%A6%9F%E0%A7%87%E0%A6%A8-%E0%A6%B8%E0%A6%82%E0%A6%95%E0%A6%9F,samakal,bn,https://samakal.com/bangladesh/article/344146/%E0%A6%A4%E0%A6%BF%E0%A6%A8-%E0%A6%95%E0%A6%BE%E0%A6%B0%E0%A6%A3%E0%A7%87-%E0%A6%AA%E0%A7%87%E0%A6%9F%E0%A7%8D%E0%A6%B0%E0%A7%8B%E0%A6%B2-%E0%A6%85%E0%A6%95%E0%A6%9F%E0%A7%87%E0%A6%A8-%E0%A6%B8%E0%A6%82%E0%A6%95%E0%A6%9F,2026-03-26,"তিন কারণে পেট্রোল, অকটেন সংকট",2026,19,True,True,0,0,0,0,1,2,0,0,0,0,0,0,0,1,0,0
samakal:https://samakal.com/whole-country/article/344400/%E0%A6%AA%E0%A6%BE%E0%A6%A8%E0%A6%BF%E0%A6%B0-%E0%A6%9F%E0%A7%8D%E0%A6%AF%E0%A6%BE%E0%A6%82%E0%A6%95%E0%A7%87-%E0%A7%AC-%E0%A6%B9%E0%A6%BE%E0%A6%9C%E0%A6%BE%E0%A6%B0-%E0%A6%B2%E0%A6%BF%E0%A6%9F%E0%A6%BE%E0%A6%B0-%E0%A6%A1%E0%A6%BF%E0%A6%9C%E0%A7%87%E0%A6%B2-%E0%A6%AE%E0%A6%9C%E0%A7%81%E0%A6%A4%C2%A0,samakal,bn,https://samakal.com/whole-country/article/344400/%E0%A6%AA%E0%A6%BE%E0%A6%A8%E0%A6%BF%E0%A6%B0-%E0%A6%9F%E0%A7%8D%E0%A6%AF%E0%A6%BE%E0%A6%82%E0%A6%95%E0%A7%87-%E0%A7%AC-%E0%A6%B9%E0%A6%BE%E0%A6%9C%E0%A6%BE%E0%A6%B0-%E0%A6%B2%E0%A6%BF%E0%A6%9F%E0%A6%BE%E0%A6%B0-%E0%A6%A1%E0%A6%BF%E0%A6%9C%E0%A7%87%E0%A6%B2-%E0%A6%AE%E0%A6%9C%E0%A7%81%E0%A6%A4%C2%A0,2026-03-27,পানির ট্যাংকে ৬ হাজার লিটার ডিজেল মজুত,2026,11,True,True,0,0,0,0,0,0,0,0,0,0,0,0,0,0,0,0
samakal:https://samakal.com/whole-country/article/344388/%E0%A6%9C%E0%A7%8D%E0%A6%AC%E0%A6%BE%E0%A6%B2%E0%A6%BE%E0%A6%A8%E0%A6%BF-%E0%A6%A4%E0%A7%87%E0%A6%B2%E0%A7%87-%E0%A6%AA%E0%A7%8D%E0%A6%B0%E0%A6%A4%E0%A6%BF%E0%A6%A6%E0%A6%BF%E0%A6%A8-%E0%A7%A7%E0%A7%AC%E0%A7%AD-%E0%A6%95%E0%A7%8B%E0%A6%9F%E0%A6%BF-%E0%A6%9F%E0%A6%BE%E0%A6%95%E0%A6%BE-%E0%A6%AD%E0%A6%B0%E0%A7%8D%E0%A6%A4%E0%A7%81%E0%A6%95%E0%A6%BF-%E0%A6%A6%E0%A6%BF%E0%A6%9A%E0%A7%8D%E0%A6%9B%E0%A7%87-%E0%A6%B8%E0%A6%B0%E0%A6%95%E0%A6%BE%E0%A6%B0:-%E0%A6%AA%E0%A7%8D%E0%A6%B0%E0%A6%A4%E0%A6%BF%E0%A6%AE%E0%A6%A8%E0%A7%8D%E0%A6%A4%E0%A7%8D%E0%A6%B0%E0%A7%80-%C2%A0,samakal,bn,https://samakal.com/whole-country/article/344388/%E0%A6%9C%E0%A7%8D%E0%A6%AC%E0%A6%BE%E0%A6%B2%E0%A6%BE%E0%A6%A8%E0%A6%BF-%E0%A6%A4%E0%A7%87%E0%A6%B2%E0%A7%87-%E0%A6%AA%E0%A7%8D%E0%A6%B0%E0%A6%A4%E0%A6%BF%E0%A6%A6%E0%A6%BF%E0%A6%A8-%E0%A7%A7%E0%A7%AC%E0%A7%AD-%E0%A6%95%E0%A7%8B%E0%A6%9F%E0%A6%BF-%E0%A6%9F%E0%A6%BE%E0%A6%95%E0%A6%BE-%E0%A6%AD%E0%A6%B0%E0%A7%8D%E0%A6%A4%E0%A7%81%E0%A6%95%E0%A6%BF-%E0%A6%A6%E0%A6%BF%E0%A6%9A%E0%A7%8D%E0%A6%9B%E0%A7%87-%E0%A6%B8%E0%A6%B0%E0%A6%95%E0%A6%BE%E0%A6%B0:-%E0%A6%AA%E0%A7%8D%E0%A6%B0%E0%A6%A4%E0%A6%BF%E0%A6%AE%E0%A6%A8%E0%A7%8D%E0%A6%A4%E0%A7%8D%E0%A6%B0%E0%A7%80-%C2%A0,2026-03-27,জ্বালানি তেলে প্রতিদিন ১৬৭ কোটি টাকা ভর্তুকি দিচ্ছে সরকার: প্রতিমন্ত্রী,2026,10,True,True,0,0,0,0,0,0,0,0,0,0,0,0,1,2,0,0
samakal:https://samakal.com/whole-country/article/344348/%E0%A6%9C%E0%A7%8D%E0%A6%AC%E0%A6%BE%E0%A6%B2%E0%A6%BE%E0%A6%A8%E0%A6%BF-%E0%A6%A4%E0%A7%87%E0%A6%B2-%E0%A6%93-%E0%A6%97%E0%A7%8D%E0%A6%AF%E0%A6%BE%E0%A6%B8-%E0%A6%86%E0%A6%A8%E0%A6%A4%E0%A7%87-%E0%A6%AC%E0%A6%BF%E0%A6%95%E0%A6%B2%E0%A7%8D%E0%A6%AA-%E0%A6%86%E0%A6%9F-%E0%A6%A6%E0%A7%87%E0%A6%B6%E0%A7%87-%E0%A6%A8%E0%A6%9C%E0%A6%B0,samakal,bn,https://samakal.com/whole-country/article/344348/%E0%A6%9C%E0%A7%8D%E0%A6%AC%E0%A6%BE%E0%A6%B2%E0%A6%BE%E0%A6%A8%E0%A6%BF-%E0%A6%A4%E0%A7%87%E0%A6%B2-%E0%A6%93-%E0%A6%97%E0%A7%8D%E0%A6%AF%E0%A6%BE%E0%A6%B8-%E0%A6%86%E0%A6%A8%E0%A6%A4%E0%A7%87-%E0%A6%AC%E0%A6%BF%E0%A6%95%E0%A6%B2%E0%A7%8D%E0%A6%AA-%E0%A6%86%E0%A6%9F-%E0%A6%A6%E0%A7%87%E0%A6%B6%E0%A7%87-%E0%A6%A8%E0%A6%9C%E0%A6%B0,2026-03-27,জ্বালানি তেল ও গ্যাস আনতে  বিকল্প আট দেশে নজর,2026,8,True,True,1,13,0,0,0,0,0,0,0,0,0,0,0,1,0,0
samakal:https://samakal.com/economics/article/344305/%E0%A6%9C%E0%A6%B0%E0%A7%81%E0%A6%B0%E0%A6%BF-%E0%A6%9A%E0%A6%BE%E0%A6%B9%E0%A6%BF%E0%A6%A6%E0%A6%BE-%E0%A6%AE%E0%A7%87%E0%A6%9F%E0%A6%BE%E0%A6%A4%E0%A7%87-%E0%A7%A9-%E0%A6%B2%E0%A6%BE%E0%A6%96-%E0%A6%9F%E0%A6%A8-%E0%A6%A1%E0%A6%BF%E0%A6%9C%E0%A7%87%E0%A6%B2-%E0%A6%95%E0%A7%87%E0%A6%A8%E0%A6%BE%E0%A6%B0-%E0%A6%AA%E0%A7%8D%E0%A6%B0%E0%A6%B8%E0%A7%8D%E0%A6%A4%E0%A6%BE%E0%A6%AC-%E0%A6%85%E0%A6%A8%E0%A7%81%E0%A6%AE%E0%A7%8B%E0%A6%A6%E0%A6%A8,samakal,bn,https://samakal.com/economics/article/344305/%E0%A6%9C%E0%A6%B0%E0%A7%81%E0%A6%B0%E0%A6%BF-%E0%A6%9A%E0%A6%BE%E0%A6%B9%E0%A6%BF%E0%A6%A6%E0%A6%BE-%E0%A6%AE%E0%A7%87%E0%A6%9F%E0%A6%BE%E0%A6%A4%E0%A7%87-%E0%A7%A9-%E0%A6%B2%E0%A6%BE%E0%A6%96-%E0%A6%9F%E0%A6%A8-%E0%A6%A1%E0%A6%BF%E0%A6%9C%E0%A7%87%E0%A6%B2-%E0%A6%95%E0%A7%87%E0%A6%A8%E0%A6%BE%E0%A6%B0-%E0%A6%AA%E0%A7%8D%E0%A6%B0%E0%A6%B8%E0%A7%8D%E0%A6%A4%E0%A6%BE%E0%A6%AC-%E0%A6%85%E0%A6%A8%E0%A7%81%E0%A6%AE%E0%A7%8B%E0%A6%A6%E0%A6%A8,2026-03-27,জরুরি চাহিদা মেটাতে ৩ লাখ টন ডিজেল কেনার প্রস্তাব অনুমোদন,2026,5,True,True,1,8,0,0,0,0,0,0,0,0,0,0,0,0,0,0
samakal:https://samakal.com/bangladesh/article/344559/%E0%A6%A1%E0%A6%BF%E0%A6%AA%E0%A7%8B-%E0%A6%A5%E0%A7%87%E0%A6%95%E0%A7%87-%E0%A6%A4%E0%A7%87%E0%A6%B2-%E0%A6%B8%E0%A6%B0%E0%A6%AC%E0%A6%B0%E0%A6%BE%E0%A6%B9%E0%A7%87%E0%A6%B0-%E0%A6%B8%E0%A6%AE%E0%A6%AF%E0%A6%BC-%E0%A7%A8-%E0%A6%98%E0%A6%A3%E0%A7%8D%E0%A6%9F%E0%A6%BE-%E0%A6%8F%E0%A6%97%E0%A6%BF%E0%A6%AF%E0%A6%BC%E0%A7%87-%E0%A6%86%E0%A6%A8%E0%A6%B2-%E0%A6%AC%E0%A6%BF%E0%A6%AA%E0%A6%BF%E0%A6%B8%E0%A6%BF,samakal,bn,https://samakal.com/bangladesh/article/344559/%E0%A6%A1%E0%A6%BF%E0%A6%AA%E0%A7%8B-%E0%A6%A5%E0%A7%87%E0%A6%95%E0%A7%87-%E0%A6%A4%E0%A7%87%E0%A6%B2-%E0%A6%B8%E0%A6%B0%E0%A6%AC%E0%A6%B0%E0%A6%BE%E0%A6%B9%E0%A7%87%E0%A6%B0-%E0%A6%B8%E0%A6%AE%E0%A6%AF%E0%A6%BC-%E0%A7%A8-%E0%A6%98%E0%A6%A3%E0%A7%8D%E0%A6%9F%E0%A6%BE-%E0%A6%8F%E0%A6%97%E0%A6%BF%E0%A6%AF%E0%A6%BC%E0%A7%87-%E0%A6%86%E0%A6%A8%E0%A6%B2-%E0%A6%AC%E0%A6%BF%E0%A6%AA%E0%A6%BF%E0%A6%B8%E0%A6%BF,2026-03-28,ডিপো থেকে তেল সরবরাহের সময় ২ ঘণ্টা এগিয়ে আনল বিপিসি,2026,5,True,True,1,3,0,0,0,0,0,0,0,0,0,0,0,0,0,0
samakal:https://samakal.com/whole-country/article/344540/%E0%A6%AE%E0%A7%81%E0%A6%A6%E0%A6%BF%E0%A6%A6%E0%A7%8B%E0%A6%95%E0%A6%BE%E0%A6%A8%E0%A6%BF%E0%A6%B0-%E0%A6%AC%E0%A6%BE%E0%A7%9C%E0%A6%BF%E0%A6%A4%E0%A7%87-%E0%A6%AE%E0%A6%BF%E0%A6%B2%E0%A6%B2-%E0%A7%A9%E0%A7%AD%E0%A7%A6-%E0%A6%B2%E0%A6%BF%E0%A6%9F%E0%A6%BE%E0%A6%B0-%E0%A6%9C%E0%A7%8D%E0%A6%AC%E0%A6%BE%E0%A6%B2%E0%A6%BE%E0%A6%A8%E0%A6%BF-%E0%A6%A4%E0%A7%87%E0%A6%B2,samakal,bn,https://samakal.com/whole-country/article/344540/%E0%A6%AE%E0%A7%81%E0%A6%A6%E0%A6%BF%E0%A6%A6%E0%A7%8B%E0%A6%95%E0%A6%BE%E0%A6%A8%E0%A6%BF%E0%A6%B0-%E0%A6%AC%E0%A6%BE%E0%A7%9C%E0%A6%BF%E0%A6%A4%E0%A7%87-%E0%A6%AE%E0%A6%BF%E0%A6%B2%E0%A6%B2-%E0%A7%A9%E0%A7%AD%E0%A7%A6-%E0%A6%B2%E0%A6%BF%E0%A6%9F%E0%A6%BE%E0%A6%B0-%E0%A6%9C%E0%A7%8D%E0%A6%AC%E0%A6%BE%E0%A6%B2%E0%A6%BE%E0%A6%A8%E0%A6%BF-%E0%A6%A4%E0%A7%87%E0%A6%B2,2026-03-28,মুদিদোকানির বাড়িতে মিলল ৩৭০ লিটার জ্বালানি তেল,2026,7,True,True,0,0,0,0,0,0,0,0,0,0,0,0,0,0,0,0
samakal:https://samakal.com/bangladesh/article/344511/%E0%A6%9C%E0%A7%8D%E0%A6%AC%E0%A6%BE%E0%A6%B2%E0%A6%BE%E0%A6%A8%E0%A6%BF-%E0%A6%A4%E0%A7%87%E0%A6%B2-%E0%A6%A4%E0%A6%A6%E0%A6%BE%E0%A6%B0%E0%A6%95%E0%A6%BF%E0%A6%A4%E0%A7%87-%E0%A6%AA%E0%A7%87%E0%A6%9F%E0%A7%8D%E0%A6%B0%E0%A7%8B%E0%A6%B2-%E0%A6%AA%E0%A6%BE%E0%A6%AE%E0%A7%8D%E0%A6%AA%E0%A7%87-%E0%A6%9F%E0%A7%8D%E0%A6%AF%E0%A6%BE%E0%A6%97-%E0%A6%85%E0%A6%AB%E0%A6%BF%E0%A6%B8%E0%A6%BE%E0%A6%B0-%E0%A6%A8%E0%A6%BF%E0%A7%9F%E0%A7%8B%E0%A6%97%E0%A7%87%E0%A6%B0-%E0%A6%B8%E0%A6%BF%E0%A6%A6%E0%A7%8D%E0%A6%A7%E0%A6%BE%E0%A6%A8%E0%A7%8D%E0%A6%A4,samakal,bn,https://samakal.com/bangladesh/article/344511/%E0%A6%9C%E0%A7%8D%E0%A6%AC%E0%A6%BE%E0%A6%B2%E0%A6%BE%E0%A6%A8%E0%A6%BF-%E0%A6%A4%E0%A7%87%E0%A6%B2-%E0%A6%A4%E0%A6%A6%E0%A6%BE%E0%A6%B0%E0%A6%95%E0%A6%BF%E0%A6%A4%E0%A7%87-%E0%A6%AA%E0%A7%87%E0%A6%9F%E0%A7%8D%E0%A6%B0%E0%A7%8B%E0%A6%B2-%E0%A6%AA%E0%A6%BE%E0%A6%AE%E0%A7%8D%E0%A6%AA%E0%A7%87-%E0%A6%9F%E0%A7%8D%E0%A6%AF%E0%A6%BE%E0%A6%97-%E0%A6%85%E0%A6%AB%E0%A6%BF%E0%A6%B8%E0%A6%BE%E0%A6%B0-%E0%A6%A8%E0%A6%BF%E0%A7%9F%E0%A7%8B%E0%A6%97%E0%A7%87%E0%A6%B0-%E0%A6%B8%E0%A6%BF%E0%A6%A6%E0%A7%8D%E0%A6%A7%E0%A6%BE%E0%A6%A8%E0%A7%8D%E0%A6%A4,2026-03-28,জ্বালানি তেল তদারকিতে পেট্রোল পাম্পে ট্যাগ অফিসার নিয়োগের সিদ্ধান্ত,2026,4,True,True,0,0,0,0,0,0,0,0,0,0,0,0,0,0,0,0
samakal:https://samakal.com/bangladesh/article/344496/%E0%A6%B8%E0%A7%87%E0%A6%9A%E0%A7%87-%E0%A6%A1%E0%A6%BF%E0%A6%9C%E0%A7%87%E0%A6%B2-%E0%A6%B8%E0%A6%82%E0%A6%95%E0%A6%9F%E0%A7%87%E0%A6%B0-%E0%A6%AA%E0%A7%8D%E0%A6%B0%E0%A6%AD%E0%A6%BE%E0%A6%AC-%E0%A6%B6%E0%A6%99%E0%A7%8D%E0%A6%95%E0%A6%BE%E0%A7%9F-%E0%A6%95%E0%A7%83%E0%A6%B7%E0%A6%95,samakal,bn,https://samakal.com/bangladesh/article/344496/%E0%A6%B8%E0%A7%87%E0%A6%9A%E0%A7%87-%E0%A6%A1%E0%A6%BF%E0%A6%9C%E0%A7%87%E0%A6%B2-%E0%A6%B8%E0%A6%82%E0%A6%95%E0%A6%9F%E0%A7%87%E0%A6%B0-%E0%A6%AA%E0%A7%8D%E0%A6%B0%E0%A6%AD%E0%A6%BE%E0%A6%AC-%E0%A6%B6%E0%A6%99%E0%A7%8D%E0%A6%95%E0%A6%BE%E0%A7%9F-%E0%A6%95%E0%A7%83%E0%A6%B7%E0%A6%95,2026-03-28,"সেচে ডিজেল সংকটের প্রভাব, শঙ্কায় কৃষক",2026,18,True,True,1,4,0,0,0,0,0,0,0,0,0,0,1,2,0,0
samakal:https://samakal.com/bangladesh/article/344492/%E0%A6%9C%E0%A7%8D%E0%A6%AC%E0%A6%BE%E0%A6%B2%E0%A6%BE%E0%A6%A8%E0%A6%BF-%E0%A6%A4%E0%A7%87%E0%A6%B2-%E0%A6%B8%E0%A6%82%E0%A6%95%E0%A6%9F%E0%A7%87%E0%A6%B0-%E0%A6%AA%E0%A7%87%E0%A6%9B%E0%A6%A8%E0%A7%87-%E0%A6%85%E0%A6%AC%E0%A7%88%E0%A6%A7-%E0%A6%AE%E0%A6%9C%E0%A7%81%E0%A6%A4-%E0%A6%95%E0%A6%BE%E0%A6%B2%E0%A7%8B%E0%A6%AC%E0%A6%BE%E0%A6%9C%E0%A6%BE%E0%A6%B0%E0%A6%BF,samakal,bn,https://samakal.com/bangladesh/article/344492/%E0%A6%9C%E0%A7%8D%E0%A6%AC%E0%A6%BE%E0%A6%B2%E0%A6%BE%E0%A6%A8%E0%A6%BF-%E0%A6%A4%E0%A7%87%E0%A6%B2-%E0%A6%B8%E0%A6%82%E0%A6%95%E0%A6%9F%E0%A7%87%E0%A6%B0-%E0%A6%AA%E0%A7%87%E0%A6%9B%E0%A6%A8%E0%A7%87-%E0%A6%85%E0%A6%AC%E0%A7%88%E0%A6%A7-%E0%A6%AE%E0%A6%9C%E0%A7%81%E0%A6%A4-%E0%A6%95%E0%A6%BE%E0%A6%B2%E0%A7%8B%E0%A6%AC%E0%A6%BE%E0%A6%9C%E0%A6%BE%E0%A6%B0%E0%A6%BF,2026-03-28,"জ্বালানি তেল সংকটের পেছনে অবৈধ মজুত, কালোবাজারি",2026,19,True,True,1,4,0,1,1,14,1,3,0,0,0,1,1,6,0,1
samakal:https://samakal.com/whole-country/article/344634/%E0%A6%A1%E0%A6%BF%E0%A6%9C%E0%A7%87%E0%A6%B2%E0%A7%87%E0%A6%B0-%E0%A6%9C%E0%A6%A8%E0%A7%8D%E0%A6%AF-%E0%A6%9B%E0%A7%8B%E0%A6%9F%E0%A6%BE%E0%A6%9B%E0%A7%81%E0%A6%9F%E0%A6%BF-%E0%A6%A8%E0%A7%87%E0%A6%87-%E0%A6%95%E0%A7%83%E0%A6%B7%E0%A6%95%E0%A6%A6%E0%A7%87%E0%A6%B0,samakal,bn,https://samakal.com/whole-country/article/344634/%E0%A6%A1%E0%A6%BF%E0%A6%9C%E0%A7%87%E0%A6%B2%E0%A7%87%E0%A6%B0-%E0%A6%9C%E0%A6%A8%E0%A7%8D%E0%A6%AF-%E0%A6%9B%E0%A7%8B%E0%A6%9F%E0%A6%BE%E0%A6%9B%E0%A7%81%E0%A6%9F%E0%A6%BF-%E0%A6%A8%E0%A7%87%E0%A6%87-%E0%A6%95%E0%A7%83%E0%A6%B7%E0%A6%95%E0%A6%A6%E0%A7%87%E0%A6%B0,2026-03-29,ডিজেলের জন্য ছোটাছুটি নেই কৃষকদের,2026,6,True,True,0,0,0,0,0,0,0,0,0,0,0,0,0,0,0,0
samakal:https://samakal.com/bangladesh/article/344875/%E0%A6%9C%E0%A7%8D%E0%A6%AC%E0%A6%BE%E0%A6%B2%E0%A6%BE%E0%A6%A8%E0%A6%BF-%E0%A6%B8%E0%A6%82%E0%A6%95%E0%A6%9F-%E0%A6%B8%E0%A6%BE%E0%A6%AE%E0%A6%B2%E0%A6%BE%E0%A6%A4%E0%A7%87-%E0%A6%86%E0%A6%B8%E0%A6%9B%E0%A7%87-%E2%80%98%E0%A6%AB%E0%A7%81%E0%A7%9F%E0%A7%87%E0%A6%B2-%E0%A6%AA%E0%A6%BE%E0%A6%B8%E2%80%99-%E0%A6%95%E0%A6%BF%E0%A6%89%E0%A6%86%E0%A6%B0-%E0%A6%95%E0%A7%8B%E0%A6%A1%E0%A7%87-%E0%A6%AE%E0%A6%BF%E0%A6%B2%E0%A6%AC%E0%A7%87-%E0%A6%A8%E0%A6%BF%E0%A6%B0%E0%A7%8D%E0%A6%A7%E0%A6%BE%E0%A6%B0%E0%A6%BF%E0%A6%A4-%E0%A6%A4%E0%A7%87%E0%A6%B2,samakal,bn,https://samakal.com/bangladesh/article/344875/%E0%A6%9C%E0%A7%8D%E0%A6%AC%E0%A6%BE%E0%A6%B2%E0%A6%BE%E0%A6%A8%E0%A6%BF-%E0%A6%B8%E0%A6%82%E0%A6%95%E0%A6%9F-%E0%A6%B8%E0%A6%BE%E0%A6%AE%E0%A6%B2%E0%A6%BE%E0%A6%A4%E0%A7%87-%E0%A6%86%E0%A6%B8%E0%A6%9B%E0%A7%87-%E2%80%98%E0%A6%AB%E0%A7%81%E0%A7%9F%E0%A7%87%E0%A6%B2-%E0%A6%AA%E0%A6%BE%E0%A6%B8%E2%80%99-%E0%A6%95%E0%A6%BF%E0%A6%89%E0%A6%86%E0%A6%B0-%E0%A6%95%E0%A7%8B%E0%A6%A1%E0%A7%87-%E0%A6%AE%E0%A6%BF%E0%A6%B2%E0%A6%AC%E0%A7%87-%E0%A6%A8%E0%A6%BF%E0%A6%B0%E0%A7%8D%E0%A6%A7%E0%A6%BE%E0%A6%B0%E0%A6%BF%E0%A6%A4-%E0%A6%A4%E0%A7%87%E0%A6%B2,2026-03-30,"জ্বালানি সংকট সামলাতে আসছে ‘ফুয়েল পাস’, কিউআর কোডে মিলবে নির্ধারিত তেল",2026,4,True,True,0,0,0,0,0,0,0,0,0,0,0,0,0,0,0,0
samakal:https://samakal.com/whole-country/article/344865/%E0%A6%B8%E0%A6%BE%E0%A6%A4%E0%A6%95%E0%A7%8D%E0%A6%B7%E0%A7%80%E0%A6%B0%E0%A6%BE%E0%A7%9F-%E0%A7%AD-%E0%A6%B9%E0%A6%BE%E0%A6%9C%E0%A6%BE%E0%A6%B0-%E0%A6%B2%E0%A6%BF%E0%A6%9F%E0%A6%BE%E0%A6%B0-%E0%A6%AA%E0%A7%87%E0%A6%9F%E0%A7%8D%E0%A6%B0%E0%A6%B2%E0%A6%B8%E0%A6%B9-%E0%A6%A4%E0%A7%87%E0%A6%B2%E0%A6%AC%E0%A6%BE%E0%A6%B9%E0%A7%80-%E0%A6%B2%E0%A6%B0%E0%A6%BF-%E0%A6%9C%E0%A6%AC%E0%A7%8D%E0%A6%A6%C2%A0,samakal,bn,https://samakal.com/whole-country/article/344865/%E0%A6%B8%E0%A6%BE%E0%A6%A4%E0%A6%95%E0%A7%8D%E0%A6%B7%E0%A7%80%E0%A6%B0%E0%A6%BE%E0%A7%9F-%E0%A7%AD-%E0%A6%B9%E0%A6%BE%E0%A6%9C%E0%A6%BE%E0%A6%B0-%E0%A6%B2%E0%A6%BF%E0%A6%9F%E0%A6%BE%E0%A6%B0-%E0%A6%AA%E0%A7%87%E0%A6%9F%E0%A7%8D%E0%A6%B0%E0%A6%B2%E0%A6%B8%E0%A6%B9-%E0%A6%A4%E0%A7%87%E0%A6%B2%E0%A6%AC%E0%A6%BE%E0%A6%B9%E0%A7%80-%E0%A6%B2%E0%A6%B0%E0%A6%BF-%E0%A6%9C%E0%A6%AC%E0%A7%8D%E0%A6%A6%C2%A0,2026-03-30,সাতক্ষীরায় ৭ হাজার লিটার পেট্রলসহ তেলবাহী লরি জব্দ,2026,6,True,True,0,0,0,0,0,0,0,0,0,0,0,0,0,0,0,0
samakal:https://samakal.com/bangladesh/article/344822/%E0%A6%9C%E0%A7%8D%E0%A6%AC%E0%A6%BE%E0%A6%B2%E0%A6%BE%E0%A6%A8%E0%A6%BF-%E0%A6%96%E0%A6%BE%E0%A6%A4%E0%A7%87-%E0%A6%A8%E0%A7%80%E0%A6%A4%E0%A6%BF-%E0%A6%93-%E0%A6%95%E0%A6%BE%E0%A6%A0%E0%A6%BE%E0%A6%AE%E0%A7%8B%E0%A6%97%E0%A6%A4-%E0%A6%B8%E0%A6%82%E0%A6%B8%E0%A7%8D%E0%A6%95%E0%A6%BE%E0%A6%B0-%E0%A6%9C%E0%A6%B0%E0%A7%81%E0%A6%B0%E0%A6%BF,samakal,bn,https://samakal.com/bangladesh/article/344822/%E0%A6%9C%E0%A7%8D%E0%A6%AC%E0%A6%BE%E0%A6%B2%E0%A6%BE%E0%A6%A8%E0%A6%BF-%E0%A6%96%E0%A6%BE%E0%A6%A4%E0%A7%87-%E0%A6%A8%E0%A7%80%E0%A6%A4%E0%A6%BF-%E0%A6%93-%E0%A6%95%E0%A6%BE%E0%A6%A0%E0%A6%BE%E0%A6%AE%E0%A7%8B%E0%A6%97%E0%A6%A4-%E0%A6%B8%E0%A6%82%E0%A6%B8%E0%A7%8D%E0%A6%95%E0%A6%BE%E0%A6%B0-%E0%A6%9C%E0%A6%B0%E0%A7%81%E0%A6%B0%E0%A6%BF,2026-03-30,জ্বালানি খাতে নীতি ও কাঠামোগত সংস্কার জরুরি,2026,15,True,True,1,5,0,0,1,4,0,1,0,0,0,0,0,0,0,0
samakal:https://samakal.com/international/article/344794/%E0%A6%AC%E0%A6%BF%E0%A6%B6%E0%A7%8D%E0%A6%AC%E0%A6%AC%E0%A6%BE%E0%A6%9C%E0%A6%BE%E0%A6%B0%E0%A7%87-%E0%A6%A4%E0%A7%87%E0%A6%B2%E0%A7%87%E0%A6%B0-%E0%A6%A6%E0%A6%BE%E0%A6%AE-%E0%A7%A7%E0%A7%A7%E0%A7%AC-%E0%A6%A1%E0%A6%B2%E0%A6%BE%E0%A6%B0-%E0%A6%9B%E0%A6%BE%E0%A7%9C%E0%A6%BE%E0%A6%B2,samakal,bn,https://samakal.com/international/article/344794/%E0%A6%AC%E0%A6%BF%E0%A6%B6%E0%A7%8D%E0%A6%AC%E0%A6%AC%E0%A6%BE%E0%A6%9C%E0%A6%BE%E0%A6%B0%E0%A7%87-%E0%A6%A4%E0%A7%87%E0%A6%B2%E0%A7%87%E0%A6%B0-%E0%A6%A6%E0%A6%BE%E0%A6%AE-%E0%A7%A7%E0%A7%A7%E0%A7%AC-%E0%A6%A1%E0%A6%B2%E0%A6%BE%E0%A6%B0-%E0%A6%9B%E0%A6%BE%E0%A7%9C%E0%A6%BE%E0%A6%B2,2026-03-30,বিশ্ববাজারে তেলের দাম ১১৬ ডলার ছাড়াল,2026,8,True,True,1,26,0,0,0,0,0,0,0,0,0,0,0,0,0,0
samakal:https://samakal.com/opinion/article/344785/%E0%A6%B8%E0%A7%8D%E0%A6%AE%E0%A6%BE%E0%A6%B0%E0%A7%8D%E0%A6%9F-%E0%A6%95%E0%A7%82%E0%A6%9F%E0%A6%A8%E0%A7%80%E0%A6%A4%E0%A6%BF%E0%A6%87-%E0%A6%9C%E0%A7%8D%E0%A6%AC%E0%A6%BE%E0%A6%B2%E0%A6%BE%E0%A6%A8%E0%A6%BF-%E0%A6%B8%E0%A6%82%E0%A6%95%E0%A6%9F-%E0%A6%A5%E0%A7%87%E0%A6%95%E0%A7%87-%E0%A6%AE%E0%A7%81%E0%A6%95%E0%A7%8D%E0%A6%A4%E0%A6%BF%E0%A6%B0-%E0%A6%AA%E0%A6%A5,samakal,bn,https://samakal.com/opinion/article/344785/%E0%A6%B8%E0%A7%8D%E0%A6%AE%E0%A6%BE%E0%A6%B0%E0%A7%8D%E0%A6%9F-%E0%A6%95%E0%A7%82%E0%A6%9F%E0%A6%A8%E0%A7%80%E0%A6%A4%E0%A6%BF%E0%A6%87-%E0%A6%9C%E0%A7%8D%E0%A6%AC%E0%A6%BE%E0%A6%B2%E0%A6%BE%E0%A6%A8%E0%A6%BF-%E0%A6%B8%E0%A6%82%E0%A6%95%E0%A6%9F-%E0%A6%A5%E0%A7%87%E0%A6%95%E0%A7%87-%E0%A6%AE%E0%A7%81%E0%A6%95%E0%A7%8D%E0%A6%A4%E0%A6%BF%E0%A6%B0-%E0%A6%AA%E0%A6%A5,2026-03-30,স্মার্ট কূটনীতিই জ্বালানি সংকট থেকে মুক্তির পথ,2026,9,True,True,1,21,0,0,0,0,1,2,0,0,0,0,1,3,0,0
samakal:https://samakal.com/international/article/344781/%E0%A6%87%E0%A6%B0%E0%A6%BE%E0%A6%A8%E0%A7%87%E0%A6%B0-%E0%A6%9C%E0%A7%8D%E0%A6%AC%E0%A6%BE%E0%A6%B2%E0%A6%BE%E0%A6%A8%E0%A6%BF-%E0%A6%A4%E0%A7%87%E0%A6%B2-%E0%A6%93-%E0%A6%96%E0%A6%BE%E0%A6%B0%E0%A6%97-%E0%A6%A6%E0%A7%8D%E0%A6%AC%E0%A7%80%E0%A6%AA%E0%A7%87%E0%A6%B0-%E0%A6%A8%E0%A6%BF%E0%A7%9F%E0%A6%A8%E0%A7%8D%E0%A6%A4%E0%A7%8D%E0%A6%B0%E0%A6%A3-%E0%A6%9A%E0%A6%BE%E0%A6%87:-%E0%A6%9F%E0%A7%8D%E0%A6%B0%E0%A6%BE%E0%A6%AE%E0%A7%8D%E0%A6%AA,samakal,bn,https://samakal.com/international/article/344781/%E0%A6%87%E0%A6%B0%E0%A6%BE%E0%A6%A8%E0%A7%87%E0%A6%B0-%E0%A6%9C%E0%A7%8D%E0%A6%AC%E0%A6%BE%E0%A6%B2%E0%A6%BE%E0%A6%A8%E0%A6%BF-%E0%A6%A4%E0%A7%87%E0%A6%B2-%E0%A6%93-%E0%A6%96%E0%A6%BE%E0%A6%B0%E0%A6%97-%E0%A6%A6%E0%A7%8D%E0%A6%AC%E0%A7%80%E0%A6%AA%E0%A7%87%E0%A6%B0-%E0%A6%A8%E0%A6%BF%E0%A7%9F%E0%A6%A8%E0%A7%8D%E0%A6%A4%E0%A7%8D%E0%A6%B0%E0%A6%A3-%E0%A6%9A%E0%A6%BE%E0%A6%87:-%E0%A6%9F%E0%A7%8D%E0%A6%B0%E0%A6%BE%E0%A6%AE%E0%A7%8D%E0%A6%AA,2026-03-30,ইরানের জ্বালানি তেল ও খারগ দ্বীপের নিয়ন্ত্রণ চাই: ট্রাম্প,2026,6,True,True,1,13,0,0,0,0,0,0,0,0,0,0,0,0,0,0
samakal:https://samakal.com/bangladesh/article/344777/%E0%A6%9C%E0%A7%8D%E0%A6%AC%E0%A6%BE%E0%A6%B2%E0%A6%BE%E0%A6%A8%E0%A6%BF-%E0%A6%A4%E0%A7%87%E0%A6%B2%E0%A7%87%E0%A6%B0-%E0%A6%B8%E0%A6%82%E0%A6%95%E0%A6%9F-%E0%A6%AA%E0%A7%8D%E0%A6%B0%E0%A6%95%E0%A6%9F-%E0%A6%AC%E0%A6%BE%E0%A7%9C%E0%A6%9B%E0%A7%87-%E0%A6%B9%E0%A6%9F%E0%A7%8D%E0%A6%9F%E0%A6%97%E0%A7%8B%E0%A6%B2-%E0%A6%AC%E0%A6%BF%E0%A6%B6%E0%A7%83%E0%A6%99%E0%A7%8D%E0%A6%96%E0%A6%B2%E0%A6%BE,samakal,bn,https://samakal.com/bangladesh/article/344777/%E0%A6%9C%E0%A7%8D%E0%A6%AC%E0%A6%BE%E0%A6%B2%E0%A6%BE%E0%A6%A8%E0%A6%BF-%E0%A6%A4%E0%A7%87%E0%A6%B2%E0%A7%87%E0%A6%B0-%E0%A6%B8%E0%A6%82%E0%A6%95%E0%A6%9F-%E0%A6%AA%E0%A7%8D%E0%A6%B0%E0%A6%95%E0%A6%9F-%E0%A6%AC%E0%A6%BE%E0%A7%9C%E0%A6%9B%E0%A7%87-%E0%A6%B9%E0%A6%9F%E0%A7%8D%E0%A6%9F%E0%A6%97%E0%A7%8B%E0%A6%B2-%E0%A6%AC%E0%A6%BF%E0%A6%B6%E0%A7%83%E0%A6%99%E0%A7%8D%E0%A6%96%E0%A6%B2%E0%A6%BE,2026-03-30,"জ্বালানি তেলের সংকট প্রকট, বাড়ছে হট্টগোল-বিশৃঙ্খলা",2026,9,True,True,1,2,0,0,1,5,0,0,0,0,0,0,0,1,0,0
samakal:https://samakal.com/whole-country/article/344762/%E0%A6%AB%E0%A7%87%E0%A6%A8%E0%A7%80%E0%A6%B0-%E0%A7%A8%E0%A7%AE-%E0%A6%AA%E0%A6%BE%E0%A6%AE%E0%A7%8D%E0%A6%AA%E0%A7%87%E0%A6%87-%E0%A6%AE%E0%A6%BF%E0%A6%B2%E0%A6%9B%E0%A7%87-%E0%A6%A8%E0%A6%BE-%E0%A6%85%E0%A6%95%E0%A6%9F%E0%A7%87%E0%A6%A8,samakal,bn,https://samakal.com/whole-country/article/344762/%E0%A6%AB%E0%A7%87%E0%A6%A8%E0%A7%80%E0%A6%B0-%E0%A7%A8%E0%A7%AE-%E0%A6%AA%E0%A6%BE%E0%A6%AE%E0%A7%8D%E0%A6%AA%E0%A7%87%E0%A6%87-%E0%A6%AE%E0%A6%BF%E0%A6%B2%E0%A6%9B%E0%A7%87-%E0%A6%A8%E0%A6%BE-%E0%A6%85%E0%A6%95%E0%A6%9F%E0%A7%87%E0%A6%A8,2026-03-30,ফেনীর ২৮ পাম্পেই মিলছে না অকটেন,2026,19,True,True,0,1,0,0,0,0,0,0,0,1,0,0,0,0,0,0
samakal:https://samakal.com/international/article/344755/%E0%A6%8F%E0%A6%B6%E0%A6%BF%E0%A7%9F%E0%A6%BE%E0%A6%B0-%E0%A6%AC%E0%A6%BE%E0%A6%9C%E0%A6%BE%E0%A6%B0-%E0%A6%96%E0%A7%8B%E0%A6%B2%E0%A6%BE%E0%A6%B0-%E0%A6%AA%E0%A6%B0-%E0%A6%A4%E0%A7%87%E0%A6%B2%E0%A7%87%E0%A6%B0-%E0%A6%A6%E0%A6%BE%E0%A6%AE-%E0%A6%9B%E0%A6%BE%E0%A7%9C%E0%A6%BE%E0%A6%B2-%E0%A7%A7%E0%A7%A7%E0%A7%AB-%E0%A6%A1%E0%A6%B2%E0%A6%BE%E0%A6%B0,samakal,bn,https://samakal.com/international/article/344755/%E0%A6%8F%E0%A6%B6%E0%A6%BF%E0%A7%9F%E0%A6%BE%E0%A6%B0-%E0%A6%AC%E0%A6%BE%E0%A6%9C%E0%A6%BE%E0%A6%B0-%E0%A6%96%E0%A7%8B%E0%A6%B2%E0%A6%BE%E0%A6%B0-%E0%A6%AA%E0%A6%B0-%E0%A6%A4%E0%A7%87%E0%A6%B2%E0%A7%87%E0%A6%B0-%E0%A6%A6%E0%A6%BE%E0%A6%AE-%E0%A6%9B%E0%A6%BE%E0%A7%9C%E0%A6%BE%E0%A6%B2-%E0%A7%A7%E0%A7%A7%E0%A7%AB-%E0%A6%A1%E0%A6%B2%E0%A6%BE%E0%A6%B0,2026-03-30,এশিয়ার বাজার খোলার পর তেলের দাম ছাড়াল ১১৫ ডলার,2026,4,True,True,1,4,0,0,0,0,0,0,0,0,0,0,0,0,0,0
samakal:https://samakal.com/whole-country/article/345035/%E0%A6%95%E0%A7%83%E0%A6%B7%E0%A6%BF%E0%A6%AE%E0%A6%A8%E0%A7%8D%E0%A6%A4%E0%A7%8D%E0%A6%B0%E0%A7%80%E0%A6%B0-%E0%A6%AB%E0%A7%8B%E0%A6%A8%E0%A7%87%E0%A6%B0-%E0%A6%AA%E0%A6%B0%E0%A6%93-%E0%A6%AE%E0%A6%BF%E0%A6%B2%E0%A6%9B%E0%A7%87-%E0%A6%A8%E0%A6%BE-%E0%A6%A1%E0%A6%BF%E0%A6%9C%E0%A7%87%E0%A6%B2,samakal,bn,https://samakal.com/whole-country/article/345035/%E0%A6%95%E0%A7%83%E0%A6%B7%E0%A6%BF%E0%A6%AE%E0%A6%A8%E0%A7%8D%E0%A6%A4%E0%A7%8D%E0%A6%B0%E0%A7%80%E0%A6%B0-%E0%A6%AB%E0%A7%8B%E0%A6%A8%E0%A7%87%E0%A6%B0-%E0%A6%AA%E0%A6%B0%E0%A6%93-%E0%A6%AE%E0%A6%BF%E0%A6%B2%E0%A6%9B%E0%A7%87-%E0%A6%A8%E0%A6%BE-%E0%A6%A1%E0%A6%BF%E0%A6%9C%E0%A7%87%E0%A6%B2,2026-03-31,কৃষিমন্ত্রীর ফোনের পরও মিলছে না ডিজেল,2026,2,True,True,0,0,0,0,0,0,0,0,0,0,0,0,0,0,0,0
samakal:https://samakal.com/international/article/345019/%E0%A6%A4%E0%A7%87%E0%A6%B2%E0%A7%87%E0%A6%B0-%E0%A6%A6%E0%A6%BE%E0%A6%AE%E0%A7%87-%E0%A6%B8%E0%A6%A4%E0%A7%8D%E0%A6%A4%E0%A6%B0%E0%A7%87%E0%A6%93-%E0%A6%A7%E0%A6%BE%E0%A6%95%E0%A7%8D%E0%A6%95%E0%A6%BE-%E0%A6%B2%E0%A7%87%E0%A6%97%E0%A7%87%E0%A6%9B%E0%A6%BF%E0%A6%B2-%E0%A6%8F%E0%A6%AC%E0%A6%BE%E0%A6%B0%E0%A7%87%E0%A6%B0-%E0%A6%AA%E0%A6%B0%E0%A6%BF%E0%A6%B8%E0%A7%8D%E0%A6%A5%E0%A6%BF%E0%A6%A4%E0%A6%BF-%E0%A6%95%E0%A7%8B%E0%A6%A8-%E0%A6%A6%E0%A6%BF%E0%A6%95%E0%A7%87-%E0%A6%AF%E0%A6%BE%E0%A6%9A%E0%A7%8D%E0%A6%9B%E0%A7%87,samakal,bn,https://samakal.com/international/article/345019/%E0%A6%A4%E0%A7%87%E0%A6%B2%E0%A7%87%E0%A6%B0-%E0%A6%A6%E0%A6%BE%E0%A6%AE%E0%A7%87-%E0%A6%B8%E0%A6%A4%E0%A7%8D%E0%A6%A4%E0%A6%B0%E0%A7%87%E0%A6%93-%E0%A6%A7%E0%A6%BE%E0%A6%95%E0%A7%8D%E0%A6%95%E0%A6%BE-%E0%A6%B2%E0%A7%87%E0%A6%97%E0%A7%87%E0%A6%9B%E0%A6%BF%E0%A6%B2-%E0%A6%8F%E0%A6%AC%E0%A6%BE%E0%A6%B0%E0%A7%87%E0%A6%B0-%E0%A6%AA%E0%A6%B0%E0%A6%BF%E0%A6%B8%E0%A7%8D%E0%A6%A5%E0%A6%BF%E0%A6%A4%E0%A6%BF-%E0%A6%95%E0%A7%8B%E0%A6%A8-%E0%A6%A6%E0%A6%BF%E0%A6%95%E0%A7%87-%E0%A6%AF%E0%A6%BE%E0%A6%9A%E0%A7%8D%E0%A6%9B%E0%A7%87,2026-03-31,"তেলের দামে সত্তরেও ধাক্কা লেগেছিল, এবারের পরিস্থিতি কোন দিকে যাচ্ছে",2026,6,True,True,1,13,0,0,0,0,0,0,0,0,1,2,1,2,0,1
samakal:https://samakal.com/bangladesh/article/345016/%E0%A6%8F%E0%A6%AA%E0%A7%8D%E0%A6%B0%E0%A6%BF%E0%A6%B2%E0%A7%87-%E0%A6%AC%E0%A6%BE%E0%A7%9C%E0%A6%9B%E0%A7%87-%E0%A6%A8%E0%A6%BE-%E0%A6%9C%E0%A7%8D%E0%A6%AC%E0%A6%BE%E0%A6%B2%E0%A6%BE%E0%A6%A8%E0%A6%BF-%E0%A6%A4%E0%A7%87%E0%A6%B2%E0%A7%87%E0%A6%B0-%E0%A6%A6%E0%A6%BE%E0%A6%AE,samakal,bn,https://samakal.com/bangladesh/article/345016/%E0%A6%8F%E0%A6%AA%E0%A7%8D%E0%A6%B0%E0%A6%BF%E0%A6%B2%E0%A7%87-%E0%A6%AC%E0%A6%BE%E0%A7%9C%E0%A6%9B%E0%A7%87-%E0%A6%A8%E0%A6%BE-%E0%A6%9C%E0%A7%8D%E0%A6%AC%E0%A6%BE%E0%A6%B2%E0%A6%BE%E0%A6%A8%E0%A6%BF-%E0%A6%A4%E0%A7%87%E0%A6%B2%E0%A7%87%E0%A6%B0-%E0%A6%A6%E0%A6%BE%E0%A6%AE,2026-03-31,এপ্রিলে বাড়ছে না জ্বালানি তেলের দাম,2026,7,True,True,0,1,0,0,0,0,0,0,0,0,0,0,0,0,0,0
samakal:https://samakal.com/economics/article/345012/%E0%A7%A8-%E0%A6%B2%E0%A6%BE%E0%A6%96-%E0%A7%AC%E0%A7%A6-%E0%A6%B9%E0%A6%BE%E0%A6%9C%E0%A6%BE%E0%A6%B0-%E0%A6%9F%E0%A6%A8-%E0%A6%9C%E0%A7%8D%E0%A6%AC%E0%A6%BE%E0%A6%B2%E0%A6%BE%E0%A6%A8%E0%A6%BF-%E0%A6%A4%E0%A7%87%E0%A6%B2-%E0%A6%86%E0%A6%AE%E0%A6%A6%E0%A6%BE%E0%A6%A8%E0%A6%BF%E0%A6%B0-%E0%A6%AA%E0%A7%8D%E0%A6%B0%E0%A6%B8%E0%A7%8D%E0%A6%A4%E0%A6%BE%E0%A6%AC-%E0%A6%85%E0%A6%A8%E0%A7%81%E0%A6%AE%E0%A7%8B%E0%A6%A6%E0%A6%A8,samakal,bn,https://samakal.com/economics/article/345012/%E0%A7%A8-%E0%A6%B2%E0%A6%BE%E0%A6%96-%E0%A7%AC%E0%A7%A6-%E0%A6%B9%E0%A6%BE%E0%A6%9C%E0%A6%BE%E0%A6%B0-%E0%A6%9F%E0%A6%A8-%E0%A6%9C%E0%A7%8D%E0%A6%AC%E0%A6%BE%E0%A6%B2%E0%A6%BE%E0%A6%A8%E0%A6%BF-%E0%A6%A4%E0%A7%87%E0%A6%B2-%E0%A6%86%E0%A6%AE%E0%A6%A6%E0%A6%BE%E0%A6%A8%E0%A6%BF%E0%A6%B0-%E0%A6%AA%E0%A7%8D%E0%A6%B0%E0%A6%B8%E0%A7%8D%E0%A6%A4%E0%A6%BE%E0%A6%AC-%E0%A6%85%E0%A6%A8%E0%A7%81%E0%A6%AE%E0%A7%8B%E0%A6%A6%E0%A6%A8,2026-03-31,২ লাখ ৬০ হাজার টন জ্বালানি তেল আমদানির প্রস্তাব অনুমোদন,2026,8,True,True,1,4,0,0,0,0,0,0,0,0,0,0,0,0,0,0
samakal:https://samakal.com/bangladesh/article/345006/%E0%A6%9C%E0%A7%8D%E0%A6%AC%E0%A6%BE%E0%A6%B2%E0%A6%BE%E0%A6%A8%E0%A6%BF-%E0%A6%A4%E0%A7%87%E0%A6%B2%E0%A7%87%E0%A6%B0-%E0%A6%A8%E0%A6%A4%E0%A7%81%E0%A6%A8-%E0%A6%A6%E0%A6%BE%E0%A6%AE-%E0%A6%A8%E0%A6%BF%E0%A6%B0%E0%A7%8D%E0%A6%A7%E0%A6%BE%E0%A6%B0%E0%A6%A3-%E0%A6%86%E0%A6%9C%C2%A0,samakal,bn,https://samakal.com/bangladesh/article/345006/%E0%A6%9C%E0%A7%8D%E0%A6%AC%E0%A6%BE%E0%A6%B2%E0%A6%BE%E0%A6%A8%E0%A6%BF-%E0%A6%A4%E0%A7%87%E0%A6%B2%E0%A7%87%E0%A6%B0-%E0%A6%A8%E0%A6%A4%E0%A7%81%E0%A6%A8-%E0%A6%A6%E0%A6%BE%E0%A6%AE-%E0%A6%A8%E0%A6%BF%E0%A6%B0%E0%A7%8D%E0%A6%A7%E0%A6%BE%E0%A6%B0%E0%A6%A3-%E0%A6%86%E0%A6%9C%C2%A0,2026-03-31,জ্বালানি তেলের নতুন দাম নির্ধারণ আজ,2026,11,True,True,0,1,0,0,0,0,0,0,0,0,0,0,0,0,0,0
samakal:https://samakal.com/whole-country/article/345004/%E0%A6%AD%E0%A6%BE%E0%A6%B0%E0%A6%A4-%E0%A6%A5%E0%A7%87%E0%A6%95%E0%A7%87-%E0%A6%AA%E0%A6%BE%E0%A6%87%E0%A6%AA%E0%A6%B2%E0%A6%BE%E0%A6%87%E0%A6%A8%E0%A7%87-%E0%A6%8F%E0%A6%B2%E0%A7%8B-%E0%A6%86%E0%A6%B0%E0%A6%93-%E0%A7%AD-%E0%A6%B9%E0%A6%BE%E0%A6%9C%E0%A6%BE%E0%A6%B0-%E0%A6%AE%E0%A7%87%E0%A6%9F%E0%A7%8D%E0%A6%B0%E0%A6%BF%E0%A6%95-%E0%A6%9F%E0%A6%A8-%E0%A6%A1%E0%A6%BF%E0%A6%9C%E0%A7%87%E0%A6%B2,samakal,bn,https://samakal.com/whole-country/article/345004/%E0%A6%AD%E0%A6%BE%E0%A6%B0%E0%A6%A4-%E0%A6%A5%E0%A7%87%E0%A6%95%E0%A7%87-%E0%A6%AA%E0%A6%BE%E0%A6%87%E0%A6%AA%E0%A6%B2%E0%A6%BE%E0%A6%87%E0%A6%A8%E0%A7%87-%E0%A6%8F%E0%A6%B2%E0%A7%8B-%E0%A6%86%E0%A6%B0%E0%A6%93-%E0%A7%AD-%E0%A6%B9%E0%A6%BE%E0%A6%9C%E0%A6%BE%E0%A6%B0-%E0%A6%AE%E0%A7%87%E0%A6%9F%E0%A7%8D%E0%A6%B0%E0%A6%BF%E0%A6%95-%E0%A6%9F%E0%A6%A8-%E0%A6%A1%E0%A6%BF%E0%A6%9C%E0%A7%87%E0%A6%B2,2026-03-31,ভারত থেকে পাইপলাইনে এলো আরও ৭ হাজার মেট্রিক টন ডিজেল,2026,13,True,True,0,0,0,0,0,0,1,14,0,0,0,0,0,0,0,0
samakal:https://samakal.com/economics/article/344997/%E0%A6%9C%E0%A7%8D%E0%A6%AC%E0%A6%BE%E0%A6%B2%E0%A6%BE%E0%A6%A8%E0%A6%BF-%E0%A6%B8%E0%A6%82%E0%A6%95%E0%A6%9F-%E0%A6%B8%E0%A6%BE%E0%A6%AE%E0%A6%B7%E0%A7%8D%E0%A6%9F%E0%A6%BF%E0%A6%95-%E0%A6%85%E0%A6%B0%E0%A7%8D%E0%A6%A5%E0%A6%A8%E0%A7%80%E0%A6%A4%E0%A6%BF%E0%A6%A4%E0%A7%87-%E0%A6%9A%E0%A6%BE%E0%A6%AA-%E0%A6%AC%E0%A6%BE%E0%A7%9C%E0%A6%BE%E0%A6%9A%E0%A7%8D%E0%A6%9B%E0%A7%87-%E0%A6%89%E0%A6%A8%E0%A7%8D%E0%A6%AE%E0%A7%8B%E0%A6%9A%E0%A6%BF%E0%A6%A4-%E0%A6%95%E0%A6%B0%E0%A6%9B%E0%A7%87-%E0%A6%A8%E0%A7%80%E0%A6%A4%E0%A6%BF%E0%A6%97%E0%A6%A4-%E0%A6%B8%E0%A7%80%E0%A6%AE%E0%A6%BE%E0%A6%AC%E0%A6%A6%E0%A7%8D%E0%A6%A7%E0%A6%A4%E0%A6%BE:-%E0%A6%A6%E0%A7%87%E0%A6%AC%E0%A6%AA%E0%A7%8D%E0%A6%B0%E0%A6%BF%E0%A7%9F,samakal,bn,https://samakal.com/economics/article/344997/%E0%A6%9C%E0%A7%8D%E0%A6%AC%E0%A6%BE%E0%A6%B2%E0%A6%BE%E0%A6%A8%E0%A6%BF-%E0%A6%B8%E0%A6%82%E0%A6%95%E0%A6%9F-%E0%A6%B8%E0%A6%BE%E0%A6%AE%E0%A6%B7%E0%A7%8D%E0%A6%9F%E0%A6%BF%E0%A6%95-%E0%A6%85%E0%A6%B0%E0%A7%8D%E0%A6%A5%E0%A6%A8%E0%A7%80%E0%A6%A4%E0%A6%BF%E0%A6%A4%E0%A7%87-%E0%A6%9A%E0%A6%BE%E0%A6%AA-%E0%A6%AC%E0%A6%BE%E0%A7%9C%E0%A6%BE%E0%A6%9A%E0%A7%8D%E0%A6%9B%E0%A7%87-%E0%A6%89%E0%A6%A8%E0%A7%8D%E0%A6%AE%E0%A7%8B%E0%A6%9A%E0%A6%BF%E0%A6%A4-%E0%A6%95%E0%A6%B0%E0%A6%9B%E0%A7%87-%E0%A6%A8%E0%A7%80%E0%A6%A4%E0%A6%BF%E0%A6%97%E0%A6%A4-%E0%A6%B8%E0%A7%80%E0%A6%AE%E0%A6%BE%E0%A6%AC%E0%A6%A6%E0%A7%8D%E0%A6%A7%E0%A6%A4%E0%A6%BE:-%E0%A6%A6%E0%A7%87%E0%A6%AC%E0%A6%AA%E0%A7%8D%E0%A6%B0%E0%A6%BF%E0%A7%9F,2026-03-31,"জ্বালানি সংকট সামষ্টিক অর্থনীতিতে চাপ বাড়াচ্ছে, উন্মোচিত করছে নীতিগত সীমাবদ্ধতা: দেবপ্রিয়",2026,6,True,True,0,1,0,0,0,0,0,0,0,0,0,0,1,5,0,0
samakal:https://samakal.com/bangladesh/article/345124/%E0%A6%A1%E0%A6%BF%E0%A6%9C%E0%A7%87%E0%A6%B2-%E0%A6%B8%E0%A6%82%E0%A6%95%E0%A6%9F%E0%A7%87-%E0%A6%89%E0%A6%AA%E0%A6%95%E0%A7%82%E0%A6%B2%E0%A7%87%E0%A6%B0-%E0%A6%B2%E0%A6%BE%E0%A6%96%E0%A7%8B-%E0%A6%9C%E0%A7%87%E0%A6%B2%E0%A7%87-%E0%A6%95%E0%A6%B0%E0%A7%8D%E0%A6%AE%E0%A6%B9%E0%A7%80%E0%A6%A8,samakal,bn,https://samakal.com/bangladesh/article/345124/%E0%A6%A1%E0%A6%BF%E0%A6%9C%E0%A7%87%E0%A6%B2-%E0%A6%B8%E0%A6%82%E0%A6%95%E0%A6%9F%E0%A7%87-%E0%A6%89%E0%A6%AA%E0%A6%95%E0%A7%82%E0%A6%B2%E0%A7%87%E0%A6%B0-%E0%A6%B2%E0%A6%BE%E0%A6%96%E0%A7%8B-%E0%A6%9C%E0%A7%87%E0%A6%B2%E0%A7%87-%E0%A6%95%E0%A6%B0%E0%A7%8D%E0%A6%AE%E0%A6%B9%E0%A7%80%E0%A6%A8,2026-04-01,ডিজেল সংকটে উপকূলের লাখো জেলে কর্মহীন,2026,18,True,True,0,1,0,0,0,0,0,0,0,0,0,0,0,1,0,1
samakal:https://samakal.com/bangladesh/article/345121/%E0%A6%A4%E0%A7%87%E0%A6%B2%E0%A7%87%E0%A6%B0-%E0%A6%A6%E0%A6%BE%E0%A6%AE-%E0%A6%A8%E0%A6%BE-%E0%A6%AC%E0%A6%BE%E0%A7%9C%E0%A6%BF%E0%A7%9F%E0%A7%87-%E0%A6%B8%E0%A6%82%E0%A6%95%E0%A6%9F-%E0%A6%95%E0%A6%BE%E0%A6%9F%E0%A6%BE%E0%A6%A8%E0%A7%8B%E0%A6%B0-%E0%A6%9A%E0%A7%87%E0%A6%B7%E0%A7%8D%E0%A6%9F%E0%A6%BE,samakal,bn,https://samakal.com/bangladesh/article/345121/%E0%A6%A4%E0%A7%87%E0%A6%B2%E0%A7%87%E0%A6%B0-%E0%A6%A6%E0%A6%BE%E0%A6%AE-%E0%A6%A8%E0%A6%BE-%E0%A6%AC%E0%A6%BE%E0%A7%9C%E0%A6%BF%E0%A7%9F%E0%A7%87-%E0%A6%B8%E0%A6%82%E0%A6%95%E0%A6%9F-%E0%A6%95%E0%A6%BE%E0%A6%9F%E0%A6%BE%E0%A6%A8%E0%A7%8B%E0%A6%B0-%E0%A6%9A%E0%A7%87%E0%A6%B7%E0%A7%8D%E0%A6%9F%E0%A6%BE,2026-04-01,তেলের দাম না বাড়িয়ে সংকট কাটানোর চেষ্টা,2026,30,True,True,1,4,0,0,1,3,0,0,0,0,0,1,0,1,0,0
samakal:https://samakal.com/bangladesh/article/345112/%E0%A6%A6%E0%A7%81%E0%A6%87-%E0%A6%B2%E0%A6%BE%E0%A6%96-%E0%A7%AC%E0%A7%A6-%E0%A6%B9%E0%A6%BE%E0%A6%9C%E0%A6%BE%E0%A6%B0-%E0%A6%9F%E0%A6%A8-%E0%A6%9C%E0%A7%8D%E0%A6%AC%E0%A6%BE%E0%A6%B2%E0%A6%BE%E0%A6%A8%E0%A6%BF-%E0%A6%A4%E0%A7%87%E0%A6%B2-%E0%A6%86%E0%A6%AE%E0%A6%A6%E0%A6%BE%E0%A6%A8%E0%A6%BF%E0%A6%B0-%E0%A6%85%E0%A6%A8%E0%A7%81%E0%A6%AE%E0%A7%8B%E0%A6%A6%E0%A6%A8,samakal,bn,https://samakal.com/bangladesh/article/345112/%E0%A6%A6%E0%A7%81%E0%A6%87-%E0%A6%B2%E0%A6%BE%E0%A6%96-%E0%A7%AC%E0%A7%A6-%E0%A6%B9%E0%A6%BE%E0%A6%9C%E0%A6%BE%E0%A6%B0-%E0%A6%9F%E0%A6%A8-%E0%A6%9C%E0%A7%8D%E0%A6%AC%E0%A6%BE%E0%A6%B2%E0%A6%BE%E0%A6%A8%E0%A6%BF-%E0%A6%A4%E0%A7%87%E0%A6%B2-%E0%A6%86%E0%A6%AE%E0%A6%A6%E0%A6%BE%E0%A6%A8%E0%A6%BF%E0%A6%B0-%E0%A6%85%E0%A6%A8%E0%A7%81%E0%A6%AE%E0%A7%8B%E0%A6%A6%E0%A6%A8,2026-04-01,দুই লাখ ৬০ হাজার টন জ্বালানি তেল আমদানির অনুমোদন,2026,16,True,True,1,3,0,0,0,0,1,5,0,0,0,0,0,0,0,0
samakal:https://samakal.com/whole-country/article/345097/%E0%A6%95%E0%A7%83%E0%A6%B7%E0%A6%BF%E0%A6%AE%E0%A6%A8%E0%A7%8D%E0%A6%A4%E0%A7%8D%E0%A6%B0%E0%A7%80%E0%A6%B0-%E0%A6%AB%E0%A7%8B%E0%A6%A8%E0%A7%87%E0%A6%B0-%E0%A6%AA%E0%A6%B0%E0%A6%93-%E0%A6%AE%E0%A6%BF%E0%A6%B2%E0%A6%9B%E0%A7%87-%E0%A6%A8%E0%A6%BE-%E0%A6%A1%E0%A6%BF%E0%A6%9C%E0%A7%87%E0%A6%B2,samakal,bn,https://samakal.com/whole-country/article/345097/%E0%A6%95%E0%A7%83%E0%A6%B7%E0%A6%BF%E0%A6%AE%E0%A6%A8%E0%A7%8D%E0%A6%A4%E0%A7%8D%E0%A6%B0%E0%A7%80%E0%A6%B0-%E0%A6%AB%E0%A7%8B%E0%A6%A8%E0%A7%87%E0%A6%B0-%E0%A6%AA%E0%A6%B0%E0%A6%93-%E0%A6%AE%E0%A6%BF%E0%A6%B2%E0%A6%9B%E0%A7%87-%E0%A6%A8%E0%A6%BE-%E0%A6%A1%E0%A6%BF%E0%A6%9C%E0%A7%87%E0%A6%B2,2026-04-01,কৃষিমন্ত্রীর ফোনের পরও মিলছে না ডিজেল,2026,2,True,True,0,0,0,0,0,0,0,0,0,0,0,0,0,0,0,0
samakal:https://samakal.com/bangladesh/article/345374/%E0%A6%8F%E0%A6%95%E0%A6%A6%E0%A6%BF%E0%A6%A8%E0%A7%87-%E0%A7%A8%E0%A7%AB-%E0%A6%B9%E0%A6%BE%E0%A6%9C%E0%A6%BE%E0%A6%B0-%E0%A6%B2%E0%A6%BF%E0%A6%9F%E0%A6%BE%E0%A6%B0-%E0%A6%9C%E0%A7%8D%E0%A6%AC%E0%A6%BE%E0%A6%B2%E0%A6%BE%E0%A6%A8%E0%A6%BF-%E0%A6%A4%E0%A7%87%E0%A6%B2-%E0%A6%89%E0%A6%A6%E0%A7%8D%E0%A6%A7%E0%A6%BE%E0%A6%B0,samakal,bn,https://samakal.com/bangladesh/article/345374/%E0%A6%8F%E0%A6%95%E0%A6%A6%E0%A6%BF%E0%A6%A8%E0%A7%87-%E0%A7%A8%E0%A7%AB-%E0%A6%B9%E0%A6%BE%E0%A6%9C%E0%A6%BE%E0%A6%B0-%E0%A6%B2%E0%A6%BF%E0%A6%9F%E0%A6%BE%E0%A6%B0-%E0%A6%9C%E0%A7%8D%E0%A6%AC%E0%A6%BE%E0%A6%B2%E0%A6%BE%E0%A6%A8%E0%A6%BF-%E0%A6%A4%E0%A7%87%E0%A6%B2-%E0%A6%89%E0%A6%A6%E0%A7%8D%E0%A6%A7%E0%A6%BE%E0%A6%B0,2026-04-02,একদিনে ২৫ হাজার লিটার জ্বালানি তেল উদ্ধার,2026,22,True,True,0,0,0,0,0,1,0,0,0,0,0,0,0,0,0,0
samakal:https://samakal.com/bangladesh/article/345361/%E0%A6%9C%E0%A7%8D%E0%A6%AC%E0%A6%BE%E0%A6%B2%E0%A6%BE%E0%A6%A8%E0%A6%BF-%E0%A6%B8%E0%A6%82%E0%A6%95%E0%A6%9F-%E0%A6%A8%E0%A6%BF%E0%A7%9F%E0%A7%87-%E0%A6%B8%E0%A6%82%E0%A6%B8%E0%A6%A6%E0%A7%87-%E0%A6%AF%E0%A6%BE-%E0%A6%AC%E0%A6%B2%E0%A6%B2%E0%A7%87%E0%A6%A8-%E0%A6%AE%E0%A6%A8%E0%A7%8D%E0%A6%A4%E0%A7%8D%E0%A6%B0%E0%A7%80,samakal,bn,https://samakal.com/bangladesh/article/345361/%E0%A6%9C%E0%A7%8D%E0%A6%AC%E0%A6%BE%E0%A6%B2%E0%A6%BE%E0%A6%A8%E0%A6%BF-%E0%A6%B8%E0%A6%82%E0%A6%95%E0%A6%9F-%E0%A6%A8%E0%A6%BF%E0%A7%9F%E0%A7%87-%E0%A6%B8%E0%A6%82%E0%A6%B8%E0%A6%A6%E0%A7%87-%E0%A6%AF%E0%A6%BE-%E0%A6%AC%E0%A6%B2%E0%A6%B2%E0%A7%87%E0%A6%A8-%E0%A6%AE%E0%A6%A8%E0%A7%8D%E0%A6%A4%E0%A7%8D%E0%A6%B0%E0%A7%80,2026-04-02,জ্বালানি সংকট নিয়ে সংসদে যা বললেন মন্ত্রী,2026,3,True,True,0,1,0,0,0,0,0,0,0,0,0,0,0,0,0,0
samakal:https://samakal.com/whole-country/article/345357/%E0%A6%AE%E0%A6%A8%E0%A7%8D%E0%A6%A4%E0%A7%8D%E0%A6%B0%E0%A7%80%E0%A6%B0-%E0%A6%A8%E0%A6%BF%E0%A6%B0%E0%A7%8D%E0%A6%A6%E0%A7%87%E0%A6%B6%E0%A7%87-%E0%A6%95%E0%A6%BE%E0%A6%9F%E0%A6%B2-%E0%A6%A1%E0%A6%BF%E0%A6%9C%E0%A7%87%E0%A6%B2-%E0%A6%9C%E0%A6%9F,samakal,bn,https://samakal.com/whole-country/article/345357/%E0%A6%AE%E0%A6%A8%E0%A7%8D%E0%A6%A4%E0%A7%8D%E0%A6%B0%E0%A7%80%E0%A6%B0-%E0%A6%A8%E0%A6%BF%E0%A6%B0%E0%A7%8D%E0%A6%A6%E0%A7%87%E0%A6%B6%E0%A7%87-%E0%A6%95%E0%A6%BE%E0%A6%9F%E0%A6%B2-%E0%A6%A1%E0%A6%BF%E0%A6%9C%E0%A7%87%E0%A6%B2-%E0%A6%9C%E0%A6%9F,2026-04-02,মন্ত্রীর নির্দেশে কাটল ডিজেল জট,2026,3,True,True,0,0,0,0,0,0,0,0,0,0,0,0,0,0,0,0
samakal:https://samakal.com/bangladesh/article/345355/%E0%A6%A6%E0%A7%87%E0%A6%B6%E0%A7%87-%E0%A6%86%E0%A7%9C%E0%A6%BE%E0%A6%87-%E0%A6%B2%E0%A6%BE%E0%A6%96-%E0%A6%AE%E0%A7%87%E0%A6%9F%E0%A7%8D%E0%A6%B0%E0%A6%BF%E0%A6%95-%E0%A6%9F%E0%A6%A8-%E0%A6%9C%E0%A7%8D%E0%A6%AC%E0%A6%BE%E0%A6%B2%E0%A6%BE%E0%A6%A8%E0%A6%BF-%E0%A6%A4%E0%A7%87%E0%A6%B2-%E0%A6%AE%E0%A6%9C%E0%A7%81%E0%A6%A4-%E0%A6%B0%E0%A7%9F%E0%A7%87%E0%A6%9B%E0%A7%87,samakal,bn,https://samakal.com/bangladesh/article/345355/%E0%A6%A6%E0%A7%87%E0%A6%B6%E0%A7%87-%E0%A6%86%E0%A7%9C%E0%A6%BE%E0%A6%87-%E0%A6%B2%E0%A6%BE%E0%A6%96-%E0%A6%AE%E0%A7%87%E0%A6%9F%E0%A7%8D%E0%A6%B0%E0%A6%BF%E0%A6%95-%E0%A6%9F%E0%A6%A8-%E0%A6%9C%E0%A7%8D%E0%A6%AC%E0%A6%BE%E0%A6%B2%E0%A6%BE%E0%A6%A8%E0%A6%BF-%E0%A6%A4%E0%A7%87%E0%A6%B2-%E0%A6%AE%E0%A6%9C%E0%A7%81%E0%A6%A4-%E0%A6%B0%E0%A7%9F%E0%A7%87%E0%A6%9B%E0%A7%87,2026-04-02,দেশে আড়াই লাখ মেট্রিক টন জ্বালানি তেল মজুত রয়েছে,2026,8,True,True,0,0,0,0,0,0,0,0,0,0,0,0,0,0,0,0
samakal:https://samakal.com/bangladesh/article/345336/%E0%A6%9C%E0%A7%8D%E0%A6%AC%E0%A6%BE%E0%A6%B2%E0%A6%BE%E0%A6%A8%E0%A6%BF-%E0%A6%B8%E0%A6%82%E0%A6%95%E0%A6%9F%E0%A7%87-%E0%A6%9F%E0%A7%87%E0%A6%B2%E0%A6%BF%E0%A6%95%E0%A6%AE-%E0%A6%B8%E0%A7%87%E0%A6%AC%E0%A6%BE-%E0%A6%B9%E0%A7%81%E0%A6%AE%E0%A6%95%E0%A6%BF%E0%A6%A4%E0%A7%87-%E0%A6%9C%E0%A6%B0%E0%A7%81%E0%A6%B0%E0%A6%BF-%E0%A6%B8%E0%A6%B9%E0%A6%BE%E0%A7%9F%E0%A6%A4%E0%A6%BE-%E0%A6%9A%E0%A6%BE%E0%A6%87%E0%A6%B2-%E0%A6%AE%E0%A7%8B%E0%A6%AC%E0%A6%BE%E0%A6%87%E0%A6%B2-%E0%A6%85%E0%A6%AA%E0%A6%BE%E0%A6%B0%E0%A7%87%E0%A6%9F%E0%A6%B0%E0%A6%B0%E0%A6%BE,samakal,bn,https://samakal.com/bangladesh/article/345336/%E0%A6%9C%E0%A7%8D%E0%A6%AC%E0%A6%BE%E0%A6%B2%E0%A6%BE%E0%A6%A8%E0%A6%BF-%E0%A6%B8%E0%A6%82%E0%A6%95%E0%A6%9F%E0%A7%87-%E0%A6%9F%E0%A7%87%E0%A6%B2%E0%A6%BF%E0%A6%95%E0%A6%AE-%E0%A6%B8%E0%A7%87%E0%A6%AC%E0%A6%BE-%E0%A6%B9%E0%A7%81%E0%A6%AE%E0%A6%95%E0%A6%BF%E0%A6%A4%E0%A7%87-%E0%A6%9C%E0%A6%B0%E0%A7%81%E0%A6%B0%E0%A6%BF-%E0%A6%B8%E0%A6%B9%E0%A6%BE%E0%A7%9F%E0%A6%A4%E0%A6%BE-%E0%A6%9A%E0%A6%BE%E0%A6%87%E0%A6%B2-%E0%A6%AE%E0%A7%8B%E0%A6%AC%E0%A6%BE%E0%A6%87%E0%A6%B2-%E0%A6%85%E0%A6%AA%E0%A6%BE%E0%A6%B0%E0%A7%87%E0%A6%9F%E0%A6%B0%E0%A6%B0%E0%A6%BE,2026-04-02,"জ্বালানি সংকটে টেলিকম সেবা হুমকিতে, জরুরি সহায়তা চাইল মোবাইল অপারেটররা",2026,4,True,True,0,1,0,0,0,0,0,0,0,0,0,0,0,1,0,0
samakal:https://samakal.com/international/article/345306/%E0%A6%9F%E0%A7%8D%E0%A6%B0%E0%A6%BE%E0%A6%AE%E0%A7%8D%E0%A6%AA%E0%A7%87%E0%A6%B0-%E0%A6%AD%E0%A6%BE%E0%A6%B7%E0%A6%A3%E0%A7%87%E0%A6%B0-%E0%A6%AA%E0%A6%B0-%E0%A6%86%E0%A6%B0%E0%A6%93-%E0%A6%AC%E0%A6%BE%E0%A7%9C%E0%A6%B2-%E0%A6%A4%E0%A7%87%E0%A6%B2%E0%A7%87%E0%A6%B0-%E0%A6%A6%E0%A6%BE%E0%A6%AE,samakal,bn,https://samakal.com/international/article/345306/%E0%A6%9F%E0%A7%8D%E0%A6%B0%E0%A6%BE%E0%A6%AE%E0%A7%8D%E0%A6%AA%E0%A7%87%E0%A6%B0-%E0%A6%AD%E0%A6%BE%E0%A6%B7%E0%A6%A3%E0%A7%87%E0%A6%B0-%E0%A6%AA%E0%A6%B0-%E0%A6%86%E0%A6%B0%E0%A6%93-%E0%A6%AC%E0%A6%BE%E0%A7%9C%E0%A6%B2-%E0%A6%A4%E0%A7%87%E0%A6%B2%E0%A7%87%E0%A6%B0-%E0%A6%A6%E0%A6%BE%E0%A6%AE,2026-04-02,ট্রাম্পের ভাষণের পর আরও বাড়ল তেলের দাম,2026,7,True,True,1,9,0,0,0,0,0,0,0,0,0,0,0,0,0,1
samakal:https://samakal.com/whole-country/article/345548/%E0%A6%9C%E0%A7%8D%E0%A6%AC%E0%A6%BE%E0%A6%B2%E0%A6%BE%E0%A6%A8%E0%A6%BF-%E0%A6%A4%E0%A7%87%E0%A6%B2%E0%A7%87%E0%A6%B0-%E0%A6%A6%E0%A6%BE%E0%A6%AE-%E0%A6%A8%E0%A6%BF%E0%A7%9F%E0%A7%87-%E0%A6%B6%E0%A6%BF%E0%A6%97%E0%A6%97%E0%A6%BF%E0%A6%B0-%E0%A6%B8%E0%A6%BF%E0%A6%A6%E0%A7%8D%E0%A6%A7%E0%A6%BE%E0%A6%A8%E0%A7%8D%E0%A6%A4:-%E0%A6%85%E0%A6%B0%E0%A7%8D%E0%A6%A5%E0%A6%AE%E0%A6%A8%E0%A7%8D%E0%A6%A4%E0%A7%8D%E0%A6%B0%E0%A7%80,samakal,bn,https://samakal.com/whole-country/article/345548/%E0%A6%9C%E0%A7%8D%E0%A6%AC%E0%A6%BE%E0%A6%B2%E0%A6%BE%E0%A6%A8%E0%A6%BF-%E0%A6%A4%E0%A7%87%E0%A6%B2%E0%A7%87%E0%A6%B0-%E0%A6%A6%E0%A6%BE%E0%A6%AE-%E0%A6%A8%E0%A6%BF%E0%A7%9F%E0%A7%87-%E0%A6%B6%E0%A6%BF%E0%A6%97%E0%A6%97%E0%A6%BF%E0%A6%B0-%E0%A6%B8%E0%A6%BF%E0%A6%A6%E0%A7%8D%E0%A6%A7%E0%A6%BE%E0%A6%A8%E0%A7%8D%E0%A6%A4:-%E0%A6%85%E0%A6%B0%E0%A7%8D%E0%A6%A5%E0%A6%AE%E0%A6%A8%E0%A7%8D%E0%A6%A4%E0%A7%8D%E0%A6%B0%E0%A7%80,2026-04-03,জ্বালানি তেলের দাম নিয়ে শিগগির সিদ্ধান্ত: অর্থমন্ত্রী,2026,5,True,True,1,4,0,0,0,0,0,1,0,0,0,0,0,0,0,0
samakal:https://samakal.com/whole-country/article/345543/%E0%A6%9C%E0%A7%8D%E0%A6%AC%E0%A6%BE%E0%A6%B2%E0%A6%BE%E0%A6%A8%E0%A6%BF-%E0%A6%B8%E0%A6%82%E0%A6%95%E0%A6%9F%E0%A7%87-%E0%A6%AC%E0%A6%BF%E0%A6%B6%E0%A7%8D%E0%A6%AC%E0%A6%AC%E0%A7%8D%E0%A6%AF%E0%A6%BE%E0%A6%AA%E0%A7%80-%E0%A6%AF%E0%A7%8B%E0%A6%97%E0%A6%BE%E0%A6%AF%E0%A7%8B%E0%A6%97-%E0%A6%9A%E0%A6%B2%E0%A6%9B%E0%A7%87-%E0%A6%A6%E0%A6%BE%E0%A6%AE-%E0%A6%A8%E0%A6%BF%E0%A7%9F%E0%A7%87-%E0%A6%B6%E0%A6%BF%E0%A6%97%E0%A6%97%E0%A6%BF%E0%A6%B0-%E0%A6%B8%E0%A6%BF%E0%A6%A6%E0%A7%8D%E0%A6%A7%E0%A6%BE%E0%A6%A8%E0%A7%8D%E0%A6%A4:-%E0%A6%85%E0%A6%B0%E0%A7%8D%E0%A6%A5%E0%A6%AE%E0%A6%A8%E0%A7%8D%E0%A6%A4%E0%A7%8D%E0%A6%B0%E0%A7%80,samakal,bn,https://samakal.com/whole-country/article/345543/%E0%A6%9C%E0%A7%8D%E0%A6%AC%E0%A6%BE%E0%A6%B2%E0%A6%BE%E0%A6%A8%E0%A6%BF-%E0%A6%B8%E0%A6%82%E0%A6%95%E0%A6%9F%E0%A7%87-%E0%A6%AC%E0%A6%BF%E0%A6%B6%E0%A7%8D%E0%A6%AC%E0%A6%AC%E0%A7%8D%E0%A6%AF%E0%A6%BE%E0%A6%AA%E0%A7%80-%E0%A6%AF%E0%A7%8B%E0%A6%97%E0%A6%BE%E0%A6%AF%E0%A7%8B%E0%A6%97-%E0%A6%9A%E0%A6%B2%E0%A6%9B%E0%A7%87-%E0%A6%A6%E0%A6%BE%E0%A6%AE-%E0%A6%A8%E0%A6%BF%E0%A7%9F%E0%A7%87-%E0%A6%B6%E0%A6%BF%E0%A6%97%E0%A6%97%E0%A6%BF%E0%A6%B0-%E0%A6%B8%E0%A6%BF%E0%A6%A6%E0%A7%8D%E0%A6%A7%E0%A6%BE%E0%A6%A8%E0%A7%8D%E0%A6%A4:-%E0%A6%85%E0%A6%B0%E0%A7%8D%E0%A6%A5%E0%A6%AE%E0%A6%A8%E0%A7%8D%E0%A6%A4%E0%A7%8D%E0%A6%B0%E0%A7%80,2026-04-03,"জ্বালানি সংকটে বিশ্বব্যাপী যোগাযোগ চলছে, দাম নিয়ে শিগগির সিদ্ধান্ত: অর্থমন্ত্রী",2026,4,True,True,1,3,0,0,0,0,0,1,0,0,0,0,0,0,0,0
samakal:https://samakal.com/bangladesh/article/345529/%E0%A6%AE%E0%A6%A7%E0%A7%8D%E0%A6%AF%E0%A6%AA%E0%A7%8D%E0%A6%B0%E0%A6%BE%E0%A6%9A%E0%A7%8D%E0%A6%AF%E0%A7%87-%E0%A6%B8%E0%A6%82%E0%A6%95%E0%A6%9F%E0%A7%87%E0%A6%B0-%E0%A6%AE%E0%A6%A7%E0%A7%8D%E0%A6%AF%E0%A7%87%E0%A6%93-%E0%A6%9C%E0%A7%8D%E0%A6%AC%E0%A6%BE%E0%A6%B2%E0%A6%BE%E0%A6%A8%E0%A6%BF%E0%A6%B0-%E0%A6%A6%E0%A6%BE%E0%A6%AE-%E0%A6%AC%E0%A6%BE%E0%A7%9C%E0%A6%BE%E0%A7%9F%E0%A6%A8%E0%A6%BF-%E0%A6%AC%E0%A6%BE%E0%A6%82%E0%A6%B2%E0%A6%BE%E0%A6%A6%E0%A7%87%E0%A6%B6:-%E0%A6%AC%E0%A6%AC%E0%A6%BF-%E0%A6%B9%E0%A6%BE%E0%A6%9C%E0%A7%8D%E0%A6%9C%E0%A6%BE%E0%A6%9C,samakal,bn,https://samakal.com/bangladesh/article/345529/%E0%A6%AE%E0%A6%A7%E0%A7%8D%E0%A6%AF%E0%A6%AA%E0%A7%8D%E0%A6%B0%E0%A6%BE%E0%A6%9A%E0%A7%8D%E0%A6%AF%E0%A7%87-%E0%A6%B8%E0%A6%82%E0%A6%95%E0%A6%9F%E0%A7%87%E0%A6%B0-%E0%A6%AE%E0%A6%A7%E0%A7%8D%E0%A6%AF%E0%A7%87%E0%A6%93-%E0%A6%9C%E0%A7%8D%E0%A6%AC%E0%A6%BE%E0%A6%B2%E0%A6%BE%E0%A6%A8%E0%A6%BF%E0%A6%B0-%E0%A6%A6%E0%A6%BE%E0%A6%AE-%E0%A6%AC%E0%A6%BE%E0%A7%9C%E0%A6%BE%E0%A7%9F%E0%A6%A8%E0%A6%BF-%E0%A6%AC%E0%A6%BE%E0%A6%82%E0%A6%B2%E0%A6%BE%E0%A6%A6%E0%A7%87%E0%A6%B6:-%E0%A6%AC%E0%A6%AC%E0%A6%BF-%E0%A6%B9%E0%A6%BE%E0%A6%9C%E0%A7%8D%E0%A6%9C%E0%A6%BE%E0%A6%9C,2026-04-03,মধ্যপ্রাচ্যে সংকটের মধ্যেও জ্বালানির দাম বাড়ায়নি বাংলাদেশ: ববি হাজ্জাজ,2026,1,True,True,1,2,0,0,0,0,0,1,0,0,0,0,0,0,0,0
samakal:https://samakal.com/whole-country/article/345515/%E0%A7%A8%E0%A7%AD-%E0%A6%B9%E0%A6%BE%E0%A6%9C%E0%A6%BE%E0%A6%B0-%E0%A6%9F%E0%A6%A8-%E0%A6%A1%E0%A6%BF%E0%A6%9C%E0%A7%87%E0%A6%B2-%E0%A6%A8%E0%A6%BF%E0%A7%9F%E0%A7%87-%E0%A6%B8%E0%A6%BF%E0%A6%99%E0%A7%8D%E0%A6%97%E0%A6%BE%E0%A6%AA%E0%A7%81%E0%A6%B0-%E0%A6%A5%E0%A7%87%E0%A6%95%E0%A7%87-%E0%A6%8F%E0%A6%B2%E0%A7%8B-%E0%A6%86%E0%A6%B0%E0%A6%93-%E0%A6%8F%E0%A6%95-%E0%A6%9C%E0%A6%BE%E0%A6%B9%E0%A6%BE%E0%A6%9C,samakal,bn,https://samakal.com/whole-country/article/345515/%E0%A7%A8%E0%A7%AD-%E0%A6%B9%E0%A6%BE%E0%A6%9C%E0%A6%BE%E0%A6%B0-%E0%A6%9F%E0%A6%A8-%E0%A6%A1%E0%A6%BF%E0%A6%9C%E0%A7%87%E0%A6%B2-%E0%A6%A8%E0%A6%BF%E0%A7%9F%E0%A7%87-%E0%A6%B8%E0%A6%BF%E0%A6%99%E0%A7%8D%E0%A6%97%E0%A6%BE%E0%A6%AA%E0%A7%81%E0%A6%B0-%E0%A6%A5%E0%A7%87%E0%A6%95%E0%A7%87-%E0%A6%8F%E0%A6%B2%E0%A7%8B-%E0%A6%86%E0%A6%B0%E0%A6%93-%E0%A6%8F%E0%A6%95-%E0%A6%9C%E0%A6%BE%E0%A6%B9%E0%A6%BE%E0%A6%9C,2026-04-03,২৭ হাজার টন ডিজেল নিয়ে সিঙ্গাপুর থেকে এলো আরও এক জাহাজ,2026,10,True,True,0,1,0,0,0,0,0,1,0,0,0,0,0,0,0,0
samakal:https://samakal.com/international/article/345507/%E0%A6%AA%E0%A6%BE%E0%A6%95%E0%A6%BF%E0%A6%B8%E0%A7%8D%E0%A6%A4%E0%A6%BE%E0%A6%A8%E0%A7%87-%E0%A6%8F%E0%A6%95-%E0%A6%B2%E0%A6%BE%E0%A6%AB%E0%A7%87-%E0%A6%9C%E0%A7%8D%E0%A6%AC%E0%A6%BE%E0%A6%B2%E0%A6%BE%E0%A6%A8%E0%A6%BF%E0%A6%B0-%E0%A6%A6%E0%A6%BE%E0%A6%AE-%E0%A6%AC%E0%A6%BE%E0%A7%9C%E0%A6%B2%E0%A7%8B-%E0%A7%AA%E0%A7%A9-%E0%A6%B6%E0%A6%A4%E0%A6%BE%E0%A6%82%E0%A6%B6,samakal,bn,https://samakal.com/international/article/345507/%E0%A6%AA%E0%A6%BE%E0%A6%95%E0%A6%BF%E0%A6%B8%E0%A7%8D%E0%A6%A4%E0%A6%BE%E0%A6%A8%E0%A7%87-%E0%A6%8F%E0%A6%95-%E0%A6%B2%E0%A6%BE%E0%A6%AB%E0%A7%87-%E0%A6%9C%E0%A7%8D%E0%A6%AC%E0%A6%BE%E0%A6%B2%E0%A6%BE%E0%A6%A8%E0%A6%BF%E0%A6%B0-%E0%A6%A6%E0%A6%BE%E0%A6%AE-%E0%A6%AC%E0%A6%BE%E0%A7%9C%E0%A6%B2%E0%A7%8B-%E0%A7%AA%E0%A7%A9-%E0%A6%B6%E0%A6%A4%E0%A6%BE%E0%A6%82%E0%A6%B6,2026-04-03,পাকিস্তানে এক লাফে জ্বালানির দাম বাড়লো ৪৩ শতাংশ,2026,5,True,True,1,9,0,0,0,0,0,0,0,0,0,0,1,5,0,0
samakal:https://samakal.com/whole-country/article/345501/%E0%A6%9A%E0%A6%BE%E0%A6%B7%E0%A6%BF%E0%A6%A6%E0%A7%87%E0%A6%B0-%E0%A6%A8%E0%A6%BF%E0%A6%B0%E0%A6%AC%E0%A6%9A%E0%A7%8D%E0%A6%9B%E0%A6%BF%E0%A6%A8%E0%A7%8D%E0%A6%A8-%E0%A6%A1%E0%A6%BF%E0%A6%9C%E0%A7%87%E0%A6%B2-%E0%A6%AC%E0%A6%BF%E0%A6%A6%E0%A7%8D%E0%A6%AF%E0%A7%81%E0%A7%8E-%E0%A6%A6%E0%A7%87%E0%A6%93%E0%A7%9F%E0%A6%BE-%E0%A6%B9%E0%A6%AC%E0%A7%87:-%E0%A6%AA%E0%A6%BE%E0%A6%A8%E0%A6%BF%E0%A6%B8%E0%A6%AE%E0%A7%8D%E0%A6%AA%E0%A6%A6-%E0%A6%AA%E0%A7%8D%E0%A6%B0%E0%A6%A4%E0%A6%BF%E0%A6%AE%E0%A6%A8%E0%A7%8D%E0%A6%A4%E0%A7%8D%E0%A6%B0%E0%A7%80,samakal,bn,https://samakal.com/whole-country/article/345501/%E0%A6%9A%E0%A6%BE%E0%A6%B7%E0%A6%BF%E0%A6%A6%E0%A7%87%E0%A6%B0-%E0%A6%A8%E0%A6%BF%E0%A6%B0%E0%A6%AC%E0%A6%9A%E0%A7%8D%E0%A6%9B%E0%A6%BF%E0%A6%A8%E0%A7%8D%E0%A6%A8-%E0%A6%A1%E0%A6%BF%E0%A6%9C%E0%A7%87%E0%A6%B2-%E0%A6%AC%E0%A6%BF%E0%A6%A6%E0%A7%8D%E0%A6%AF%E0%A7%81%E0%A7%8E-%E0%A6%A6%E0%A7%87%E0%A6%93%E0%A7%9F%E0%A6%BE-%E0%A6%B9%E0%A6%AC%E0%A7%87:-%E0%A6%AA%E0%A6%BE%E0%A6%A8%E0%A6%BF%E0%A6%B8%E0%A6%AE%E0%A7%8D%E0%A6%AA%E0%A6%A6-%E0%A6%AA%E0%A7%8D%E0%A6%B0%E0%A6%A4%E0%A6%BF%E0%A6%AE%E0%A6%A8%E0%A7%8D%E0%A6%A4%E0%A7%8D%E0%A6%B0%E0%A7%80,2026-04-03,চাষিদের নিরবচ্ছিন্ন ডিজেল-বিদ্যুৎ দেওয়া হবে: পানিসম্পদ প্রতিমন্ত্রী,2026,6,True,True,0,0,0,0,0,1,0,0,0,0,0,0,0,0,0,0
samakal:https://samakal.com/whole-country/article/345484/%E0%A6%AC%E0%A7%8D%E0%A6%AF%E0%A6%AC%E0%A6%B8%E0%A6%BE%E0%A7%9F%E0%A7%80%E0%A6%B0-%E0%A6%A6%E0%A7%8B%E0%A6%95%E0%A6%BE%E0%A6%A8%E0%A7%87-%E0%A6%A8%E0%A6%BE%E0%A6%AE%E0%A6%BE%E0%A6%A8%E0%A7%8B%E0%A6%B0-%E0%A6%B8%E0%A6%AE%E0%A7%9F-%E0%A6%B2%E0%A6%B0%E0%A6%BF%E0%A6%B8%E0%A6%B9-%E0%A6%9C%E0%A6%AC%E0%A7%8D%E0%A6%A6-%E0%A6%B8%E0%A6%BE%E0%A7%9C%E0%A7%87-%E0%A7%AA-%E0%A6%B9%E0%A6%BE%E0%A6%9C%E0%A6%BE%E0%A6%B0-%E0%A6%B2%E0%A6%BF%E0%A6%9F%E0%A6%BE%E0%A6%B0-%E0%A6%A1%E0%A6%BF%E0%A6%9C%E0%A7%87%E0%A6%B2,samakal,bn,https://samakal.com/whole-country/article/345484/%E0%A6%AC%E0%A7%8D%E0%A6%AF%E0%A6%AC%E0%A6%B8%E0%A6%BE%E0%A7%9F%E0%A7%80%E0%A6%B0-%E0%A6%A6%E0%A7%8B%E0%A6%95%E0%A6%BE%E0%A6%A8%E0%A7%87-%E0%A6%A8%E0%A6%BE%E0%A6%AE%E0%A6%BE%E0%A6%A8%E0%A7%8B%E0%A6%B0-%E0%A6%B8%E0%A6%AE%E0%A7%9F-%E0%A6%B2%E0%A6%B0%E0%A6%BF%E0%A6%B8%E0%A6%B9-%E0%A6%9C%E0%A6%AC%E0%A7%8D%E0%A6%A6-%E0%A6%B8%E0%A6%BE%E0%A7%9C%E0%A7%87-%E0%A7%AA-%E0%A6%B9%E0%A6%BE%E0%A6%9C%E0%A6%BE%E0%A6%B0-%E0%A6%B2%E0%A6%BF%E0%A6%9F%E0%A6%BE%E0%A6%B0-%E0%A6%A1%E0%A6%BF%E0%A6%9C%E0%A7%87%E0%A6%B2,2026-04-03,ব্যবসায়ীর দোকানে নামানোর সময় লরিসহ জব্দ সাড়ে ৪ হাজার লিটার ডিজেল,2026,4,True,True,0,0,0,0,0,0,0,0,0,0,0,0,0,0,0,0
samakal:https://samakal.com/whole-country/article/345455/%E0%A6%9C%E0%A7%8D%E0%A6%AC%E0%A6%BE%E0%A6%B2%E0%A6%BE%E0%A6%A8%E0%A6%BF-%E0%A6%B8%E0%A6%82%E0%A6%95%E0%A6%9F%E0%A7%87-%E0%A6%85%E0%A6%A8%E0%A7%81%E0%A6%AE%E0%A7%8B%E0%A6%A6%E0%A6%A8%E0%A6%B9%E0%A7%80%E0%A6%A8-%E0%A6%AF%E0%A6%BE%E0%A6%A8%E0%A6%AC%E0%A6%BE%E0%A6%B9%E0%A6%A8-%E0%A6%9A%E0%A6%B2%E0%A6%BE%E0%A6%9A%E0%A6%B2%E0%A7%87-%E0%A6%A8%E0%A6%BF%E0%A6%B7%E0%A7%87%E0%A6%A7%E0%A6%BE%E0%A6%9C%E0%A7%8D%E0%A6%9E%E0%A6%BE,samakal,bn,https://samakal.com/whole-country/article/345455/%E0%A6%9C%E0%A7%8D%E0%A6%AC%E0%A6%BE%E0%A6%B2%E0%A6%BE%E0%A6%A8%E0%A6%BF-%E0%A6%B8%E0%A6%82%E0%A6%95%E0%A6%9F%E0%A7%87-%E0%A6%85%E0%A6%A8%E0%A7%81%E0%A6%AE%E0%A7%8B%E0%A6%A6%E0%A6%A8%E0%A6%B9%E0%A7%80%E0%A6%A8-%E0%A6%AF%E0%A6%BE%E0%A6%A8%E0%A6%AC%E0%A6%BE%E0%A6%B9%E0%A6%A8-%E0%A6%9A%E0%A6%B2%E0%A6%BE%E0%A6%9A%E0%A6%B2%E0%A7%87-%E0%A6%A8%E0%A6%BF%E0%A6%B7%E0%A7%87%E0%A6%A7%E0%A6%BE%E0%A6%9C%E0%A7%8D%E0%A6%9E%E0%A6%BE,2026-04-03,জ্বালানি সংকটে অনুমোদনহীন যানবাহন চলাচলে নিষেধাজ্ঞা,2026,5,True,True,0,1,0,0,0,0,0,0,0,0,0,0,0,1,0,0
samakal:https://samakal.com/whole-country/article/345450/%E0%A6%9C%E0%A6%BF%E0%A6%95%E0%A7%87-%E0%A6%B8%E0%A7%87%E0%A6%9A-%E0%A6%AA%E0%A7%8D%E0%A6%B0%E0%A6%95%E0%A6%B2%E0%A7%8D%E0%A6%AA-%E0%A6%A4%E0%A6%BF%E0%A6%A8-%E0%A6%9C%E0%A7%87%E0%A6%B2%E0%A6%BE%E0%A7%9F-%E0%A6%95%E0%A6%AE%E0%A6%BF%E0%A7%9F%E0%A7%87%E0%A6%9B%E0%A7%87-%E0%A6%A1%E0%A6%BF%E0%A6%9C%E0%A7%87%E0%A6%B2%E0%A7%87%E0%A6%B0-%E0%A6%9A%E0%A6%BE%E0%A6%AA,samakal,bn,https://samakal.com/whole-country/article/345450/%E0%A6%9C%E0%A6%BF%E0%A6%95%E0%A7%87-%E0%A6%B8%E0%A7%87%E0%A6%9A-%E0%A6%AA%E0%A7%8D%E0%A6%B0%E0%A6%95%E0%A6%B2%E0%A7%8D%E0%A6%AA-%E0%A6%A4%E0%A6%BF%E0%A6%A8-%E0%A6%9C%E0%A7%87%E0%A6%B2%E0%A6%BE%E0%A7%9F-%E0%A6%95%E0%A6%AE%E0%A6%BF%E0%A7%9F%E0%A7%87%E0%A6%9B%E0%A7%87-%E0%A6%A1%E0%A6%BF%E0%A6%9C%E0%A7%87%E0%A6%B2%E0%A7%87%E0%A6%B0-%E0%A6%9A%E0%A6%BE%E0%A6%AA,2026-04-03,জিকে সেচ প্রকল্প তিন জেলায় কমিয়েছে  ডিজেলের চাপ,2026,5,True,True,0,0,0,0,0,0,0,0,0,0,0,0,0,0,0,0
samakal:https://samakal.com/bangladesh/article/345406/%E0%A6%9C%E0%A7%8D%E0%A6%AC%E0%A6%BE%E0%A6%B2%E0%A6%BE%E0%A6%A8%E0%A6%BF-%E0%A6%B8%E0%A6%82%E0%A6%95%E0%A6%9F%E0%A7%87-%E0%A6%9F%E0%A7%87%E0%A6%B2%E0%A6%BF%E0%A6%95%E0%A6%AE-%E0%A6%B8%E0%A7%87%E0%A6%AC%E0%A6%BE-%E0%A6%B9%E0%A7%81%E0%A6%AE%E0%A6%95%E0%A6%BF%E0%A6%A4%E0%A7%87,samakal,bn,https://samakal.com/bangladesh/article/345406/%E0%A6%9C%E0%A7%8D%E0%A6%AC%E0%A6%BE%E0%A6%B2%E0%A6%BE%E0%A6%A8%E0%A6%BF-%E0%A6%B8%E0%A6%82%E0%A6%95%E0%A6%9F%E0%A7%87-%E0%A6%9F%E0%A7%87%E0%A6%B2%E0%A6%BF%E0%A6%95%E0%A6%AE-%E0%A6%B8%E0%A7%87%E0%A6%AC%E0%A6%BE-%E0%A6%B9%E0%A7%81%E0%A6%AE%E0%A6%95%E0%A6%BF%E0%A6%A4%E0%A7%87,2026-04-03,জ্বালানি সংকটে টেলিকম সেবা হুমকিতে,2026,4,True,True,0,1,0,0,0,0,0,0,0,0,0,0,0,1,0,0
samakal:https://samakal.com/economics/article/345698/%E0%A7%A7-%E0%A6%B2%E0%A6%BE%E0%A6%96-%E0%A6%9F%E0%A6%A8-%E0%A6%A1%E0%A6%BF%E0%A6%9C%E0%A7%87%E0%A6%B2-%E0%A6%93-%E0%A7%A8-%E0%A6%95%E0%A6%BE%E0%A6%B0%E0%A7%8D%E0%A6%97%E0%A7%8B-%E0%A6%8F%E0%A6%B2%E0%A6%8F%E0%A6%A8%E0%A6%9C%E0%A6%BF-%E0%A6%86%E0%A6%AE%E0%A6%A6%E0%A6%BE%E0%A6%A8%E0%A6%BF%E0%A6%B0-%E0%A6%AA%E0%A7%8D%E0%A6%B0%E0%A6%B8%E0%A7%8D%E0%A6%A4%E0%A6%BE%E0%A6%AC-%E0%A6%85%E0%A6%A8%E0%A7%81%E0%A6%AE%E0%A7%8B%E0%A6%A6%E0%A6%A8,samakal,bn,https://samakal.com/economics/article/345698/%E0%A7%A7-%E0%A6%B2%E0%A6%BE%E0%A6%96-%E0%A6%9F%E0%A6%A8-%E0%A6%A1%E0%A6%BF%E0%A6%9C%E0%A7%87%E0%A6%B2-%E0%A6%93-%E0%A7%A8-%E0%A6%95%E0%A6%BE%E0%A6%B0%E0%A7%8D%E0%A6%97%E0%A7%8B-%E0%A6%8F%E0%A6%B2%E0%A6%8F%E0%A6%A8%E0%A6%9C%E0%A6%BF-%E0%A6%86%E0%A6%AE%E0%A6%A6%E0%A6%BE%E0%A6%A8%E0%A6%BF%E0%A6%B0-%E0%A6%AA%E0%A7%8D%E0%A6%B0%E0%A6%B8%E0%A7%8D%E0%A6%A4%E0%A6%BE%E0%A6%AC-%E0%A6%85%E0%A6%A8%E0%A7%81%E0%A6%AE%E0%A7%8B%E0%A6%A6%E0%A6%A8,2026-04-04,১ লাখ টন ডিজেল ও ২ কার্গো এলএনজি আমদানির প্রস্তাব অনুমোদন,2026,10,True,True,1,2,0,0,0,0,0,0,0,0,0,0,0,0,0,0
samakal:https://samakal.com/bangladesh/article/345643/%E0%A6%AE%E0%A6%BE%E0%A6%B2%E0%A7%9F%E0%A7%87%E0%A6%B6%E0%A6%BF%E0%A7%9F%E0%A6%BE-%E0%A6%A5%E0%A7%87%E0%A6%95%E0%A7%87-%E0%A6%8F%E0%A6%B8%E0%A7%87%E0%A6%9B%E0%A7%87-%E0%A7%A9%E0%A7%AA-%E0%A6%B9%E0%A6%BE%E0%A6%9C%E0%A6%BE%E0%A6%B0-%E0%A6%9F%E0%A6%A8-%E0%A6%A1%E0%A6%BF%E0%A6%9C%E0%A7%87%E0%A6%B2,samakal,bn,https://samakal.com/bangladesh/article/345643/%E0%A6%AE%E0%A6%BE%E0%A6%B2%E0%A7%9F%E0%A7%87%E0%A6%B6%E0%A6%BF%E0%A7%9F%E0%A6%BE-%E0%A6%A5%E0%A7%87%E0%A6%95%E0%A7%87-%E0%A6%8F%E0%A6%B8%E0%A7%87%E0%A6%9B%E0%A7%87-%E0%A7%A9%E0%A7%AA-%E0%A6%B9%E0%A6%BE%E0%A6%9C%E0%A6%BE%E0%A6%B0-%E0%A6%9F%E0%A6%A8-%E0%A6%A1%E0%A6%BF%E0%A6%9C%E0%A7%87%E0%A6%B2,2026-04-04,মালয়েশিয়া থেকে এসেছে ৩৪ হাজার টন ডিজেল,2026,8,True,True,0,1,0,0,0,0,0,1,0,0,0,0,0,0,0,0
samakal:https://samakal.com/whole-country/article/345582/%E0%A6%B8%E0%A6%BF%E0%A6%A8%E0%A7%8D%E0%A6%A1%E0%A6%BF%E0%A6%95%E0%A7%87%E0%A6%9F-%E0%A6%95%E0%A6%B0%E0%A7%87-%E0%A6%9C%E0%A7%8D%E0%A6%AC%E0%A6%BE%E0%A6%B2%E0%A6%BE%E0%A6%A8%E0%A6%BF-%E0%A6%A4%E0%A7%87%E0%A6%B2-%E0%A6%A6%E0%A6%BE%E0%A6%AE-%E0%A6%AC%E0%A7%83%E0%A6%A6%E0%A7%8D%E0%A6%A7%E0%A6%BF%E0%A6%B0-%E0%A6%85%E0%A6%AD%E0%A6%BF%E0%A6%AF%E0%A7%8B%E0%A6%97,samakal,bn,https://samakal.com/whole-country/article/345582/%E0%A6%B8%E0%A6%BF%E0%A6%A8%E0%A7%8D%E0%A6%A1%E0%A6%BF%E0%A6%95%E0%A7%87%E0%A6%9F-%E0%A6%95%E0%A6%B0%E0%A7%87-%E0%A6%9C%E0%A7%8D%E0%A6%AC%E0%A6%BE%E0%A6%B2%E0%A6%BE%E0%A6%A8%E0%A6%BF-%E0%A6%A4%E0%A7%87%E0%A6%B2-%E0%A6%A6%E0%A6%BE%E0%A6%AE-%E0%A6%AC%E0%A7%83%E0%A6%A6%E0%A7%8D%E0%A6%A7%E0%A6%BF%E0%A6%B0-%E0%A6%85%E0%A6%AD%E0%A6%BF%E0%A6%AF%E0%A7%8B%E0%A6%97,2026-04-04,সিন্ডিকেট করে জ্বালানি তেল দাম বৃদ্ধির অভিযোগ,2026,13,True,True,0,0,0,0,1,3,0,0,0,1,0,1,0,0,0,0
samakal:https://samakal.com/whole-country/article/345557/%E0%A6%86%E0%A6%AE%E0%A7%87%E0%A6%B0%E0%A6%BF%E0%A6%95%E0%A6%BE%E0%A7%9F-%E0%A6%9C%E0%A7%8D%E0%A6%AC%E0%A6%BE%E0%A6%B2%E0%A6%BE%E0%A6%A8%E0%A6%BF%E0%A6%B0-%E0%A6%A6%E0%A6%BE%E0%A6%AE-%E0%A6%AC%E0%A6%BE%E0%A7%9C%E0%A6%B2%E0%A7%87%E0%A6%93-%E0%A6%AC%E0%A6%BE%E0%A6%82%E0%A6%B2%E0%A6%BE%E0%A6%A6%E0%A7%87%E0%A6%B6%E0%A7%87-%E0%A6%AC%E0%A6%BE%E0%A7%9C%E0%A7%87%E0%A6%A8%E0%A6%BF:-%E0%A6%AC%E0%A6%BE%E0%A6%A3%E0%A6%BF%E0%A6%9C%E0%A7%8D%E0%A6%AF%E0%A6%AE%E0%A6%A8%E0%A7%8D%E0%A6%A4%E0%A7%8D%E0%A6%B0%E0%A7%80,samakal,bn,https://samakal.com/whole-country/article/345557/%E0%A6%86%E0%A6%AE%E0%A7%87%E0%A6%B0%E0%A6%BF%E0%A6%95%E0%A6%BE%E0%A7%9F-%E0%A6%9C%E0%A7%8D%E0%A6%AC%E0%A6%BE%E0%A6%B2%E0%A6%BE%E0%A6%A8%E0%A6%BF%E0%A6%B0-%E0%A6%A6%E0%A6%BE%E0%A6%AE-%E0%A6%AC%E0%A6%BE%E0%A7%9C%E0%A6%B2%E0%A7%87%E0%A6%93-%E0%A6%AC%E0%A6%BE%E0%A6%82%E0%A6%B2%E0%A6%BE%E0%A6%A6%E0%A7%87%E0%A6%B6%E0%A7%87-%E0%A6%AC%E0%A6%BE%E0%A7%9C%E0%A7%87%E0%A6%A8%E0%A6%BF:-%E0%A6%AC%E0%A6%BE%E0%A6%A3%E0%A6%BF%E0%A6%9C%E0%A7%8D%E0%A6%AF%E0%A6%AE%E0%A6%A8%E0%A7%8D%E0%A6%A4%E0%A7%8D%E0%A6%B0%E0%A7%80,2026-04-04,আমেরিকায় জ্বালানির দাম বাড়লেও বাংলাদেশে বাড়েনি: বাণিজ্যমন্ত্রী,2026,3,True,True,1,2,0,0,0,0,0,0,0,0,0,0,0,0,0,0
samakal:https://samakal.com/bangladesh/article/345800/%E0%A6%9C%E0%A7%8D%E0%A6%AC%E0%A6%BE%E0%A6%B2%E0%A6%BE%E0%A6%A8%E0%A6%BF-%E0%A6%B8%E0%A6%82%E0%A6%95%E0%A6%9F%E0%A7%87-%E0%A6%AC%E0%A6%A6%E0%A6%B2%E0%A7%87-%E0%A6%AF%E0%A6%BE%E0%A6%9A%E0%A7%8D%E0%A6%9B%E0%A7%87-%E0%A6%9C%E0%A7%80%E0%A6%AC%E0%A6%A8%E0%A6%AF%E0%A6%BE%E0%A6%A4%E0%A7%8D%E0%A6%B0%E0%A6%BE,samakal,bn,https://samakal.com/bangladesh/article/345800/%E0%A6%9C%E0%A7%8D%E0%A6%AC%E0%A6%BE%E0%A6%B2%E0%A6%BE%E0%A6%A8%E0%A6%BF-%E0%A6%B8%E0%A6%82%E0%A6%95%E0%A6%9F%E0%A7%87-%E0%A6%AC%E0%A6%A6%E0%A6%B2%E0%A7%87-%E0%A6%AF%E0%A6%BE%E0%A6%9A%E0%A7%8D%E0%A6%9B%E0%A7%87-%E0%A6%9C%E0%A7%80%E0%A6%AC%E0%A6%A8%E0%A6%AF%E0%A6%BE%E0%A6%A4%E0%A7%8D%E0%A6%B0%E0%A6%BE,2026-04-05,জ্বালানি সংকটে বদলে যাচ্ছে জীবনযাত্রা,2026,10,True,True,0,0,0,0,0,0,0,0,0,0,0,0,0,0,0,0
samakal:https://samakal.com/bangladesh/article/345799/%E0%A6%9C%E0%A7%8D%E0%A6%AC%E0%A6%BE%E0%A6%B2%E0%A6%BE%E0%A6%A8%E0%A6%BF-%E0%A6%A4%E0%A7%87%E0%A6%B2%E0%A7%87%E0%A6%B0-%E0%A6%B2%E0%A6%BE%E0%A6%87%E0%A6%A8%E0%A7%87%E0%A6%87-%E0%A6%B8%E0%A6%AC-%E0%A6%B8%E0%A6%AE%E0%A7%9F-%E0%A6%9A%E0%A6%B2%E0%A7%87-%E0%A6%AF%E0%A6%BE%E0%A6%9A%E0%A7%8D%E0%A6%9B%E0%A7%87,samakal,bn,https://samakal.com/bangladesh/article/345799/%E0%A6%9C%E0%A7%8D%E0%A6%AC%E0%A6%BE%E0%A6%B2%E0%A6%BE%E0%A6%A8%E0%A6%BF-%E0%A6%A4%E0%A7%87%E0%A6%B2%E0%A7%87%E0%A6%B0-%E0%A6%B2%E0%A6%BE%E0%A6%87%E0%A6%A8%E0%A7%87%E0%A6%87-%E0%A6%B8%E0%A6%AC-%E0%A6%B8%E0%A6%AE%E0%A7%9F-%E0%A6%9A%E0%A6%B2%E0%A7%87-%E0%A6%AF%E0%A6%BE%E0%A6%9A%E0%A7%8D%E0%A6%9B%E0%A7%87,2026-04-05,জ্বালানি তেলের লাইনেই সব সময় চলে যাচ্ছে,2026,7,True,True,0,0,0,0,1,2,0,0,0,0,0,0,0,0,0,0
samakal:https://samakal.com/bangladesh/article/345768/%E0%A6%AF%E0%A7%81%E0%A6%A6%E0%A7%8D%E0%A6%A7-%E0%A6%A6%E0%A7%80%E0%A6%B0%E0%A7%8D%E0%A6%98-%E0%A6%B9%E0%A6%B2%E0%A7%87-%E0%A6%9C%E0%A7%8D%E0%A6%AC%E0%A6%BE%E0%A6%B2%E0%A6%BE%E0%A6%A8%E0%A6%BF%E0%A6%B0-%E0%A6%A6%E0%A6%BE%E0%A6%AE-%E0%A6%AC%E0%A6%BE%E0%A7%9C%E0%A6%AC%E0%A7%87,samakal,bn,https://samakal.com/bangladesh/article/345768/%E0%A6%AF%E0%A7%81%E0%A6%A6%E0%A7%8D%E0%A6%A7-%E0%A6%A6%E0%A7%80%E0%A6%B0%E0%A7%8D%E0%A6%98-%E0%A6%B9%E0%A6%B2%E0%A7%87-%E0%A6%9C%E0%A7%8D%E0%A6%AC%E0%A6%BE%E0%A6%B2%E0%A6%BE%E0%A6%A8%E0%A6%BF%E0%A6%B0-%E0%A6%A6%E0%A6%BE%E0%A6%AE-%E0%A6%AC%E0%A6%BE%E0%A7%9C%E0%A6%AC%E0%A7%87,2026-04-05,যুদ্ধ দীর্ঘ হলে জ্বালানির দাম বাড়বে,2026,3,True,True,1,4,0,0,0,0,0,0,0,0,0,0,0,1,0,0
samakal:https://samakal.com/whole-country/article/345715/%E0%A6%B0%E0%A6%BE%E0%A6%9C%E0%A6%AC%E0%A6%BE%E0%A7%9C%E0%A7%80%E0%A6%A4%E0%A7%87-%E0%A6%AC%E0%A7%8B%E0%A6%A4%E0%A6%B2%E0%A6%9C%E0%A6%BE%E0%A6%A4-%E0%A6%B8%E0%A7%9F%E0%A6%BE%E0%A6%AC%E0%A6%BF%E0%A6%A8-%E0%A6%A4%E0%A7%87%E0%A6%B2%E0%A7%87%E0%A6%B0-%E0%A6%B8%E0%A6%82%E0%A6%95%E0%A6%9F-%E0%A6%AC%E0%A7%87%E0%A7%9C%E0%A7%87%E0%A6%9B%E0%A7%87-%E0%A6%96%E0%A7%8B%E0%A6%B2%E0%A6%BE-%E0%A6%A4%E0%A7%87%E0%A6%B2%E0%A7%87%E0%A6%B0-%E0%A6%A6%E0%A6%BE%E0%A6%AE,samakal,bn,https://samakal.com/whole-country/article/345715/%E0%A6%B0%E0%A6%BE%E0%A6%9C%E0%A6%AC%E0%A6%BE%E0%A7%9C%E0%A7%80%E0%A6%A4%E0%A7%87-%E0%A6%AC%E0%A7%8B%E0%A6%A4%E0%A6%B2%E0%A6%9C%E0%A6%BE%E0%A6%A4-%E0%A6%B8%E0%A7%9F%E0%A6%BE%E0%A6%AC%E0%A6%BF%E0%A6%A8-%E0%A6%A4%E0%A7%87%E0%A6%B2%E0%A7%87%E0%A6%B0-%E0%A6%B8%E0%A6%82%E0%A6%95%E0%A6%9F-%E0%A6%AC%E0%A7%87%E0%A7%9C%E0%A7%87%E0%A6%9B%E0%A7%87-%E0%A6%96%E0%A7%8B%E0%A6%B2%E0%A6%BE-%E0%A6%A4%E0%A7%87%E0%A6%B2%E0%A7%87%E0%A6%B0-%E0%A6%A6%E0%A6%BE%E0%A6%AE,2026-04-05,"রাজবাড়ীতে বোতলজাত সয়াবিন তেলের সংকট, বেড়েছে খোলা তেলের দাম",2026,3,True,True,0,0,0,0,0,0,0,0,0,0,0,0,0,0,0,0
samakal:https://samakal.com/bangladesh/article/345960/%E0%A6%9C%E0%A7%8D%E0%A6%AC%E0%A6%BE%E0%A6%B2%E0%A6%BE%E0%A6%A8%E0%A6%BF-%E0%A6%A4%E0%A7%87%E0%A6%B2%E0%A7%87%E0%A6%B0-%E0%A6%9C%E0%A6%A8%E0%A7%8D%E0%A6%AF-%E0%A6%8F%E0%A6%96%E0%A6%A8%E0%A6%93-%E0%A6%A6%E0%A7%80%E0%A6%B0%E0%A7%8D%E0%A6%98-%E0%A6%B2%E0%A6%BE%E0%A6%87%E0%A6%A8-%E0%A6%A6%E0%A7%81%E0%A6%B0%E0%A7%8D%E0%A6%AD%E0%A7%8B%E0%A6%97,samakal,bn,https://samakal.com/bangladesh/article/345960/%E0%A6%9C%E0%A7%8D%E0%A6%AC%E0%A6%BE%E0%A6%B2%E0%A6%BE%E0%A6%A8%E0%A6%BF-%E0%A6%A4%E0%A7%87%E0%A6%B2%E0%A7%87%E0%A6%B0-%E0%A6%9C%E0%A6%A8%E0%A7%8D%E0%A6%AF-%E0%A6%8F%E0%A6%96%E0%A6%A8%E0%A6%93-%E0%A6%A6%E0%A7%80%E0%A6%B0%E0%A7%8D%E0%A6%98-%E0%A6%B2%E0%A6%BE%E0%A6%87%E0%A6%A8-%E0%A6%A6%E0%A7%81%E0%A6%B0%E0%A7%8D%E0%A6%AD%E0%A7%8B%E0%A6%97,2026-04-06,"জ্বালানি তেলের জন্য এখনও দীর্ঘ লাইন, দুর্ভোগ",2026,6,True,True,1,2,0,0,0,0,0,0,0,0,0,1,0,0,0,0
samakal:https://samakal.com/bangladesh/article/345893/%E0%A6%9C%E0%A7%8D%E0%A6%AC%E0%A6%BE%E0%A6%B2%E0%A6%BE%E0%A6%A8%E0%A6%BF-%E0%A6%B8%E0%A6%82%E0%A6%95%E0%A6%9F%E0%A7%87-%E0%A6%95%E0%A6%AE%E0%A7%87%E0%A6%9B%E0%A7%87-%E0%A6%AF%E0%A6%BE%E0%A6%A8-%E0%A6%9A%E0%A6%B2%E0%A6%BE%E0%A6%9A%E0%A6%B2-%E0%A6%AC%E0%A7%87%E0%A7%9C%E0%A7%87%E0%A6%9B%E0%A7%87-%E0%A6%AD%E0%A6%BE%E0%A7%9C%E0%A6%BE,samakal,bn,https://samakal.com/bangladesh/article/345893/%E0%A6%9C%E0%A7%8D%E0%A6%AC%E0%A6%BE%E0%A6%B2%E0%A6%BE%E0%A6%A8%E0%A6%BF-%E0%A6%B8%E0%A6%82%E0%A6%95%E0%A6%9F%E0%A7%87-%E0%A6%95%E0%A6%AE%E0%A7%87%E0%A6%9B%E0%A7%87-%E0%A6%AF%E0%A6%BE%E0%A6%A8-%E0%A6%9A%E0%A6%B2%E0%A6%BE%E0%A6%9A%E0%A6%B2-%E0%A6%AC%E0%A7%87%E0%A7%9C%E0%A7%87%E0%A6%9B%E0%A7%87-%E0%A6%AD%E0%A6%BE%E0%A7%9C%E0%A6%BE,2026-04-06,"জ্বালানি সংকটে কমেছে যান চলাচল, বেড়েছে ভাড়া",2026,10,True,True,0,0,0,0,0,0,0,0,0,0,0,0,1,2,0,0
samakal:https://samakal.com/bangladesh/article/346138/%E0%A6%9C%E0%A7%8D%E0%A6%AC%E0%A6%BE%E0%A6%B2%E0%A6%BE%E0%A6%A8%E0%A6%BF-%E0%A6%A4%E0%A7%87%E0%A6%B2%E0%A7%87%E0%A6%B0-%E0%A6%A6%E0%A6%BE%E0%A6%AE-%E0%A6%AA%E0%A7%8D%E0%A6%B0%E0%A7%9F%E0%A7%8B%E0%A6%9C%E0%A6%A8%E0%A7%87-%E0%A6%AC%E0%A6%BE%E0%A7%9C%E0%A6%BE%E0%A6%A8%E0%A7%8B%E0%A6%B0-%E0%A6%9A%E0%A6%BF%E0%A6%A8%E0%A7%8D%E0%A6%A4%E0%A6%BE-%E0%A6%95%E0%A6%B0%E0%A6%AC%E0%A7%87-%E0%A6%B8%E0%A6%B0%E0%A6%95%E0%A6%BE%E0%A6%B0-%E0%A6%9C%E0%A6%BE%E0%A6%A8%E0%A6%BE%E0%A6%B2%E0%A7%87%E0%A6%A8-%E0%A6%AE%E0%A6%A8%E0%A7%8D%E0%A6%A4%E0%A7%8D%E0%A6%B0%E0%A7%80,samakal,bn,https://samakal.com/bangladesh/article/346138/%E0%A6%9C%E0%A7%8D%E0%A6%AC%E0%A6%BE%E0%A6%B2%E0%A6%BE%E0%A6%A8%E0%A6%BF-%E0%A6%A4%E0%A7%87%E0%A6%B2%E0%A7%87%E0%A6%B0-%E0%A6%A6%E0%A6%BE%E0%A6%AE-%E0%A6%AA%E0%A7%8D%E0%A6%B0%E0%A7%9F%E0%A7%8B%E0%A6%9C%E0%A6%A8%E0%A7%87-%E0%A6%AC%E0%A6%BE%E0%A7%9C%E0%A6%BE%E0%A6%A8%E0%A7%8B%E0%A6%B0-%E0%A6%9A%E0%A6%BF%E0%A6%A8%E0%A7%8D%E0%A6%A4%E0%A6%BE-%E0%A6%95%E0%A6%B0%E0%A6%AC%E0%A7%87-%E0%A6%B8%E0%A6%B0%E0%A6%95%E0%A6%BE%E0%A6%B0-%E0%A6%9C%E0%A6%BE%E0%A6%A8%E0%A6%BE%E0%A6%B2%E0%A7%87%E0%A6%A8-%E0%A6%AE%E0%A6%A8%E0%A7%8D%E0%A6%A4%E0%A7%8D%E0%A6%B0%E0%A7%80,2026-04-07,"জ্বালানি তেলের দাম প্রয়োজনে বাড়ানোর চিন্তা করবে সরকার, জানালেন মন্ত্রী",2026,21,True,True,1,4,0,0,1,2,0,0,0,0,0,0,0,0,0,0
samakal:https://samakal.com/whole-country/article/346106/%E0%A6%85%E0%A7%8D%E0%A6%AF%E0%A6%BE%E0%A6%AA%E0%A7%87-%E0%A6%A8%E0%A6%BF%E0%A6%AC%E0%A6%A8%E0%A7%8D%E0%A6%A7%E0%A6%BF%E0%A6%A4-%E0%A6%97%E0%A7%8D%E0%A6%B0%E0%A6%BE%E0%A6%B9%E0%A6%95%E0%A6%B0%E0%A6%BE-%E0%A6%AA%E0%A6%BE%E0%A6%AC%E0%A7%87%E0%A6%A8-%E0%A6%9C%E0%A7%8D%E0%A6%AC%E0%A6%BE%E0%A6%B2%E0%A6%BE%E0%A6%A8%E0%A6%BF-%E0%A6%A4%E0%A7%87%E0%A6%B2,samakal,bn,https://samakal.com/whole-country/article/346106/%E0%A6%85%E0%A7%8D%E0%A6%AF%E0%A6%BE%E0%A6%AA%E0%A7%87-%E0%A6%A8%E0%A6%BF%E0%A6%AC%E0%A6%A8%E0%A7%8D%E0%A6%A7%E0%A6%BF%E0%A6%A4-%E0%A6%97%E0%A7%8D%E0%A6%B0%E0%A6%BE%E0%A6%B9%E0%A6%95%E0%A6%B0%E0%A6%BE-%E0%A6%AA%E0%A6%BE%E0%A6%AC%E0%A7%87%E0%A6%A8-%E0%A6%9C%E0%A7%8D%E0%A6%AC%E0%A6%BE%E0%A6%B2%E0%A6%BE%E0%A6%A8%E0%A6%BF-%E0%A6%A4%E0%A7%87%E0%A6%B2,2026-04-07,অ্যাপে নিবন্ধিত গ্রাহকরা পাবেন জ্বালানি তেল,2026,12,True,True,0,0,0,0,0,0,0,0,0,0,0,0,0,0,0,0
samakal:https://samakal.com/whole-country/article/346375/%E0%A6%AE%E0%A7%81%E0%A6%A8%E0%A7%8D%E0%A6%B8%E0%A7%80%E0%A6%97%E0%A6%9E%E0%A7%8D%E0%A6%9C%E0%A7%87-%E0%A6%9C%E0%A7%8D%E0%A6%AC%E0%A6%BE%E0%A6%B2%E0%A6%BE%E0%A6%A8%E0%A6%BF-%E0%A6%A4%E0%A7%87%E0%A6%B2-%E0%A6%A8%E0%A6%BF%E0%A7%9F%E0%A7%87-%E0%A6%AB%E0%A6%BF%E0%A6%B2%E0%A6%BF%E0%A6%82%E0%A6%B8%E0%A7%8D%E0%A6%9F%E0%A7%87%E0%A6%B6%E0%A6%A8%E0%A7%87-%E0%A6%B8%E0%A6%82%E0%A6%98%E0%A6%B0%E0%A7%8D%E0%A6%B7-%E0%A6%86%E0%A6%B9%E0%A6%A4-%E0%A7%A9,samakal,bn,https://samakal.com/whole-country/article/346375/%E0%A6%AE%E0%A7%81%E0%A6%A8%E0%A7%8D%E0%A6%B8%E0%A7%80%E0%A6%97%E0%A6%9E%E0%A7%8D%E0%A6%9C%E0%A7%87-%E0%A6%9C%E0%A7%8D%E0%A6%AC%E0%A6%BE%E0%A6%B2%E0%A6%BE%E0%A6%A8%E0%A6%BF-%E0%A6%A4%E0%A7%87%E0%A6%B2-%E0%A6%A8%E0%A6%BF%E0%A7%9F%E0%A7%87-%E0%A6%AB%E0%A6%BF%E0%A6%B2%E0%A6%BF%E0%A6%82%E0%A6%B8%E0%A7%8D%E0%A6%9F%E0%A7%87%E0%A6%B6%E0%A6%A8%E0%A7%87-%E0%A6%B8%E0%A6%82%E0%A6%98%E0%A6%B0%E0%A7%8D%E0%A6%B7-%E0%A6%86%E0%A6%B9%E0%A6%A4-%E0%A7%A9,2026-04-08,"মুন্সীগঞ্জে জ্বালানি তেল নিয়ে ফিলিংস্টেশনে সংঘর্ষ, আহত ৩",2026,5,True,True,0,0,0,0,0,0,0,0,0,0,0,0,0,0,0,0
samakal:https://samakal.com/economics/article/346320/%E0%A6%86%E0%A6%B0%E0%A6%93-%E0%A7%A9-%E0%A6%B2%E0%A6%BE%E0%A6%96-%E0%A6%9F%E0%A6%A8-%E0%A6%A1%E0%A6%BF%E0%A6%9C%E0%A7%87%E0%A6%B2-%E0%A6%86%E0%A6%AE%E0%A6%A6%E0%A6%BE%E0%A6%A8%E0%A6%BF%E0%A6%B0-%E0%A6%85%E0%A6%A8%E0%A7%81%E0%A6%AE%E0%A7%8B%E0%A6%A6%E0%A6%A8,samakal,bn,https://samakal.com/economics/article/346320/%E0%A6%86%E0%A6%B0%E0%A6%93-%E0%A7%A9-%E0%A6%B2%E0%A6%BE%E0%A6%96-%E0%A6%9F%E0%A6%A8-%E0%A6%A1%E0%A6%BF%E0%A6%9C%E0%A7%87%E0%A6%B2-%E0%A6%86%E0%A6%AE%E0%A6%A6%E0%A6%BE%E0%A6%A8%E0%A6%BF%E0%A6%B0-%E0%A6%85%E0%A6%A8%E0%A7%81%E0%A6%AE%E0%A7%8B%E0%A6%A6%E0%A6%A8,2026-04-08,আরও ৩ লাখ টন ডিজেল আমদানির অনুমোদন,2026,8,True,True,1,3,0,0,0,0,0,0,0,0,0,0,0,0,0,0
samakal:https://samakal.com/international/article/346285/%E0%A6%B9%E0%A6%B0%E0%A6%AE%E0%A7%81%E0%A6%9C-%E0%A6%AA%E0%A7%8D%E0%A6%B0%E0%A6%A3%E0%A6%BE%E0%A6%B2%E0%A6%BF-%E0%A6%96%E0%A7%8B%E0%A6%B2%E0%A6%BE%E0%A6%B0-%E0%A6%96%E0%A6%AC%E0%A6%B0%E0%A7%87-%E0%A6%95%E0%A6%AE%E0%A6%A4%E0%A7%87-%E0%A6%B6%E0%A7%81%E0%A6%B0%E0%A7%81-%E0%A6%95%E0%A6%B0%E0%A7%87%E0%A6%9B%E0%A7%87-%E0%A6%A4%E0%A7%87%E0%A6%B2%E0%A7%87%E0%A6%B0-%E0%A6%A6%E0%A6%BE%E0%A6%AE,samakal,bn,https://samakal.com/international/article/346285/%E0%A6%B9%E0%A6%B0%E0%A6%AE%E0%A7%81%E0%A6%9C-%E0%A6%AA%E0%A7%8D%E0%A6%B0%E0%A6%A3%E0%A6%BE%E0%A6%B2%E0%A6%BF-%E0%A6%96%E0%A7%8B%E0%A6%B2%E0%A6%BE%E0%A6%B0-%E0%A6%96%E0%A6%AC%E0%A6%B0%E0%A7%87-%E0%A6%95%E0%A6%AE%E0%A6%A4%E0%A7%87-%E0%A6%B6%E0%A7%81%E0%A6%B0%E0%A7%81-%E0%A6%95%E0%A6%B0%E0%A7%87%E0%A6%9B%E0%A7%87-%E0%A6%A4%E0%A7%87%E0%A6%B2%E0%A7%87%E0%A6%B0-%E0%A6%A6%E0%A6%BE%E0%A6%AE,2026-04-08,হরমুজ প্রণালি খোলার খবরে কমতে শুরু করেছে তেলের দাম,2026,7,True,True,1,43,1,2,0,0,0,0,0,0,0,0,0,0,0,1
samakal:https://samakal.com/opinion/article/346228/%E0%A6%85%E0%A6%B0%E0%A7%8D%E0%A6%A5%E0%A6%A8%E0%A7%80%E0%A6%A4%E0%A6%BF-%E0%A6%AF%E0%A6%96%E0%A6%A8-%E0%A6%9C%E0%A7%9C%E0%A6%BF%E0%A7%9F%E0%A7%87-%E0%A6%AF%E0%A6%BE%E0%A6%9A%E0%A7%8D%E0%A6%9B%E0%A7%87-%E0%A6%9C%E0%A7%8D%E0%A6%AC%E0%A6%BE%E0%A6%B2%E0%A6%BE%E0%A6%A8%E0%A6%BF-%E0%A6%B8%E0%A6%82%E0%A6%95%E0%A6%9F%E0%A7%87,samakal,bn,https://samakal.com/opinion/article/346228/%E0%A6%85%E0%A6%B0%E0%A7%8D%E0%A6%A5%E0%A6%A8%E0%A7%80%E0%A6%A4%E0%A6%BF-%E0%A6%AF%E0%A6%96%E0%A6%A8-%E0%A6%9C%E0%A7%9C%E0%A6%BF%E0%A7%9F%E0%A7%87-%E0%A6%AF%E0%A6%BE%E0%A6%9A%E0%A7%8D%E0%A6%9B%E0%A7%87-%E0%A6%9C%E0%A7%8D%E0%A6%AC%E0%A6%BE%E0%A6%B2%E0%A6%BE%E0%A6%A8%E0%A6%BF-%E0%A6%B8%E0%A6%82%E0%A6%95%E0%A6%9F%E0%A7%87,2026-04-08,অর্থনীতি যখন জড়িয়ে যাচ্ছে জ্বালানি সংকটে,2026,19,True,True,1,15,1,2,0,0,0,1,0,0,0,1,1,3,0,0
samakal:https://samakal.com/bangladesh/article/346443/%E0%A6%86%E0%A6%B0%E0%A6%93-%E0%A6%A1%E0%A6%BF%E0%A6%9C%E0%A7%87%E0%A6%B2-%E0%A6%93-%E0%A6%9F%E0%A6%BF%E0%A6%95%E0%A6%BE-%E0%A6%95%E0%A7%87%E0%A6%A8%E0%A6%BE%E0%A6%B0-%E0%A6%85%E0%A6%A8%E0%A7%81%E0%A6%AE%E0%A7%8B%E0%A6%A6%E0%A6%A8,samakal,bn,https://samakal.com/bangladesh/article/346443/%E0%A6%86%E0%A6%B0%E0%A6%93-%E0%A6%A1%E0%A6%BF%E0%A6%9C%E0%A7%87%E0%A6%B2-%E0%A6%93-%E0%A6%9F%E0%A6%BF%E0%A6%95%E0%A6%BE-%E0%A6%95%E0%A7%87%E0%A6%A8%E0%A6%BE%E0%A6%B0-%E0%A6%85%E0%A6%A8%E0%A7%81%E0%A6%AE%E0%A7%8B%E0%A6%A6%E0%A6%A8,2026-04-09,আরও ডিজেল ও টিকা কেনার অনুমোদন,2026,6,True,True,1,3,0,0,0,0,0,0,0,0,0,0,0,0,0,0
samakal:https://samakal.com/bangladesh/article/346435/%E0%A6%A6%E0%A7%81%E0%A6%87-%E0%A6%AE%E0%A6%BE%E0%A6%B8-%E0%A6%AC%E0%A6%BE%E0%A7%9C%E0%A6%A4%E0%A6%BF-%E0%A6%A6%E0%A6%BE%E0%A6%AE%E0%A7%87-%E0%A6%9C%E0%A7%8D%E0%A6%AC%E0%A6%BE%E0%A6%B2%E0%A6%BE%E0%A6%A8%E0%A6%BF-%E0%A6%A4%E0%A7%87%E0%A6%B2-%E0%A6%95%E0%A6%BF%E0%A6%A8%E0%A6%A4%E0%A7%87%C2%A0%E0%A6%B9%E0%A6%AC%E0%A7%87-%E0%A6%AC%E0%A6%BE%E0%A6%82%E0%A6%B2%E0%A6%BE%E0%A6%A6%E0%A7%87%E0%A6%B6%E0%A6%95%E0%A7%87,samakal,bn,https://samakal.com/bangladesh/article/346435/%E0%A6%A6%E0%A7%81%E0%A6%87-%E0%A6%AE%E0%A6%BE%E0%A6%B8-%E0%A6%AC%E0%A6%BE%E0%A7%9C%E0%A6%A4%E0%A6%BF-%E0%A6%A6%E0%A6%BE%E0%A6%AE%E0%A7%87-%E0%A6%9C%E0%A7%8D%E0%A6%AC%E0%A6%BE%E0%A6%B2%E0%A6%BE%E0%A6%A8%E0%A6%BF-%E0%A6%A4%E0%A7%87%E0%A6%B2-%E0%A6%95%E0%A6%BF%E0%A6%A8%E0%A6%A4%E0%A7%87%C2%A0%E0%A6%B9%E0%A6%AC%E0%A7%87-%E0%A6%AC%E0%A6%BE%E0%A6%82%E0%A6%B2%E0%A6%BE%E0%A6%A6%E0%A7%87%E0%A6%B6%E0%A6%95%E0%A7%87,2026-04-09,দুই মাস বাড়তি দামে জ্বালানি তেল কিনতে হবে বাংলাদেশকে,2026,18,True,True,1,23,0,0,1,2,0,1,0,0,0,0,0,1,1,2
samakal:https://samakal.com/whole-country/article/346430/%E0%A6%95%E0%A7%83%E0%A6%B7%E0%A6%BF-%E0%A6%85%E0%A6%AB%E0%A6%BF%E0%A6%B8%E0%A7%87%E0%A6%B0-%E0%A6%B8%E0%A7%8D%E0%A6%B2%E0%A6%BF%E0%A6%AA-%E0%A6%A8%E0%A6%BF%E0%A7%9F%E0%A7%87%E0%A6%93-%E0%A6%A1%E0%A6%BF%E0%A6%9C%E0%A7%87%E0%A6%B2-%E0%A6%AA%E0%A6%BE%E0%A6%A8%E0%A6%A8%E0%A6%BF-%E0%A6%9A%E0%A6%BE%E0%A6%B7%E0%A6%BF%E0%A6%B0%E0%A6%BE,samakal,bn,https://samakal.com/whole-country/article/346430/%E0%A6%95%E0%A7%83%E0%A6%B7%E0%A6%BF-%E0%A6%85%E0%A6%AB%E0%A6%BF%E0%A6%B8%E0%A7%87%E0%A6%B0-%E0%A6%B8%E0%A7%8D%E0%A6%B2%E0%A6%BF%E0%A6%AA-%E0%A6%A8%E0%A6%BF%E0%A7%9F%E0%A7%87%E0%A6%93-%E0%A6%A1%E0%A6%BF%E0%A6%9C%E0%A7%87%E0%A6%B2-%E0%A6%AA%E0%A6%BE%E0%A6%A8%E0%A6%A8%E0%A6%BF-%E0%A6%9A%E0%A6%BE%E0%A6%B7%E0%A6%BF%E0%A6%B0%E0%A6%BE,2026-04-09,কৃষি অফিসের স্লিপ নিয়েও ডিজেল পাননি চাষিরা,2026,12,True,True,0,0,0,0,0,0,0,0,0,0,0,0,0,0,0,0
samakal:https://samakal.com/whole-country/article/346674/%E0%A6%9C%E0%A7%8D%E0%A6%AC%E0%A6%BE%E0%A6%B2%E0%A6%BE%E0%A6%A8%E0%A6%BF-%E0%A6%B8%E0%A6%82%E0%A6%95%E0%A6%9F%E0%A7%87-%E0%A6%95%E0%A7%81%E0%A7%9F%E0%A6%BE%E0%A6%95%E0%A6%BE%E0%A6%9F%E0%A6%BE%E0%A7%9F-%E0%A6%AA%E0%A6%B0%E0%A7%8D%E0%A6%AF%E0%A6%9F%E0%A6%95-%E0%A6%96%E0%A6%B0%E0%A6%BE-%E0%A6%AC%E0%A6%BF%E0%A6%AA%E0%A6%BE%E0%A6%95%E0%A7%87-%E0%A6%AC%E0%A7%8D%E0%A6%AF%E0%A6%AC%E0%A6%B8%E0%A6%BE%E0%A7%9F%E0%A7%80%E0%A6%B0%E0%A6%BE,samakal,bn,https://samakal.com/whole-country/article/346674/%E0%A6%9C%E0%A7%8D%E0%A6%AC%E0%A6%BE%E0%A6%B2%E0%A6%BE%E0%A6%A8%E0%A6%BF-%E0%A6%B8%E0%A6%82%E0%A6%95%E0%A6%9F%E0%A7%87-%E0%A6%95%E0%A7%81%E0%A7%9F%E0%A6%BE%E0%A6%95%E0%A6%BE%E0%A6%9F%E0%A6%BE%E0%A7%9F-%E0%A6%AA%E0%A6%B0%E0%A7%8D%E0%A6%AF%E0%A6%9F%E0%A6%95-%E0%A6%96%E0%A6%B0%E0%A6%BE-%E0%A6%AC%E0%A6%BF%E0%A6%AA%E0%A6%BE%E0%A6%95%E0%A7%87-%E0%A6%AC%E0%A7%8D%E0%A6%AF%E0%A6%AC%E0%A6%B8%E0%A6%BE%E0%A7%9F%E0%A7%80%E0%A6%B0%E0%A6%BE,2026-04-10,"জ্বালানি সংকটে কুয়াকাটায় পর্যটক খরা, বিপাকে ব্যবসায়ীরা",2026,4,True,True,0,0,0,0,0,0,0,0,0,0,0,0,0,1,0,0
samakal:https://samakal.com/whole-country/article/346833/%E0%A6%9C%E0%A7%8D%E0%A6%AC%E0%A6%BE%E0%A6%B2%E0%A6%BE%E0%A6%A8%E0%A6%BF-%E0%A6%B8%E0%A6%82%E0%A6%95%E0%A6%9F-:-%E0%A6%B6%E0%A7%8D%E0%A6%AF%E0%A6%BE%E0%A6%B2%E0%A7%8B-%E0%A6%87%E0%A6%9E%E0%A7%8D%E0%A6%9C%E0%A6%BF%E0%A6%A8%E0%A7%87%E0%A6%B0-%E0%A6%A8%E0%A7%8C%E0%A6%95%E0%A6%BE-%E0%A6%9A%E0%A6%B2%E0%A6%9B%E0%A7%87-%E0%A6%A6%E0%A7%9C%E0%A6%BF-%E0%A6%9F%E0%A7%87%E0%A6%A8%E0%A7%87,samakal,bn,https://samakal.com/whole-country/article/346833/%E0%A6%9C%E0%A7%8D%E0%A6%AC%E0%A6%BE%E0%A6%B2%E0%A6%BE%E0%A6%A8%E0%A6%BF-%E0%A6%B8%E0%A6%82%E0%A6%95%E0%A6%9F-:-%E0%A6%B6%E0%A7%8D%E0%A6%AF%E0%A6%BE%E0%A6%B2%E0%A7%8B-%E0%A6%87%E0%A6%9E%E0%A7%8D%E0%A6%9C%E0%A6%BF%E0%A6%A8%E0%A7%87%E0%A6%B0-%E0%A6%A8%E0%A7%8C%E0%A6%95%E0%A6%BE-%E0%A6%9A%E0%A6%B2%E0%A6%9B%E0%A7%87-%E0%A6%A6%E0%A7%9C%E0%A6%BF-%E0%A6%9F%E0%A7%87%E0%A6%A8%E0%A7%87,2026-04-11,জ্বালানি সংকট : শ্যালো ইঞ্জিনের নৌকা চলছে দড়ি টেনে,2026,6,True,True,1,4,0,0,0,0,0,0,0,0,0,0,0,0,0,0
samakal:https://samakal.com/whole-country/article/346736/%E0%A6%A7%E0%A6%BE%E0%A6%A8-%E0%A6%98%E0%A6%B0%E0%A7%87-%E0%A6%A4%E0%A7%81%E0%A6%B2%E0%A6%A4%E0%A7%87-%E0%A6%AA%E0%A6%BE%E0%A6%81%E0%A6%9A-%E0%A6%A7%E0%A6%BE%E0%A6%AA%E0%A7%87-%E0%A6%9C%E0%A7%8D%E0%A6%AC%E0%A6%BE%E0%A6%B2%E0%A6%BE%E0%A6%A8%E0%A6%BF-%E0%A6%B8%E0%A6%82%E0%A6%95%E0%A6%9F%E0%A7%87%E0%A6%B0-%E0%A6%B6%E0%A6%99%E0%A7%8D%E0%A6%95%E0%A6%BE,samakal,bn,https://samakal.com/whole-country/article/346736/%E0%A6%A7%E0%A6%BE%E0%A6%A8-%E0%A6%98%E0%A6%B0%E0%A7%87-%E0%A6%A4%E0%A7%81%E0%A6%B2%E0%A6%A4%E0%A7%87-%E0%A6%AA%E0%A6%BE%E0%A6%81%E0%A6%9A-%E0%A6%A7%E0%A6%BE%E0%A6%AA%E0%A7%87-%E0%A6%9C%E0%A7%8D%E0%A6%AC%E0%A6%BE%E0%A6%B2%E0%A6%BE%E0%A6%A8%E0%A6%BF-%E0%A6%B8%E0%A6%82%E0%A6%95%E0%A6%9F%E0%A7%87%E0%A6%B0-%E0%A6%B6%E0%A6%99%E0%A7%8D%E0%A6%95%E0%A6%BE,2026-04-11,ধান ঘরে তুলতে পাঁচ ধাপে জ্বালানি সংকটের শঙ্কা,2026,9,True,True,0,0,0,0,0,0,0,0,0,0,0,0,0,0,0,0
samakal:https://samakal.com/bangladesh/article/346987/%E0%A6%A6%E0%A6%BE%E0%A6%AE-%E0%A6%AC%E0%A6%BE%E0%A7%9C%E0%A6%B2-%E0%A6%AB%E0%A6%BE%E0%A6%B0%E0%A7%8D%E0%A6%A8%E0%A7%87%E0%A6%B8-%E0%A6%85%E0%A7%9F%E0%A7%87%E0%A6%B2%E0%A7%87%E0%A6%B0,samakal,bn,https://samakal.com/bangladesh/article/346987/%E0%A6%A6%E0%A6%BE%E0%A6%AE-%E0%A6%AC%E0%A6%BE%E0%A7%9C%E0%A6%B2-%E0%A6%AB%E0%A6%BE%E0%A6%B0%E0%A7%8D%E0%A6%A8%E0%A7%87%E0%A6%B8-%E0%A6%85%E0%A7%9F%E0%A7%87%E0%A6%B2%E0%A7%87%E0%A6%B0,2026-04-12,দাম বাড়ল ফার্নেস অয়েলের,2026,7,True,True,0,1,0,0,0,0,0,0,0,0,0,0,0,0,0,0
samakal:https://samakal.com/economics/article/346982/%E0%A6%AD%E0%A7%8B%E0%A6%9C%E0%A7%8D%E0%A6%AF%E0%A6%A4%E0%A7%87%E0%A6%B2%E0%A7%87%E0%A6%B0-%E0%A6%A6%E0%A6%BE%E0%A6%AE-%E0%A6%AC%E0%A6%BE%E0%A7%9C%E0%A6%9B%E0%A7%87-%E0%A6%A8%E0%A6%BE:-%E0%A6%AC%E0%A6%BE%E0%A6%A3%E0%A6%BF%E0%A6%9C%E0%A7%8D%E0%A6%AF%E0%A6%AE%E0%A6%A8%E0%A7%8D%E0%A6%A4%E0%A7%8D%E0%A6%B0%E0%A7%80,samakal,bn,https://samakal.com/economics/article/346982/%E0%A6%AD%E0%A7%8B%E0%A6%9C%E0%A7%8D%E0%A6%AF%E0%A6%A4%E0%A7%87%E0%A6%B2%E0%A7%87%E0%A6%B0-%E0%A6%A6%E0%A6%BE%E0%A6%AE-%E0%A6%AC%E0%A6%BE%E0%A7%9C%E0%A6%9B%E0%A7%87-%E0%A6%A8%E0%A6%BE:-%E0%A6%AC%E0%A6%BE%E0%A6%A3%E0%A6%BF%E0%A6%9C%E0%A7%8D%E0%A6%AF%E0%A6%AE%E0%A6%A8%E0%A7%8D%E0%A6%A4%E0%A7%8D%E0%A6%B0%E0%A7%80,2026-04-12,ভোজ্যতেলের দাম বাড়ছে না: বাণিজ্যমন্ত্রী,2026,3,True,True,1,2,0,0,0,0,0,0,0,0,0,0,0,1,0,0
samakal:https://samakal.com/whole-country/article/346905/%E0%A6%AD%E0%A7%88%E0%A6%B0%E0%A6%AC%E0%A7%87-%E0%A6%A6%E0%A7%81%E2%80%99%E0%A6%A6%E0%A6%BF%E0%A6%A8-%E0%A6%AA%E0%A7%87%E0%A6%9F%E0%A7%8D%E0%A6%B0%E0%A7%8B%E0%A6%B2-%E0%A6%85%E0%A6%95%E0%A6%9F%E0%A7%87%E0%A6%A8-%E0%A6%AE%E0%A6%BF%E0%A6%B2%E0%A6%9B%E0%A7%87-%E0%A6%A8%E0%A6%BE,samakal,bn,https://samakal.com/whole-country/article/346905/%E0%A6%AD%E0%A7%88%E0%A6%B0%E0%A6%AC%E0%A7%87-%E0%A6%A6%E0%A7%81%E2%80%99%E0%A6%A6%E0%A6%BF%E0%A6%A8-%E0%A6%AA%E0%A7%87%E0%A6%9F%E0%A7%8D%E0%A6%B0%E0%A7%8B%E0%A6%B2-%E0%A6%85%E0%A6%95%E0%A6%9F%E0%A7%87%E0%A6%A8-%E0%A6%AE%E0%A6%BF%E0%A6%B2%E0%A6%9B%E0%A7%87-%E0%A6%A8%E0%A6%BE,2026-04-12,ভৈরবে দু’দিন পেট্রোল-অকটেন মিলছে না,2026,10,True,True,0,0,0,0,0,0,0,0,0,0,0,0,0,0,0,0
samakal:https://samakal.com/whole-country/article/346893/%E0%A6%A1%E0%A6%BF%E0%A6%9C%E0%A7%87%E0%A6%B2-%E0%A6%B8%E0%A6%82%E0%A6%95%E0%A6%9F%E0%A7%87-%E0%A6%AC%E0%A7%8B%E0%A6%B0%E0%A7%8B-%E0%A6%89%E0%A7%8E%E0%A6%AA%E0%A6%BE%E0%A6%A6%E0%A6%A8%E0%A7%87%E0%A6%B0-%E0%A6%B2%E0%A6%95%E0%A7%8D%E0%A6%B7%E0%A7%8D%E0%A6%AF%E0%A6%AE%E0%A6%BE%E0%A6%A4%E0%A7%8D%E0%A6%B0%E0%A6%BE-%E0%A6%AA%E0%A7%82%E0%A6%B0%E0%A6%A3-%E0%A6%B9%E0%A6%93%E0%A7%9F%E0%A6%BE-%E0%A6%A8%E0%A6%BF%E0%A7%9F%E0%A7%87-%E0%A6%B6%E0%A6%99%E0%A7%8D%E0%A6%95%E0%A6%BE,samakal,bn,https://samakal.com/whole-country/article/346893/%E0%A6%A1%E0%A6%BF%E0%A6%9C%E0%A7%87%E0%A6%B2-%E0%A6%B8%E0%A6%82%E0%A6%95%E0%A6%9F%E0%A7%87-%E0%A6%AC%E0%A7%8B%E0%A6%B0%E0%A7%8B-%E0%A6%89%E0%A7%8E%E0%A6%AA%E0%A6%BE%E0%A6%A6%E0%A6%A8%E0%A7%87%E0%A6%B0-%E0%A6%B2%E0%A6%95%E0%A7%8D%E0%A6%B7%E0%A7%8D%E0%A6%AF%E0%A6%AE%E0%A6%BE%E0%A6%A4%E0%A7%8D%E0%A6%B0%E0%A6%BE-%E0%A6%AA%E0%A7%82%E0%A6%B0%E0%A6%A3-%E0%A6%B9%E0%A6%93%E0%A7%9F%E0%A6%BE-%E0%A6%A8%E0%A6%BF%E0%A7%9F%E0%A7%87-%E0%A6%B6%E0%A6%99%E0%A7%8D%E0%A6%95%E0%A6%BE,2026-04-12,ডিজেল সংকটে বোরো উৎপাদনের লক্ষ্যমাত্রা পূরণ হওয়া নিয়ে শঙ্কা,2026,34,True,True,1,4,0,0,0,0,1,4,0,0,0,0,0,0,0,0
samakal:https://samakal.com/international/article/347144/%E0%A6%B8%E0%A7%8B%E0%A6%AE%E0%A6%AC%E0%A6%BE%E0%A6%B0-%E0%A6%8F%E0%A6%B2%E0%A7%87%E0%A6%87-%E0%A6%AC%E0%A6%BE%E0%A6%9C%E0%A6%BE%E0%A6%B0-%E0%A6%85%E0%A6%B8%E0%A7%8D%E0%A6%A5%E0%A6%BF%E0%A6%B0-%E0%A6%A4%E0%A7%87%E0%A6%B2%E0%A7%87%E0%A6%B0-%E0%A6%A6%E0%A6%BE%E0%A6%AE-%E0%A7%A7%E0%A7%A6%E0%A7%A6-%E0%A6%A1%E0%A6%B2%E0%A6%BE%E0%A6%B0-%E0%A6%9B%E0%A6%BE%E0%A7%9C%E0%A6%BE%E0%A6%B2,samakal,bn,https://samakal.com/international/article/347144/%E0%A6%B8%E0%A7%8B%E0%A6%AE%E0%A6%AC%E0%A6%BE%E0%A6%B0-%E0%A6%8F%E0%A6%B2%E0%A7%87%E0%A6%87-%E0%A6%AC%E0%A6%BE%E0%A6%9C%E0%A6%BE%E0%A6%B0-%E0%A6%85%E0%A6%B8%E0%A7%8D%E0%A6%A5%E0%A6%BF%E0%A6%B0-%E0%A6%A4%E0%A7%87%E0%A6%B2%E0%A7%87%E0%A6%B0-%E0%A6%A6%E0%A6%BE%E0%A6%AE-%E0%A7%A7%E0%A7%A6%E0%A7%A6-%E0%A6%A1%E0%A6%B2%E0%A6%BE%E0%A6%B0-%E0%A6%9B%E0%A6%BE%E0%A7%9C%E0%A6%BE%E0%A6%B2,2026-04-13,"সোমবার এলেই বাজার অস্থির, তেলের দাম ১০০ ডলার ছাড়াল",2026,4,True,True,1,12,0,0,0,0,0,0,0,0,0,0,0,0,1,4
samakal:https://samakal.com/international/article/347046/%E0%A6%87%E0%A6%B0%E0%A6%BE%E0%A6%A8%E0%A6%BF-%E0%A6%AC%E0%A6%A8%E0%A7%8D%E0%A6%A6%E0%A6%B0-%E0%A6%85%E0%A6%AC%E0%A6%B0%E0%A7%8B%E0%A6%A7%E0%A7%87%E0%A6%B0-%E0%A6%98%E0%A7%8B%E0%A6%B7%E0%A6%A3%E0%A6%BE-%E0%A6%AB%E0%A7%87%E0%A6%B0-%E0%A6%A4%E0%A7%87%E0%A6%B2%E0%A7%87%E0%A6%B0-%E0%A6%A6%E0%A6%BE%E0%A6%AE-%E0%A7%A7%E0%A7%A6%E0%A7%A6-%E0%A6%A1%E0%A6%B2%E0%A6%BE%E0%A6%B0-%E0%A6%9B%E0%A6%BE%E0%A7%9C%E0%A6%BE%E0%A6%B2,samakal,bn,https://samakal.com/international/article/347046/%E0%A6%87%E0%A6%B0%E0%A6%BE%E0%A6%A8%E0%A6%BF-%E0%A6%AC%E0%A6%A8%E0%A7%8D%E0%A6%A6%E0%A6%B0-%E0%A6%85%E0%A6%AC%E0%A6%B0%E0%A7%8B%E0%A6%A7%E0%A7%87%E0%A6%B0-%E0%A6%98%E0%A7%8B%E0%A6%B7%E0%A6%A3%E0%A6%BE-%E0%A6%AB%E0%A7%87%E0%A6%B0-%E0%A6%A4%E0%A7%87%E0%A6%B2%E0%A7%87%E0%A6%B0-%E0%A6%A6%E0%A6%BE%E0%A6%AE-%E0%A7%A7%E0%A7%A6%E0%A7%A6-%E0%A6%A1%E0%A6%B2%E0%A6%BE%E0%A6%B0-%E0%A6%9B%E0%A6%BE%E0%A7%9C%E0%A6%BE%E0%A6%B2,2026-04-13,"ইরানি বন্দর অবরোধের ঘোষণা, ফের তেলের দাম ১০০ ডলার ছাড়াল",2026,8,True,True,1,17,0,0,0,0,0,0,0,0,0,0,0,0,1,3
samakal:https://samakal.com/whole-country/article/347412/%E0%A6%9C%E0%A7%8D%E0%A6%AC%E0%A6%BE%E0%A6%B2%E0%A6%BE%E0%A6%A8%E0%A6%BF-%E0%A6%A4%E0%A7%87%E0%A6%B2-%E0%A6%A8%E0%A6%BF%E0%A7%9F%E0%A7%87-%E0%A7%A9-%E0%A6%9C%E0%A6%BE%E0%A6%B9%E0%A6%BE%E0%A6%9C-%E0%A6%AA%E0%A7%8C%E0%A6%81%E0%A6%9B%E0%A6%BE%E0%A6%B2-%E0%A6%9A%E0%A6%9F%E0%A7%8D%E0%A6%9F%E0%A6%97%E0%A7%8D%E0%A6%B0%E0%A6%BE%E0%A6%AE-%E0%A6%AC%E0%A6%A8%E0%A7%8D%E0%A6%A6%E0%A6%B0%E0%A7%87,samakal,bn,https://samakal.com/whole-country/article/347412/%E0%A6%9C%E0%A7%8D%E0%A6%AC%E0%A6%BE%E0%A6%B2%E0%A6%BE%E0%A6%A8%E0%A6%BF-%E0%A6%A4%E0%A7%87%E0%A6%B2-%E0%A6%A8%E0%A6%BF%E0%A7%9F%E0%A7%87-%E0%A7%A9-%E0%A6%9C%E0%A6%BE%E0%A6%B9%E0%A6%BE%E0%A6%9C-%E0%A6%AA%E0%A7%8C%E0%A6%81%E0%A6%9B%E0%A6%BE%E0%A6%B2-%E0%A6%9A%E0%A6%9F%E0%A7%8D%E0%A6%9F%E0%A6%97%E0%A7%8D%E0%A6%B0%E0%A6%BE%E0%A6%AE-%E0%A6%AC%E0%A6%A8%E0%A7%8D%E0%A6%A6%E0%A6%B0%E0%A7%87,2026-04-15,জ্বালানি তেল নিয়ে ৩ জাহাজ পৌঁছাল চট্টগ্রাম বন্দরে,2026,8,True,True,0,0,0,0,0,0,0,0,0,0,0,0,0,0,0,0
samakal:https://samakal.com/whole-country/article/347405/%E2%80%98%E0%A6%A4%E0%A7%87%E0%A6%B2-%E0%A6%A8%E0%A7%87%E0%A6%87%E2%80%99-%E0%A6%B2%E0%A7%87%E0%A6%96%E0%A6%BE-%E0%A6%AA%E0%A6%BE%E0%A6%AE%E0%A7%8D%E0%A6%AA%E0%A7%87-%E0%A6%AE%E0%A6%BF%E0%A6%B2%E0%A6%B2-%E0%A7%AA-%E0%A6%B9%E0%A6%BE%E0%A6%9C%E0%A6%BE%E0%A6%B0-%E0%A6%B2%E0%A6%BF%E0%A6%9F%E0%A6%BE%E0%A6%B0-%E0%A6%85%E0%A6%95%E0%A6%9F%E0%A7%87%E0%A6%A8-%E0%A6%AA%E0%A7%87%E0%A6%9F%E0%A7%8D%E0%A6%B0%E0%A6%B2-%E0%A6%A1%E0%A6%BF%E0%A6%9C%E0%A7%87%E0%A6%B2,samakal,bn,https://samakal.com/whole-country/article/347405/%E2%80%98%E0%A6%A4%E0%A7%87%E0%A6%B2-%E0%A6%A8%E0%A7%87%E0%A6%87%E2%80%99-%E0%A6%B2%E0%A7%87%E0%A6%96%E0%A6%BE-%E0%A6%AA%E0%A6%BE%E0%A6%AE%E0%A7%8D%E0%A6%AA%E0%A7%87-%E0%A6%AE%E0%A6%BF%E0%A6%B2%E0%A6%B2-%E0%A7%AA-%E0%A6%B9%E0%A6%BE%E0%A6%9C%E0%A6%BE%E0%A6%B0-%E0%A6%B2%E0%A6%BF%E0%A6%9F%E0%A6%BE%E0%A6%B0-%E0%A6%85%E0%A6%95%E0%A6%9F%E0%A7%87%E0%A6%A8-%E0%A6%AA%E0%A7%87%E0%A6%9F%E0%A7%8D%E0%A6%B0%E0%A6%B2-%E0%A6%A1%E0%A6%BF%E0%A6%9C%E0%A7%87%E0%A6%B2,2026-04-15,‘তেল নেই’ লেখা পাম্পে মিলল ৪ হাজার লিটার অকটেন-পেট্রল-ডিজেল,2026,10,True,True,0,0,0,0,0,0,0,0,0,0,0,0,0,0,0,0
samakal:https://samakal.com/international/article/347369/%E0%A6%95%E0%A7%82%E0%A6%9F%E0%A6%A8%E0%A7%88%E0%A6%A4%E0%A6%BF%E0%A6%95-%E0%A6%A4%E0%A7%8E%E0%A6%AA%E0%A6%B0%E0%A6%A4%E0%A6%BE%E0%A6%B0-%E0%A6%B8%E0%A6%82%E0%A6%95%E0%A7%87%E0%A6%A4%E0%A7%87-%E0%A6%B8%E0%A7%8D%E0%A6%A5%E0%A6%BF%E0%A6%A4%E0%A6%BF%E0%A6%B6%E0%A7%80%E0%A6%B2-%E0%A6%A4%E0%A7%87%E0%A6%B2%E0%A7%87%E0%A6%B0-%E0%A6%A6%E0%A6%BE%E0%A6%AE-%E0%A6%B6%E0%A7%87%E0%A7%9F%E0%A6%BE%E0%A6%B0%E0%A6%AC%E0%A6%BE%E0%A6%9C%E0%A6%BE%E0%A6%B0%E0%A7%87-%E0%A6%8A%E0%A6%B0%E0%A7%8D%E0%A6%A7%E0%A7%8D%E0%A6%AC%E0%A6%97%E0%A6%A4%E0%A6%BF,samakal,bn,https://samakal.com/international/article/347369/%E0%A6%95%E0%A7%82%E0%A6%9F%E0%A6%A8%E0%A7%88%E0%A6%A4%E0%A6%BF%E0%A6%95-%E0%A6%A4%E0%A7%8E%E0%A6%AA%E0%A6%B0%E0%A6%A4%E0%A6%BE%E0%A6%B0-%E0%A6%B8%E0%A6%82%E0%A6%95%E0%A7%87%E0%A6%A4%E0%A7%87-%E0%A6%B8%E0%A7%8D%E0%A6%A5%E0%A6%BF%E0%A6%A4%E0%A6%BF%E0%A6%B6%E0%A7%80%E0%A6%B2-%E0%A6%A4%E0%A7%87%E0%A6%B2%E0%A7%87%E0%A6%B0-%E0%A6%A6%E0%A6%BE%E0%A6%AE-%E0%A6%B6%E0%A7%87%E0%A7%9F%E0%A6%BE%E0%A6%B0%E0%A6%AC%E0%A6%BE%E0%A6%9C%E0%A6%BE%E0%A6%B0%E0%A7%87-%E0%A6%8A%E0%A6%B0%E0%A7%8D%E0%A6%A7%E0%A7%8D%E0%A6%AC%E0%A6%97%E0%A6%A4%E0%A6%BF,2026-04-15,"কূটনৈতিক তৎপরতার সংকেতে স্থিতিশীল তেলের দাম, শেয়ারবাজারে ঊর্ধ্বগতি",2026,6,True,True,1,13,0,0,0,0,0,0,0,0,0,0,0,0,0,1
samakal:https://samakal.com/whole-country/article/347593/%E0%A6%B9%E0%A6%BE%E0%A6%93%E0%A6%B0%E0%A7%87-%E0%A6%AC%E0%A7%8B%E0%A6%B0%E0%A7%8B-%E0%A6%A7%E0%A6%BE%E0%A6%A8-%E0%A6%95%E0%A6%BE%E0%A6%9F%E0%A6%BE-%E0%A6%B6%E0%A7%81%E0%A6%B0%E0%A7%81-%E0%A6%B6%E0%A7%8D%E0%A6%B0%E0%A6%AE%E0%A6%BF%E0%A6%95-%E0%A6%93-%E0%A6%A1%E0%A6%BF%E0%A6%9C%E0%A7%87%E0%A6%B2-%E0%A6%B8%E0%A6%82%E0%A6%95%E0%A6%9F%E0%A7%87-%E0%A6%A6%E0%A7%81%E0%A6%B6%E0%A7%8D%E0%A6%9A%E0%A6%BF%E0%A6%A8%E0%A7%8D%E0%A6%A4%E0%A6%BE%E0%A7%9F-%E0%A6%95%E0%A7%83%E0%A6%B7%E0%A6%95,samakal,bn,https://samakal.com/whole-country/article/347593/%E0%A6%B9%E0%A6%BE%E0%A6%93%E0%A6%B0%E0%A7%87-%E0%A6%AC%E0%A7%8B%E0%A6%B0%E0%A7%8B-%E0%A6%A7%E0%A6%BE%E0%A6%A8-%E0%A6%95%E0%A6%BE%E0%A6%9F%E0%A6%BE-%E0%A6%B6%E0%A7%81%E0%A6%B0%E0%A7%81-%E0%A6%B6%E0%A7%8D%E0%A6%B0%E0%A6%AE%E0%A6%BF%E0%A6%95-%E0%A6%93-%E0%A6%A1%E0%A6%BF%E0%A6%9C%E0%A7%87%E0%A6%B2-%E0%A6%B8%E0%A6%82%E0%A6%95%E0%A6%9F%E0%A7%87-%E0%A6%A6%E0%A7%81%E0%A6%B6%E0%A7%8D%E0%A6%9A%E0%A6%BF%E0%A6%A8%E0%A7%8D%E0%A6%A4%E0%A6%BE%E0%A7%9F-%E0%A6%95%E0%A7%83%E0%A6%B7%E0%A6%95,2026-04-16,"হাওরে বোরো ধান কাটা শুরু, শ্রমিক ও ডিজেল সংকটে দুশ্চিন্তায় কৃষক",2026,5,True,True,0,0,0,0,0,0,0,0,0,0,0,0,0,0,0,0
samakal:https://samakal.com/whole-country/article/347504/%E0%A6%B8%E0%A7%81%E0%A6%A4%E0%A6%BE%E0%A6%B0-%E0%A6%AC%E0%A6%BE%E0%A7%9C%E0%A6%A4%E0%A6%BF-%E0%A6%A6%E0%A6%BE%E0%A6%AE-%E0%A6%9C%E0%A7%8D%E0%A6%AC%E0%A6%BE%E0%A6%B2%E0%A6%BE%E0%A6%A8%E0%A6%BF-%E0%A6%B8%E0%A6%82%E0%A6%95%E0%A6%9F-%E0%A6%9F%E0%A7%87%E0%A6%95%E0%A7%8D%E0%A6%B8%E0%A6%9F%E0%A6%BE%E0%A6%87%E0%A6%B2-%E0%A6%96%E0%A6%BE%E0%A6%A4-%E0%A6%9A%E0%A6%BE%E0%A6%AA%E0%A7%87,samakal,bn,https://samakal.com/whole-country/article/347504/%E0%A6%B8%E0%A7%81%E0%A6%A4%E0%A6%BE%E0%A6%B0-%E0%A6%AC%E0%A6%BE%E0%A7%9C%E0%A6%A4%E0%A6%BF-%E0%A6%A6%E0%A6%BE%E0%A6%AE-%E0%A6%9C%E0%A7%8D%E0%A6%AC%E0%A6%BE%E0%A6%B2%E0%A6%BE%E0%A6%A8%E0%A6%BF-%E0%A6%B8%E0%A6%82%E0%A6%95%E0%A6%9F-%E0%A6%9F%E0%A7%87%E0%A6%95%E0%A7%8D%E0%A6%B8%E0%A6%9F%E0%A6%BE%E0%A6%87%E0%A6%B2-%E0%A6%96%E0%A6%BE%E0%A6%A4-%E0%A6%9A%E0%A6%BE%E0%A6%AA%E0%A7%87,2026-04-16,"সুতার বাড়তি দাম, জ্বালানি সংকট টেক্সটাইল খাত চাপে",2026,4,True,True,1,6,0,0,0,1,0,0,0,0,1,2,1,4,0,0
samakal:https://samakal.com/bangladesh/article/347498/%E0%A6%9C%E0%A7%8D%E0%A6%AC%E0%A6%BE%E0%A6%B2%E0%A6%BE%E0%A6%A8%E0%A6%BF-%E0%A6%B8%E0%A6%82%E0%A6%95%E0%A6%9F%E0%A7%87-%E0%A6%A6%E0%A7%81%E0%A6%87%E0%A6%B6-%E0%A6%95%E0%A7%8B%E0%A6%9F%E0%A6%BF-%E0%A6%A1%E0%A6%B2%E0%A6%BE%E0%A6%B0-%E0%A6%B8%E0%A6%B9%E0%A6%BE%E0%A7%9F%E0%A6%A4%E0%A6%BE-%E0%A6%9A%E0%A6%BE%E0%A6%87%E0%A6%B2%E0%A7%87%E0%A6%A8-%E0%A6%AA%E0%A7%8D%E0%A6%B0%E0%A6%A7%E0%A6%BE%E0%A6%A8%E0%A6%AE%E0%A6%A8%E0%A7%8D%E0%A6%A4%E0%A7%8D%E0%A6%B0%E0%A7%80,samakal,bn,https://samakal.com/bangladesh/article/347498/%E0%A6%9C%E0%A7%8D%E0%A6%AC%E0%A6%BE%E0%A6%B2%E0%A6%BE%E0%A6%A8%E0%A6%BF-%E0%A6%B8%E0%A6%82%E0%A6%95%E0%A6%9F%E0%A7%87-%E0%A6%A6%E0%A7%81%E0%A6%87%E0%A6%B6-%E0%A6%95%E0%A7%8B%E0%A6%9F%E0%A6%BF-%E0%A6%A1%E0%A6%B2%E0%A6%BE%E0%A6%B0-%E0%A6%B8%E0%A6%B9%E0%A6%BE%E0%A7%9F%E0%A6%A4%E0%A6%BE-%E0%A6%9A%E0%A6%BE%E0%A6%87%E0%A6%B2%E0%A7%87%E0%A6%A8-%E0%A6%AA%E0%A7%8D%E0%A6%B0%E0%A6%A7%E0%A6%BE%E0%A6%A8%E0%A6%AE%E0%A6%A8%E0%A7%8D%E0%A6%A4%E0%A7%8D%E0%A6%B0%E0%A7%80,2026-04-16,জ্বালানি সংকটে দুইশ কোটি ডলার সহায়তা চাইলেন প্রধানমন্ত্রী,2026,2,True,True,0,0,0,0,0,0,0,0,0,0,0,0,0,0,0,0
samakal:https://samakal.com/whole-country/article/347626/%E0%A6%AC%E0%A6%BF%E0%A6%95%E0%A6%B2%E0%A7%8D%E0%A6%AA-%E0%A6%AA%E0%A6%A6%E0%A7%8D%E0%A6%A7%E0%A6%A4%E0%A6%BF%E0%A6%A4%E0%A7%87-%E0%A6%85%E0%A6%95%E0%A6%9F%E0%A7%87%E0%A6%A8-%E0%A6%A4%E0%A7%88%E0%A6%B0%E0%A6%BF%E0%A6%B0-%E0%A6%9A%E0%A7%87%E0%A6%B7%E0%A7%8D%E0%A6%9F%E0%A6%BE-%E0%A6%AC%E0%A6%BF%E0%A6%B8%E0%A7%8D%E0%A6%AB%E0%A7%8B%E0%A6%B0%E0%A6%A3%E0%A7%87-%E0%A6%A6%E0%A7%81%E0%A6%9C%E0%A6%A8-%E0%A6%A6%E0%A6%97%E0%A7%8D%E0%A6%A7,samakal,bn,https://samakal.com/whole-country/article/347626/%E0%A6%AC%E0%A6%BF%E0%A6%95%E0%A6%B2%E0%A7%8D%E0%A6%AA-%E0%A6%AA%E0%A6%A6%E0%A7%8D%E0%A6%A7%E0%A6%A4%E0%A6%BF%E0%A6%A4%E0%A7%87-%E0%A6%85%E0%A6%95%E0%A6%9F%E0%A7%87%E0%A6%A8-%E0%A6%A4%E0%A7%88%E0%A6%B0%E0%A6%BF%E0%A6%B0-%E0%A6%9A%E0%A7%87%E0%A6%B7%E0%A7%8D%E0%A6%9F%E0%A6%BE-%E0%A6%AC%E0%A6%BF%E0%A6%B8%E0%A7%8D%E0%A6%AB%E0%A7%8B%E0%A6%B0%E0%A6%A3%E0%A7%87-%E0%A6%A6%E0%A7%81%E0%A6%9C%E0%A6%A8-%E0%A6%A6%E0%A6%97%E0%A7%8D%E0%A6%A7,2026-04-17,"বিকল্প পদ্ধতিতে অকটেন তৈরির চেষ্টা, বিস্ফোরণে দুজন দগ্ধ",2026,5,True,True,0,0,0,0,0,0,0,0,0,0,0,0,0,0,0,0
samakal:https://samakal.com/bangladesh/article/347899/%E0%A6%9C%E0%A7%8D%E0%A6%AC%E0%A6%BE%E0%A6%B2%E0%A6%BE%E0%A6%A8%E0%A6%BF-%E0%A6%A4%E0%A7%87%E0%A6%B2%E0%A7%87%E0%A6%B0-%E0%A6%A6%E0%A6%BE%E0%A6%AE-%E0%A6%AC%E0%A6%BE%E0%A7%9C%E0%A6%B2,samakal,bn,https://samakal.com/bangladesh/article/347899/%E0%A6%9C%E0%A7%8D%E0%A6%AC%E0%A6%BE%E0%A6%B2%E0%A6%BE%E0%A6%A8%E0%A6%BF-%E0%A6%A4%E0%A7%87%E0%A6%B2%E0%A7%87%E0%A6%B0-%E0%A6%A6%E0%A6%BE%E0%A6%AE-%E0%A6%AC%E0%A6%BE%E0%A7%9C%E0%A6%B2,2026-04-18,জ্বালানি তেলের দাম বাড়ল,2026,10,True,True,1,2,0,0,0,0,0,0,0,0,0,0,0,0,0,0
samakal:https://samakal.com/kisualonil/article/347890/%E0%A6%9C%E0%A7%8D%E0%A6%AC%E0%A6%BE%E0%A6%B2%E0%A6%BE%E0%A6%A8%E0%A6%BF-%E0%A6%B8%E0%A6%82%E0%A6%95%E0%A6%9F-%E0%A6%95%E0%A7%8B%E0%A6%A8-%E0%A6%A6%E0%A7%87%E0%A6%B6-%E0%A6%95%E0%A7%80%E0%A6%AD%E0%A6%BE%E0%A6%AC%E0%A7%87-%E0%A6%B8%E0%A6%BE%E0%A6%AE%E0%A6%BE%E0%A6%B2-%E0%A6%A6%E0%A6%BF%E0%A6%9A%E0%A7%8D%E0%A6%9B%E0%A7%87,samakal,bn,https://samakal.com/kisualonil/article/347890/%E0%A6%9C%E0%A7%8D%E0%A6%AC%E0%A6%BE%E0%A6%B2%E0%A6%BE%E0%A6%A8%E0%A6%BF-%E0%A6%B8%E0%A6%82%E0%A6%95%E0%A6%9F-%E0%A6%95%E0%A7%8B%E0%A6%A8-%E0%A6%A6%E0%A7%87%E0%A6%B6-%E0%A6%95%E0%A7%80%E0%A6%AD%E0%A6%BE%E0%A6%AC%E0%A7%87-%E0%A6%B8%E0%A6%BE%E0%A6%AE%E0%A6%BE%E0%A6%B2-%E0%A6%A6%E0%A6%BF%E0%A6%9A%E0%A7%8D%E0%A6%9B%E0%A7%87,2026-04-18,জ্বালানি সংকট কোন দেশ কীভাবে সামাল দিচ্ছে,2026,11,True,True,1,11,0,0,0,0,0,0,0,0,0,0,1,7,0,0
samakal:https://samakal.com/international/article/347835/%E0%A6%AC%E0%A6%BF%E0%A6%B6%E0%A7%8D%E0%A6%AC%E0%A6%AC%E0%A6%BE%E0%A6%9C%E0%A6%BE%E0%A6%B0%E0%A7%87-%E0%A6%9C%E0%A7%8D%E0%A6%AC%E0%A6%BE%E0%A6%B2%E0%A6%BE%E0%A6%A8%E0%A6%BF-%E0%A6%A4%E0%A7%87%E0%A6%B2%E0%A7%87%E0%A6%B0-%E0%A6%A6%E0%A6%BE%E0%A6%AE-%E0%A6%95%E0%A6%AE%E0%A6%B2,samakal,bn,https://samakal.com/international/article/347835/%E0%A6%AC%E0%A6%BF%E0%A6%B6%E0%A7%8D%E0%A6%AC%E0%A6%AC%E0%A6%BE%E0%A6%9C%E0%A6%BE%E0%A6%B0%E0%A7%87-%E0%A6%9C%E0%A7%8D%E0%A6%AC%E0%A6%BE%E0%A6%B2%E0%A6%BE%E0%A6%A8%E0%A6%BF-%E0%A6%A4%E0%A7%87%E0%A6%B2%E0%A7%87%E0%A6%B0-%E0%A6%A6%E0%A6%BE%E0%A6%AE-%E0%A6%95%E0%A6%AE%E0%A6%B2,2026-04-18,বিশ্ববাজারে জ্বালানি তেলের দাম কমল,2026,3,True,True,1,13,0,0,0,0,0,0,0,0,0,0,0,0,1,2
samakal:https://samakal.com/whole-country/article/347805/%E0%A6%B9%E0%A6%BE%E0%A6%93%E0%A6%B0%E0%A7%87-%E0%A6%A7%E0%A6%BE%E0%A6%A8-%E0%A6%95%E0%A6%BE%E0%A6%9F%E0%A6%BE-%E0%A6%B6%E0%A7%81%E0%A6%B0%E0%A7%81-%E0%A6%A1%E0%A6%BF%E0%A6%9C%E0%A7%87%E0%A6%B2-%E0%A6%B8%E0%A6%82%E0%A6%95%E0%A6%9F-%E0%A6%A8%E0%A6%BF%E0%A7%9F%E0%A7%87-%E0%A6%89%E0%A6%A6%E0%A7%8D%E0%A6%AC%E0%A7%87%E0%A6%97%E0%A7%87-%E0%A6%95%E0%A7%83%E0%A6%B7%E0%A6%95,samakal,bn,https://samakal.com/whole-country/article/347805/%E0%A6%B9%E0%A6%BE%E0%A6%93%E0%A6%B0%E0%A7%87-%E0%A6%A7%E0%A6%BE%E0%A6%A8-%E0%A6%95%E0%A6%BE%E0%A6%9F%E0%A6%BE-%E0%A6%B6%E0%A7%81%E0%A6%B0%E0%A7%81-%E0%A6%A1%E0%A6%BF%E0%A6%9C%E0%A7%87%E0%A6%B2-%E0%A6%B8%E0%A6%82%E0%A6%95%E0%A6%9F-%E0%A6%A8%E0%A6%BF%E0%A7%9F%E0%A7%87-%E0%A6%89%E0%A6%A6%E0%A7%8D%E0%A6%AC%E0%A7%87%E0%A6%97%E0%A7%87-%E0%A6%95%E0%A7%83%E0%A6%B7%E0%A6%95,2026-04-18,"হাওরে ধান কাটা শুরু, ডিজেল সংকট নিয়ে উদ্বেগে কৃষক",2026,10,True,True,0,1,0,0,0,0,0,0,0,1,0,0,0,0,0,0
samakal:https://samakal.com/bangladesh/article/348082/%E0%A6%A7%E0%A6%BE%E0%A6%A8%E0%A6%95%E0%A7%8D%E0%A6%B7%E0%A7%87%E0%A6%A4%E0%A7%87-%E0%A6%A8%E0%A7%87%E0%A6%95-%E0%A6%AC%E0%A7%8D%E0%A6%B2%E0%A6%BE%E0%A6%B8%E0%A7%8D%E0%A6%9F-%E0%A6%9B%E0%A6%A4%E0%A7%8D%E0%A6%B0%E0%A6%BE%E0%A6%95%E0%A7%87%E0%A6%B0-%E0%A6%B8%E0%A6%99%E0%A7%8D%E0%A6%97%E0%A7%87-%E0%A6%9C%E0%A7%8D%E0%A6%AC%E0%A6%BE%E0%A6%B2%E0%A6%BE%E0%A6%A8%E0%A6%BF-%E0%A6%B8%E0%A6%82%E0%A6%95%E0%A6%9F-%E0%A6%A6%E0%A6%BF%E0%A6%B6%E0%A7%87%E0%A6%B9%E0%A6%BE%E0%A6%B0%E0%A6%BE-%E0%A6%95%E0%A7%83%E0%A6%B7%E0%A6%95,samakal,bn,https://samakal.com/bangladesh/article/348082/%E0%A6%A7%E0%A6%BE%E0%A6%A8%E0%A6%95%E0%A7%8D%E0%A6%B7%E0%A7%87%E0%A6%A4%E0%A7%87-%E0%A6%A8%E0%A7%87%E0%A6%95-%E0%A6%AC%E0%A7%8D%E0%A6%B2%E0%A6%BE%E0%A6%B8%E0%A7%8D%E0%A6%9F-%E0%A6%9B%E0%A6%A4%E0%A7%8D%E0%A6%B0%E0%A6%BE%E0%A6%95%E0%A7%87%E0%A6%B0-%E0%A6%B8%E0%A6%99%E0%A7%8D%E0%A6%97%E0%A7%87-%E0%A6%9C%E0%A7%8D%E0%A6%AC%E0%A6%BE%E0%A6%B2%E0%A6%BE%E0%A6%A8%E0%A6%BF-%E0%A6%B8%E0%A6%82%E0%A6%95%E0%A6%9F-%E0%A6%A6%E0%A6%BF%E0%A6%B6%E0%A7%87%E0%A6%B9%E0%A6%BE%E0%A6%B0%E0%A6%BE-%E0%A6%95%E0%A7%83%E0%A6%B7%E0%A6%95,2026-04-19,"ধানক্ষেতে নেক ব্লাস্ট ছত্রাকের সঙ্গে জ্বালানি সংকট, দিশেহারা কৃষক",2026,10,True,True,0,0,0,0,0,0,0,0,0,0,0,0,0,1,0,0
samakal:https://samakal.com/bangladesh/article/348063/%E0%A6%9C%E0%A7%8D%E0%A6%AC%E0%A6%BE%E0%A6%B2%E0%A6%BE%E0%A6%A8%E0%A6%BF-%E0%A6%B8%E0%A6%82%E0%A6%95%E0%A6%9F-%E0%A6%A8%E0%A6%BE-%E0%A6%A5%E0%A6%BE%E0%A6%95%E0%A6%B2%E0%A7%87-%E0%A6%AA%E0%A6%BE%E0%A6%AE%E0%A7%8D%E0%A6%AA%E0%A7%87-%E0%A6%B2%E0%A6%AE%E0%A7%8D%E0%A6%AC%E0%A6%BE-%E0%A6%B2%E0%A6%BE%E0%A6%87%E0%A6%A8-%E0%A6%95%E0%A7%87%E0%A6%A8,samakal,bn,https://samakal.com/bangladesh/article/348063/%E0%A6%9C%E0%A7%8D%E0%A6%AC%E0%A6%BE%E0%A6%B2%E0%A6%BE%E0%A6%A8%E0%A6%BF-%E0%A6%B8%E0%A6%82%E0%A6%95%E0%A6%9F-%E0%A6%A8%E0%A6%BE-%E0%A6%A5%E0%A6%BE%E0%A6%95%E0%A6%B2%E0%A7%87-%E0%A6%AA%E0%A6%BE%E0%A6%AE%E0%A7%8D%E0%A6%AA%E0%A7%87-%E0%A6%B2%E0%A6%AE%E0%A7%8D%E0%A6%AC%E0%A6%BE-%E0%A6%B2%E0%A6%BE%E0%A6%87%E0%A6%A8-%E0%A6%95%E0%A7%87%E0%A6%A8,2026-04-19,জ্বালানি সংকট না থাকলে পাম্পে লম্বা লাইন কেন,2026,5,True,True,0,0,0,0,1,2,0,0,0,0,0,1,0,1,0,1
samakal:https://samakal.com/bangladesh-others/article/348028/%E0%A6%86%E0%A6%87%E0%A6%8F%E0%A6%AE%E0%A6%8F%E0%A6%AB%E0%A7%87%E0%A6%B0-%E0%A6%B8%E0%A6%99%E0%A7%8D%E0%A6%97%E0%A7%87-%E0%A6%A4%E0%A7%87%E0%A6%B2%E0%A7%87%E0%A6%B0-%E0%A6%A6%E0%A6%BE%E0%A6%AE-%E0%A6%AC%E0%A6%BE%E0%A7%9C%E0%A6%BE%E0%A6%A8%E0%A7%8B%E0%A6%B0-%E0%A6%95%E0%A7%8B%E0%A6%A8%E0%A7%8B-%E0%A6%B8%E0%A6%AE%E0%A7%8D%E0%A6%AA%E0%A6%B0%E0%A7%8D%E0%A6%95-%E0%A6%A8%E0%A7%87%E0%A6%87:-%E0%A6%85%E0%A6%B0%E0%A7%8D%E0%A6%A5%E0%A6%AE%E0%A6%A8%E0%A7%8D%E0%A6%A4%E0%A7%8D%E0%A6%B0%E0%A7%80,samakal,bn,https://samakal.com/bangladesh-others/article/348028/%E0%A6%86%E0%A6%87%E0%A6%8F%E0%A6%AE%E0%A6%8F%E0%A6%AB%E0%A7%87%E0%A6%B0-%E0%A6%B8%E0%A6%99%E0%A7%8D%E0%A6%97%E0%A7%87-%E0%A6%A4%E0%A7%87%E0%A6%B2%E0%A7%87%E0%A6%B0-%E0%A6%A6%E0%A6%BE%E0%A6%AE-%E0%A6%AC%E0%A6%BE%E0%A7%9C%E0%A6%BE%E0%A6%A8%E0%A7%8B%E0%A6%B0-%E0%A6%95%E0%A7%8B%E0%A6%A8%E0%A7%8B-%E0%A6%B8%E0%A6%AE%E0%A7%8D%E0%A6%AA%E0%A6%B0%E0%A7%8D%E0%A6%95-%E0%A6%A8%E0%A7%87%E0%A6%87:-%E0%A6%85%E0%A6%B0%E0%A7%8D%E0%A6%A5%E0%A6%AE%E0%A6%A8%E0%A7%8D%E0%A6%A4%E0%A7%8D%E0%A6%B0%E0%A7%80,2026-04-19,আইএমএফের সঙ্গে তেলের দাম বাড়ানোর কোনো সম্পর্ক নেই: অর্থমন্ত্রী,2026,9,True,True,0,0,0,0,0,0,0,0,0,0,0,0,0,0,0,0
samakal:https://samakal.com/bangladesh/article/348022/%E0%A6%AC%E0%A6%BF%E0%A6%B6%E0%A7%8D%E0%A6%AC%E0%A6%AC%E0%A6%BE%E0%A6%9C%E0%A6%BE%E0%A6%B0%E0%A7%87-%E0%A6%A4%E0%A7%87%E0%A6%B2%E0%A7%87%E0%A6%B0-%E0%A6%A6%E0%A6%BE%E0%A6%AE-%E0%A6%A6%E0%A7%8D%E0%A6%AC%E0%A6%BF%E0%A6%97%E0%A7%81%E0%A6%A3-%E0%A6%A6%E0%A7%87%E0%A6%B6%E0%A7%87-%E0%A6%96%E0%A7%81%E0%A6%AC-%E0%A6%B8%E0%A6%BE%E0%A6%AE%E0%A6%BE%E0%A6%A8%E0%A7%8D%E0%A6%AF-%E0%A6%AC%E0%A6%BE%E0%A7%9C%E0%A6%BE%E0%A6%A8%E0%A7%8B-%E0%A6%B9%E0%A7%9F%E0%A7%87%E0%A6%9B%E0%A7%87:-%E0%A6%AE%E0%A6%A8%E0%A7%8D%E0%A6%A4%E0%A7%8D%E0%A6%B0%E0%A7%80,samakal,bn,https://samakal.com/bangladesh/article/348022/%E0%A6%AC%E0%A6%BF%E0%A6%B6%E0%A7%8D%E0%A6%AC%E0%A6%AC%E0%A6%BE%E0%A6%9C%E0%A6%BE%E0%A6%B0%E0%A7%87-%E0%A6%A4%E0%A7%87%E0%A6%B2%E0%A7%87%E0%A6%B0-%E0%A6%A6%E0%A6%BE%E0%A6%AE-%E0%A6%A6%E0%A7%8D%E0%A6%AC%E0%A6%BF%E0%A6%97%E0%A7%81%E0%A6%A3-%E0%A6%A6%E0%A7%87%E0%A6%B6%E0%A7%87-%E0%A6%96%E0%A7%81%E0%A6%AC-%E0%A6%B8%E0%A6%BE%E0%A6%AE%E0%A6%BE%E0%A6%A8%E0%A7%8D%E0%A6%AF-%E0%A6%AC%E0%A6%BE%E0%A7%9C%E0%A6%BE%E0%A6%A8%E0%A7%8B-%E0%A6%B9%E0%A7%9F%E0%A7%87%E0%A6%9B%E0%A7%87:-%E0%A6%AE%E0%A6%A8%E0%A7%8D%E0%A6%A4%E0%A7%8D%E0%A6%B0%E0%A7%80,2026-04-19,"বিশ্ববাজারে তেলের দাম দ্বিগুণ, দেশে খুব সামান্য বাড়ানো হয়েছে: মন্ত্রী",2026,17,True,True,1,6,0,1,0,0,0,0,0,0,0,1,1,4,0,0
samakal:https://samakal.com/whole-country/article/348006/%E0%A6%AD%E0%A6%BE%E0%A6%B0%E0%A6%A4-%E0%A6%A5%E0%A7%87%E0%A6%95%E0%A7%87-%E0%A6%AA%E0%A6%BE%E0%A6%87%E0%A6%AA%E0%A6%B2%E0%A6%BE%E0%A6%87%E0%A6%A8%E0%A7%87-%E0%A6%8F%E0%A6%B2%E0%A7%8B-%E0%A6%86%E0%A6%B0%E0%A6%93-%E0%A7%AB-%E0%A6%B9%E0%A6%BE%E0%A6%9C%E0%A6%BE%E0%A6%B0-%E0%A6%9F%E0%A6%A8-%E0%A6%A1%E0%A6%BF%E0%A6%9C%E0%A7%87%E0%A6%B2,samakal,bn,https://samakal.com/whole-country/article/348006/%E0%A6%AD%E0%A6%BE%E0%A6%B0%E0%A6%A4-%E0%A6%A5%E0%A7%87%E0%A6%95%E0%A7%87-%E0%A6%AA%E0%A6%BE%E0%A6%87%E0%A6%AA%E0%A6%B2%E0%A6%BE%E0%A6%87%E0%A6%A8%E0%A7%87-%E0%A6%8F%E0%A6%B2%E0%A7%8B-%E0%A6%86%E0%A6%B0%E0%A6%93-%E0%A7%AB-%E0%A6%B9%E0%A6%BE%E0%A6%9C%E0%A6%BE%E0%A6%B0-%E0%A6%9F%E0%A6%A8-%E0%A6%A1%E0%A6%BF%E0%A6%9C%E0%A7%87%E0%A6%B2,2026-04-19,ভারত থেকে পাইপলাইনে এলো আরও ৫ হাজার টন ডিজেল,2026,13,True,True,0,0,0,0,0,0,1,15,0,0,0,0,0,0,0,0
samakal:https://samakal.com/bangladesh/article/347999/%E0%A6%9C%E0%A7%8D%E0%A6%AC%E0%A6%BE%E0%A6%B2%E0%A6%BE%E0%A6%A8%E0%A6%BF-%E0%A6%A4%E0%A7%87%E0%A6%B2%E0%A7%87%E0%A6%B0-%E0%A6%B8%E0%A6%B0%E0%A6%AC%E0%A6%B0%E0%A6%BE%E0%A6%B9-%E0%A6%AC%E0%A6%BE%E0%A7%9C%E0%A6%9B%E0%A7%87-%E0%A6%86%E0%A6%9C-%E0%A6%A5%E0%A7%87%E0%A6%95%E0%A7%87,samakal,bn,https://samakal.com/bangladesh/article/347999/%E0%A6%9C%E0%A7%8D%E0%A6%AC%E0%A6%BE%E0%A6%B2%E0%A6%BE%E0%A6%A8%E0%A6%BF-%E0%A6%A4%E0%A7%87%E0%A6%B2%E0%A7%87%E0%A6%B0-%E0%A6%B8%E0%A6%B0%E0%A6%AC%E0%A6%B0%E0%A6%BE%E0%A6%B9-%E0%A6%AC%E0%A6%BE%E0%A7%9C%E0%A6%9B%E0%A7%87-%E0%A6%86%E0%A6%9C-%E0%A6%A5%E0%A7%87%E0%A6%95%E0%A7%87,2026-04-19,জ্বালানি তেলের সরবরাহ বাড়ছে আজ থেকে,2026,15,True,True,0,1,0,0,0,0,0,0,0,0,0,0,0,1,0,0
samakal:https://samakal.com/whole-country/article/347971/%E0%A6%9C%E0%A7%8D%E0%A6%AC%E0%A6%BE%E0%A6%B2%E0%A6%BE%E0%A6%A8%E0%A6%BF-%E0%A6%B8%E0%A6%82%E0%A6%95%E0%A6%9F%E0%A7%87-%E0%A6%A8%E0%A7%8C%E0%A6%AF%E0%A6%BE%E0%A6%A8-%E0%A6%AC%E0%A6%BE%E0%A6%B2%E0%A7%81-%E0%A6%AA%E0%A6%BE%E0%A6%A5%E0%A6%B0-%E0%A6%93-%E0%A6%B8%E0%A6%BF%E0%A6%AE%E0%A7%87%E0%A6%A8%E0%A7%8D%E0%A6%9F-%E0%A6%AA%E0%A6%B0%E0%A6%BF%E0%A6%AC%E0%A6%B9%E0%A6%A8-%E0%A6%AC%E0%A7%8D%E0%A6%AF%E0%A6%BE%E0%A6%B9%E0%A6%A4,samakal,bn,https://samakal.com/whole-country/article/347971/%E0%A6%9C%E0%A7%8D%E0%A6%AC%E0%A6%BE%E0%A6%B2%E0%A6%BE%E0%A6%A8%E0%A6%BF-%E0%A6%B8%E0%A6%82%E0%A6%95%E0%A6%9F%E0%A7%87-%E0%A6%A8%E0%A7%8C%E0%A6%AF%E0%A6%BE%E0%A6%A8-%E0%A6%AC%E0%A6%BE%E0%A6%B2%E0%A7%81-%E0%A6%AA%E0%A6%BE%E0%A6%A5%E0%A6%B0-%E0%A6%93-%E0%A6%B8%E0%A6%BF%E0%A6%AE%E0%A7%87%E0%A6%A8%E0%A7%8D%E0%A6%9F-%E0%A6%AA%E0%A6%B0%E0%A6%BF%E0%A6%AC%E0%A6%B9%E0%A6%A8-%E0%A6%AC%E0%A7%8D%E0%A6%AF%E0%A6%BE%E0%A6%B9%E0%A6%A4,2026-04-19,"জ্বালানি সংকটে নৌযান, বালু-পাথর ও সিমেন্ট পরিবহন ব্যাহত",2026,26,True,True,1,3,0,0,0,0,0,0,0,1,0,0,0,0,0,0
samakal:https://samakal.com/bangladesh/article/347956/%E0%A6%9C%E0%A7%8D%E0%A6%AC%E0%A6%BE%E0%A6%B2%E0%A6%BE%E0%A6%A8%E0%A6%BF-%E0%A6%B8%E0%A6%82%E0%A6%95%E0%A6%9F%E0%A7%87-%E0%A6%89%E0%A6%A8%E0%A7%8D%E0%A6%A8%E0%A7%9F%E0%A6%A8%E0%A6%B6%E0%A7%80%E0%A6%B2-%E0%A6%A6%E0%A7%87%E0%A6%B6%E0%A7%87-%E0%A6%9A%E0%A6%BE%E0%A6%AA-%E0%A6%AC%E0%A6%BE%E0%A7%9C%E0%A6%9B%E0%A7%87,samakal,bn,https://samakal.com/bangladesh/article/347956/%E0%A6%9C%E0%A7%8D%E0%A6%AC%E0%A6%BE%E0%A6%B2%E0%A6%BE%E0%A6%A8%E0%A6%BF-%E0%A6%B8%E0%A6%82%E0%A6%95%E0%A6%9F%E0%A7%87-%E0%A6%89%E0%A6%A8%E0%A7%8D%E0%A6%A8%E0%A7%9F%E0%A6%A8%E0%A6%B6%E0%A7%80%E0%A6%B2-%E0%A6%A6%E0%A7%87%E0%A6%B6%E0%A7%87-%E0%A6%9A%E0%A6%BE%E0%A6%AA-%E0%A6%AC%E0%A6%BE%E0%A7%9C%E0%A6%9B%E0%A7%87,2026-04-19,জ্বালানি সংকটে উন্নয়নশীল দেশে চাপ বাড়ছে,2026,2,True,True,1,3,0,0,0,0,0,0,0,1,0,0,0,0,0,0
samakal:https://samakal.com/bangladesh/article/348216/%E0%A6%9C%E0%A7%8D%E0%A6%AC%E0%A6%BE%E0%A6%B2%E0%A6%BE%E0%A6%A8%E0%A6%BF-%E0%A6%B8%E0%A6%82%E0%A6%95%E0%A6%9F-%E0%A6%A8%E0%A6%BF%E0%A7%9F%E0%A7%87-%E0%A6%86%E0%A6%B2%E0%A7%87%E0%A6%BE%E0%A6%9A%E0%A6%A8%E0%A6%BE%E0%A6%B0-%E0%A6%AA%E0%A6%A6%E0%A7%8D%E0%A6%A7%E0%A6%A4%E0%A6%BF-%E0%A6%98%E0%A6%BF%E0%A6%B0%E0%A7%87-%E0%A6%B8%E0%A6%82%E0%A6%B8%E0%A6%A6%E0%A7%87-%E0%A6%A6%E0%A7%80%E0%A6%B0%E0%A7%8D%E0%A6%98-%E0%A6%AC%E0%A6%BF%E0%A6%A4%E0%A6%B0%E0%A7%8D%E0%A6%95%C2%A0,samakal,bn,https://samakal.com/bangladesh/article/348216/%E0%A6%9C%E0%A7%8D%E0%A6%AC%E0%A6%BE%E0%A6%B2%E0%A6%BE%E0%A6%A8%E0%A6%BF-%E0%A6%B8%E0%A6%82%E0%A6%95%E0%A6%9F-%E0%A6%A8%E0%A6%BF%E0%A7%9F%E0%A7%87-%E0%A6%86%E0%A6%B2%E0%A7%87%E0%A6%BE%E0%A6%9A%E0%A6%A8%E0%A6%BE%E0%A6%B0-%E0%A6%AA%E0%A6%A6%E0%A7%8D%E0%A6%A7%E0%A6%A4%E0%A6%BF-%E0%A6%98%E0%A6%BF%E0%A6%B0%E0%A7%87-%E0%A6%B8%E0%A6%82%E0%A6%B8%E0%A6%A6%E0%A7%87-%E0%A6%A6%E0%A7%80%E0%A6%B0%E0%A7%8D%E0%A6%98-%E0%A6%AC%E0%A6%BF%E0%A6%A4%E0%A6%B0%E0%A7%8D%E0%A6%95%C2%A0,2026-04-20,জ্বালানি সংকট নিয়ে আলোচনার পদ্ধতি ঘিরে সংসদে দীর্ঘ বিতর্ক,2026,5,True,True,1,2,0,0,0,0,0,1,0,1,0,0,0,0,0,0
samakal:https://samakal.com/opinion/article/348179/%E0%A6%AF%E0%A7%81%E0%A6%A6%E0%A7%8D%E0%A6%A7-%E0%A6%93-%E0%A6%9C%E0%A7%8D%E0%A6%AC%E0%A6%BE%E0%A6%B2%E0%A6%BE%E0%A6%A8%E0%A6%BF-%E0%A6%B8%E0%A6%82%E0%A6%95%E0%A6%9F-%E0%A6%AE%E0%A7%8B%E0%A6%95%E0%A6%BE%E0%A6%AC%E0%A6%BF%E0%A6%B2%E0%A6%BE%E0%A7%9F-%E0%A6%95%E0%A7%9F%E0%A7%87%E0%A6%95%E0%A6%9F%E0%A6%BF-%E0%A6%AA%E0%A7%8D%E0%A6%B0%E0%A6%B8%E0%A7%8D%E0%A6%A4%E0%A6%BE%E0%A6%AC,samakal,bn,https://samakal.com/opinion/article/348179/%E0%A6%AF%E0%A7%81%E0%A6%A6%E0%A7%8D%E0%A6%A7-%E0%A6%93-%E0%A6%9C%E0%A7%8D%E0%A6%AC%E0%A6%BE%E0%A6%B2%E0%A6%BE%E0%A6%A8%E0%A6%BF-%E0%A6%B8%E0%A6%82%E0%A6%95%E0%A6%9F-%E0%A6%AE%E0%A7%8B%E0%A6%95%E0%A6%BE%E0%A6%AC%E0%A6%BF%E0%A6%B2%E0%A6%BE%E0%A7%9F-%E0%A6%95%E0%A7%9F%E0%A7%87%E0%A6%95%E0%A6%9F%E0%A6%BF-%E0%A6%AA%E0%A7%8D%E0%A6%B0%E0%A6%B8%E0%A7%8D%E0%A6%A4%E0%A6%BE%E0%A6%AC,2026-04-20,যুদ্ধ ও জ্বালানি সংকট মোকাবিলায় কয়েকটি প্রস্তাব,2026,9,True,True,1,4,0,0,0,0,0,0,0,0,0,0,0,0,0,0
samakal:https://samakal.com/international/article/348138/%E0%A6%87%E0%A6%B0%E0%A6%BE%E0%A6%A8%E0%A6%BF-%E0%A6%9C%E0%A6%BE%E0%A6%B9%E0%A6%BE%E0%A6%9C-%E0%A6%9C%E0%A6%AC%E0%A7%8D%E0%A6%A6%E0%A7%87%E0%A6%B0-%E0%A6%98%E0%A7%8B%E0%A6%B7%E0%A6%A3%E0%A6%BE%E0%A7%9F-%E0%A6%A4%E0%A7%87%E0%A6%B2%E0%A7%87%E0%A6%B0-%E0%A6%A6%E0%A6%BE%E0%A6%AE-%E0%A6%AB%E0%A7%87%E0%A6%B0-%E0%A6%9A%E0%A7%9C%E0%A6%BE,samakal,bn,https://samakal.com/international/article/348138/%E0%A6%87%E0%A6%B0%E0%A6%BE%E0%A6%A8%E0%A6%BF-%E0%A6%9C%E0%A6%BE%E0%A6%B9%E0%A6%BE%E0%A6%9C-%E0%A6%9C%E0%A6%AC%E0%A7%8D%E0%A6%A6%E0%A7%87%E0%A6%B0-%E0%A6%98%E0%A7%8B%E0%A6%B7%E0%A6%A3%E0%A6%BE%E0%A7%9F-%E0%A6%A4%E0%A7%87%E0%A6%B2%E0%A7%87%E0%A6%B0-%E0%A6%A6%E0%A6%BE%E0%A6%AE-%E0%A6%AB%E0%A7%87%E0%A6%B0-%E0%A6%9A%E0%A7%9C%E0%A6%BE,2026-04-20,ইরানি জাহাজ জব্দের ঘোষণায় তেলের দাম ফের চড়া,2026,3,True,True,1,12,0,0,0,0,0,0,0,0,0,0,0,0,0,1
samakal:https://samakal.com/bangladesh/article/348123/%E0%A6%9C%E0%A7%8D%E0%A6%AC%E0%A6%BE%E0%A6%B2%E0%A6%BE%E0%A6%A8%E0%A6%BF-%E0%A6%A4%E0%A7%87%E0%A6%B2%E0%A7%87%E0%A6%B0-%E0%A6%A6%E0%A6%BE%E0%A6%AE-%E0%A6%AC%E0%A6%BE%E0%A7%9C%E0%A6%B2%E0%A7%87%E0%A6%93-%E0%A6%95%E0%A6%BE%E0%A6%9F%E0%A7%87%E0%A6%A8%E0%A6%BF-%E0%A6%B8%E0%A6%82%E0%A6%95%E0%A6%9F-%E0%A6%AC%E0%A6%BE%E0%A7%9C%E0%A7%87%E0%A6%A8%E0%A6%BF-%E0%A6%AC%E0%A6%B0%E0%A6%BE%E0%A6%A6%E0%A7%8D%E0%A6%A6,samakal,bn,https://samakal.com/bangladesh/article/348123/%E0%A6%9C%E0%A7%8D%E0%A6%AC%E0%A6%BE%E0%A6%B2%E0%A6%BE%E0%A6%A8%E0%A6%BF-%E0%A6%A4%E0%A7%87%E0%A6%B2%E0%A7%87%E0%A6%B0-%E0%A6%A6%E0%A6%BE%E0%A6%AE-%E0%A6%AC%E0%A6%BE%E0%A7%9C%E0%A6%B2%E0%A7%87%E0%A6%93-%E0%A6%95%E0%A6%BE%E0%A6%9F%E0%A7%87%E0%A6%A8%E0%A6%BF-%E0%A6%B8%E0%A6%82%E0%A6%95%E0%A6%9F-%E0%A6%AC%E0%A6%BE%E0%A7%9C%E0%A7%87%E0%A6%A8%E0%A6%BF-%E0%A6%AC%E0%A6%B0%E0%A6%BE%E0%A6%A6%E0%A7%8D%E0%A6%A6,2026-04-20,"জ্বালানি তেলের দাম বাড়লেও কাটেনি সংকট, বাড়েনি বরাদ্দ",2026,13,True,True,1,2,0,0,1,3,0,0,0,0,0,0,0,0,0,0
samakal:https://samakal.com/bangladesh/article/348106/%E0%A6%A4%E0%A7%87%E0%A6%B2%E0%A7%87%E0%A6%B0-%E0%A6%AE%E0%A7%82%E0%A6%B2%E0%A7%8D%E0%A6%AF%E0%A6%AC%E0%A7%83%E0%A6%A6%E0%A7%8D%E0%A6%A7%E0%A6%BF%E0%A6%B0-%E0%A6%AA%E0%A7%8D%E0%A6%B0%E0%A6%AD%E0%A6%BE%E0%A6%AC-%E0%A6%B8%E0%A7%81%E0%A6%A6%E0%A7%82%E0%A6%B0%E0%A6%AA%E0%A7%8D%E0%A6%B0%E0%A6%B8%E0%A6%BE%E0%A6%B0%E0%A7%80-%E0%A6%93-%E0%A6%AC%E0%A6%B9%E0%A7%81%E0%A6%AE%E0%A7%81%E0%A6%96%E0%A7%80,samakal,bn,https://samakal.com/bangladesh/article/348106/%E0%A6%A4%E0%A7%87%E0%A6%B2%E0%A7%87%E0%A6%B0-%E0%A6%AE%E0%A7%82%E0%A6%B2%E0%A7%8D%E0%A6%AF%E0%A6%AC%E0%A7%83%E0%A6%A6%E0%A7%8D%E0%A6%A7%E0%A6%BF%E0%A6%B0-%E0%A6%AA%E0%A7%8D%E0%A6%B0%E0%A6%AD%E0%A6%BE%E0%A6%AC-%E0%A6%B8%E0%A7%81%E0%A6%A6%E0%A7%82%E0%A6%B0%E0%A6%AA%E0%A7%8D%E0%A6%B0%E0%A6%B8%E0%A6%BE%E0%A6%B0%E0%A7%80-%E0%A6%93-%E0%A6%AC%E0%A6%B9%E0%A7%81%E0%A6%AE%E0%A7%81%E0%A6%96%E0%A7%80,2026-04-20,তেলের মূল্যবৃদ্ধির প্রভাব সুদূরপ্রসারী ও বহুমুখী,2026,7,True,True,1,3,0,0,1,3,0,0,0,1,0,0,1,4,0,0
samakal:https://samakal.com/international/article/348087/%E0%A6%AC%E0%A6%BF%E0%A6%B6%E0%A7%8D%E0%A6%AC%E0%A7%87-%E0%A6%A6%E0%A7%80%E0%A6%B0%E0%A7%8D%E0%A6%98%E0%A6%B8%E0%A7%8D%E0%A6%A5%E0%A6%BE%E0%A6%AF%E0%A6%BC%E0%A7%80-%E0%A6%B9%E0%A6%9A%E0%A7%8D%E0%A6%9B%E0%A7%87-%E0%A6%9C%E0%A7%8D%E0%A6%AC%E0%A6%BE%E0%A6%B2%E0%A6%BE%E0%A6%A8%E0%A6%BF-%E0%A6%B8%E0%A6%82%E0%A6%95%E0%A6%9F,samakal,bn,https://samakal.com/international/article/348087/%E0%A6%AC%E0%A6%BF%E0%A6%B6%E0%A7%8D%E0%A6%AC%E0%A7%87-%E0%A6%A6%E0%A7%80%E0%A6%B0%E0%A7%8D%E0%A6%98%E0%A6%B8%E0%A7%8D%E0%A6%A5%E0%A6%BE%E0%A6%AF%E0%A6%BC%E0%A7%80-%E0%A6%B9%E0%A6%9A%E0%A7%8D%E0%A6%9B%E0%A7%87-%E0%A6%9C%E0%A7%8D%E0%A6%AC%E0%A6%BE%E0%A6%B2%E0%A6%BE%E0%A6%A8%E0%A6%BF-%E0%A6%B8%E0%A6%82%E0%A6%95%E0%A6%9F,2026-04-20,বিশ্বে দীর্ঘস্থায়ী হচ্ছে জ্বালানি সংকট,2026,8,True,True,1,24,0,0,0,0,0,0,0,0,0,0,1,2,0,0
samakal:https://samakal.com/bangladesh/article/348360/%E0%A6%9C%E0%A7%8D%E0%A6%AC%E0%A6%BE%E0%A6%B2%E0%A6%BE%E0%A6%A8%E0%A6%BF%E0%A6%B0-%E0%A6%A6%E0%A6%BE%E0%A6%AE-%E0%A6%95%E0%A6%AE%E0%A6%BF%E0%A7%9F%E0%A7%87-%E0%A6%9C%E0%A6%A8%E0%A6%AE%E0%A6%A8%E0%A7%87-%E0%A6%B8%E0%A7%8D%E0%A6%AC%E0%A6%B8%E0%A7%8D%E0%A6%A4%E0%A6%BF-%E0%A6%AB%E0%A6%BF%E0%A6%B0%E0%A6%BF%E0%A7%9F%E0%A7%87-%E0%A6%86%E0%A6%A8%E0%A6%BE%E0%A6%B0-%E0%A6%A6%E0%A6%BE%E0%A6%AC%E0%A6%BF-%E0%A6%8F%E0%A6%A8%E0%A6%B8%E0%A6%BF%E0%A6%AA%E0%A6%BF-%E0%A6%8F%E0%A6%AE%E0%A6%AA%E0%A6%BF%E0%A6%B0,samakal,bn,https://samakal.com/bangladesh/article/348360/%E0%A6%9C%E0%A7%8D%E0%A6%AC%E0%A6%BE%E0%A6%B2%E0%A6%BE%E0%A6%A8%E0%A6%BF%E0%A6%B0-%E0%A6%A6%E0%A6%BE%E0%A6%AE-%E0%A6%95%E0%A6%AE%E0%A6%BF%E0%A7%9F%E0%A7%87-%E0%A6%9C%E0%A6%A8%E0%A6%AE%E0%A6%A8%E0%A7%87-%E0%A6%B8%E0%A7%8D%E0%A6%AC%E0%A6%B8%E0%A7%8D%E0%A6%A4%E0%A6%BF-%E0%A6%AB%E0%A6%BF%E0%A6%B0%E0%A6%BF%E0%A7%9F%E0%A7%87-%E0%A6%86%E0%A6%A8%E0%A6%BE%E0%A6%B0-%E0%A6%A6%E0%A6%BE%E0%A6%AC%E0%A6%BF-%E0%A6%8F%E0%A6%A8%E0%A6%B8%E0%A6%BF%E0%A6%AA%E0%A6%BF-%E0%A6%8F%E0%A6%AE%E0%A6%AA%E0%A6%BF%E0%A6%B0,2026-04-21,জ্বালানির দাম কমিয়ে জনমনে স্বস্তি ফিরিয়ে আনার দাবি এনসিপি এমপির,2026,6,True,True,1,2,0,1,0,1,0,0,0,0,1,2,0,0,0,0
samakal:https://samakal.com/economics/article/348349/%E0%A6%86%E0%A6%B0%E0%A6%93-%E0%A6%AA%E0%A7%8C%E0%A6%A8%E0%A7%87-%E0%A6%A6%E0%A7%81%E0%A6%87-%E0%A6%B2%E0%A6%BE%E0%A6%96-%E0%A6%9F%E0%A6%A8-%E0%A6%9C%E0%A7%8D%E0%A6%AC%E0%A6%BE%E0%A6%B2%E0%A6%BE%E0%A6%A8%E0%A6%BF-%E0%A6%A4%E0%A7%87%E0%A6%B2-%E0%A6%86%E0%A6%AE%E0%A6%A6%E0%A6%BE%E0%A6%A8%E0%A6%BF-%E0%A6%AA%E0%A7%8D%E0%A6%B0%E0%A6%B8%E0%A7%8D%E0%A6%A4%E0%A6%BE%E0%A6%AC-%E0%A6%85%E0%A6%A8%E0%A7%81%E0%A6%AE%E0%A7%8B%E0%A6%A6%E0%A6%A8,samakal,bn,https://samakal.com/economics/article/348349/%E0%A6%86%E0%A6%B0%E0%A6%93-%E0%A6%AA%E0%A7%8C%E0%A6%A8%E0%A7%87-%E0%A6%A6%E0%A7%81%E0%A6%87-%E0%A6%B2%E0%A6%BE%E0%A6%96-%E0%A6%9F%E0%A6%A8-%E0%A6%9C%E0%A7%8D%E0%A6%AC%E0%A6%BE%E0%A6%B2%E0%A6%BE%E0%A6%A8%E0%A6%BF-%E0%A6%A4%E0%A7%87%E0%A6%B2-%E0%A6%86%E0%A6%AE%E0%A6%A6%E0%A6%BE%E0%A6%A8%E0%A6%BF-%E0%A6%AA%E0%A7%8D%E0%A6%B0%E0%A6%B8%E0%A7%8D%E0%A6%A4%E0%A6%BE%E0%A6%AC-%E0%A6%85%E0%A6%A8%E0%A7%81%E0%A6%AE%E0%A7%8B%E0%A6%A6%E0%A6%A8,2026-04-21,আরও পৌনে দুই লাখ টন জ্বালানি তেল আমদানি প্রস্তাব অনুমোদন,2026,10,True,True,1,5,0,0,0,0,0,0,0,0,0,0,0,0,0,0
samakal:https://samakal.com/bangladesh/article/348283/%E0%A6%AC%E0%A6%BF%E0%A6%AA%E0%A6%BF%E0%A6%B8%E0%A6%BF%E0%A6%B0-%E0%A6%B2%E0%A6%BE%E0%A6%AD%E0%A7%87%E0%A6%B0-%E0%A6%B8%E0%A7%81%E0%A6%AB%E0%A6%B2-%E0%A6%AA%E0%A6%BE%E0%A7%9F-%E0%A6%A8%E0%A6%BE-%E0%A6%9C%E0%A6%A8%E0%A6%97%E0%A6%A3,samakal,bn,https://samakal.com/bangladesh/article/348283/%E0%A6%AC%E0%A6%BF%E0%A6%AA%E0%A6%BF%E0%A6%B8%E0%A6%BF%E0%A6%B0-%E0%A6%B2%E0%A6%BE%E0%A6%AD%E0%A7%87%E0%A6%B0-%E0%A6%B8%E0%A7%81%E0%A6%AB%E0%A6%B2-%E0%A6%AA%E0%A6%BE%E0%A7%9F-%E0%A6%A8%E0%A6%BE-%E0%A6%9C%E0%A6%A8%E0%A6%97%E0%A6%A3,2026-04-21,বিপিসির লাভের সুফল পায় না জনগণ,2026,54,True,True,1,12,0,0,0,0,0,0,0,0,0,0,1,10,0,0
samakal:https://samakal.com/bangladesh/article/348279/%E0%A6%9C%E0%A7%8D%E0%A6%AC%E0%A6%BE%E0%A6%B2%E0%A6%BE%E0%A6%A8%E0%A6%BF-%E0%A6%A4%E0%A7%87%E0%A6%B2%E0%A7%87%E0%A6%B0-%E0%A6%B8%E0%A6%B0%E0%A6%AC%E0%A6%B0%E0%A6%BE%E0%A6%B9-%E0%A6%AC%E0%A6%BE%E0%A7%9C%E0%A6%B2%E0%A7%87%E0%A6%93-%E0%A6%AD%E0%A7%8B%E0%A6%97%E0%A6%BE%E0%A6%A8%E0%A7%8D%E0%A6%A4%E0%A6%BF-%E0%A6%95%E0%A6%AE%E0%A7%87%E0%A6%A8%E0%A6%BF,samakal,bn,https://samakal.com/bangladesh/article/348279/%E0%A6%9C%E0%A7%8D%E0%A6%AC%E0%A6%BE%E0%A6%B2%E0%A6%BE%E0%A6%A8%E0%A6%BF-%E0%A6%A4%E0%A7%87%E0%A6%B2%E0%A7%87%E0%A6%B0-%E0%A6%B8%E0%A6%B0%E0%A6%AC%E0%A6%B0%E0%A6%BE%E0%A6%B9-%E0%A6%AC%E0%A6%BE%E0%A7%9C%E0%A6%B2%E0%A7%87%E0%A6%93-%E0%A6%AD%E0%A7%8B%E0%A6%97%E0%A6%BE%E0%A6%A8%E0%A7%8D%E0%A6%A4%E0%A6%BF-%E0%A6%95%E0%A6%AE%E0%A7%87%E0%A6%A8%E0%A6%BF,2026-04-21,জ্বালানি তেলের সরবরাহ বাড়লেও ভোগান্তি কমেনি,2026,14,True,True,0,0,0,0,0,1,0,0,0,0,0,0,0,0,0,0
samakal:https://samakal.com/bangladesh/article/348255/%E0%A6%9C%E0%A7%8D%E0%A6%AC%E0%A6%BE%E0%A6%B2%E0%A6%BE%E0%A6%A8%E0%A6%BF-%E0%A6%A4%E0%A7%87%E0%A6%B2%E0%A7%87%E0%A6%B0-%E0%A6%A6%E0%A6%BE%E0%A6%AE-%E0%A6%AC%E0%A6%BE%E0%A7%9C%E0%A6%BE%E0%A6%A8%E0%A7%8B%E0%A6%B0-%E0%A6%B8%E0%A6%BF%E0%A6%A6%E0%A7%8D%E0%A6%A7%E0%A6%BE%E0%A6%A8%E0%A7%8D%E0%A6%A4-%E0%A6%AA%E0%A7%8D%E0%A6%B0%E0%A6%A4%E0%A7%8D%E0%A6%AF%E0%A6%BE%E0%A6%B9%E0%A6%BE%E0%A6%B0-%E0%A6%A6%E0%A6%BE%E0%A6%AC%E0%A6%BF,samakal,bn,https://samakal.com/bangladesh/article/348255/%E0%A6%9C%E0%A7%8D%E0%A6%AC%E0%A6%BE%E0%A6%B2%E0%A6%BE%E0%A6%A8%E0%A6%BF-%E0%A6%A4%E0%A7%87%E0%A6%B2%E0%A7%87%E0%A6%B0-%E0%A6%A6%E0%A6%BE%E0%A6%AE-%E0%A6%AC%E0%A6%BE%E0%A7%9C%E0%A6%BE%E0%A6%A8%E0%A7%8B%E0%A6%B0-%E0%A6%B8%E0%A6%BF%E0%A6%A6%E0%A7%8D%E0%A6%A7%E0%A6%BE%E0%A6%A8%E0%A7%8D%E0%A6%A4-%E0%A6%AA%E0%A7%8D%E0%A6%B0%E0%A6%A4%E0%A7%8D%E0%A6%AF%E0%A6%BE%E0%A6%B9%E0%A6%BE%E0%A6%B0-%E0%A6%A6%E0%A6%BE%E0%A6%AC%E0%A6%BF,2026-04-21,জ্বালানি তেলের দাম বাড়ানোর সিদ্ধান্ত প্রত্যাহার দাবি,2026,9,True,True,0,0,0,1,1,3,0,0,1,2,0,0,0,0,1,2
samakal:https://samakal.com/bangladesh/article/348507/%E0%A6%9C%E0%A7%8D%E0%A6%AC%E0%A6%BE%E0%A6%B2%E0%A6%BE%E0%A6%A8%E0%A6%BF-%E0%A6%A4%E0%A7%87%E0%A6%B2%E0%A7%87%E0%A6%B0-%E0%A6%9C%E0%A6%A8%E0%A7%8D%E0%A6%AF-%E0%A6%AA%E0%A7%8D%E0%A6%B0%E0%A6%9A%E0%A6%A3%E0%A7%8D%E0%A6%A1-%E0%A6%97%E0%A6%B0%E0%A6%AE%E0%A7%87-%E0%A6%98%E0%A6%A3%E0%A7%8D%E0%A6%9F%E0%A6%BE%E0%A6%B0-%E0%A6%AA%E0%A6%B0-%E0%A6%98%E0%A6%A3%E0%A7%8D%E0%A6%9F%E0%A6%BE-%E0%A6%85%E0%A6%AA%E0%A7%87%E0%A6%95%E0%A7%8D%E0%A6%B7%E0%A6%BE,samakal,bn,https://samakal.com/bangladesh/article/348507/%E0%A6%9C%E0%A7%8D%E0%A6%AC%E0%A6%BE%E0%A6%B2%E0%A6%BE%E0%A6%A8%E0%A6%BF-%E0%A6%A4%E0%A7%87%E0%A6%B2%E0%A7%87%E0%A6%B0-%E0%A6%9C%E0%A6%A8%E0%A7%8D%E0%A6%AF-%E0%A6%AA%E0%A7%8D%E0%A6%B0%E0%A6%9A%E0%A6%A3%E0%A7%8D%E0%A6%A1-%E0%A6%97%E0%A6%B0%E0%A6%AE%E0%A7%87-%E0%A6%98%E0%A6%A3%E0%A7%8D%E0%A6%9F%E0%A6%BE%E0%A6%B0-%E0%A6%AA%E0%A6%B0-%E0%A6%98%E0%A6%A3%E0%A7%8D%E0%A6%9F%E0%A6%BE-%E0%A6%85%E0%A6%AA%E0%A7%87%E0%A6%95%E0%A7%8D%E0%A6%B7%E0%A6%BE,2026-04-22,জ্বালানি তেলের জন্য প্রচণ্ড গরমে ঘণ্টার পর ঘণ্টা অপেক্ষা,2026,13,True,True,0,0,0,0,1,2,0,1,0,0,0,0,0,0,0,0
samakal:https://samakal.com/whole-country/article/348491/%E0%A6%AC%E0%A6%BE%E0%A7%9C%E0%A6%BF%E0%A6%A4%E0%A7%87-%E0%A6%B0%E0%A6%BE%E0%A6%96%E0%A6%BE-%E0%A6%A1%E0%A6%BF%E0%A6%9C%E0%A7%87%E0%A6%B2%E0%A7%87%E0%A6%B0-%E0%A6%96%E0%A7%8B%E0%A6%B2%E0%A6%BE-%E0%A6%A1%E0%A7%8D%E0%A6%B0%E0%A6%BE%E0%A6%AE%E0%A7%87-%E0%A6%AA%E0%A7%9C%E0%A7%87-%E0%A6%AA%E0%A7%8D%E0%A6%B0%E0%A6%BE%E0%A6%A3-%E0%A6%97%E0%A7%87%E0%A6%B2-%E0%A7%A9-%E0%A6%AC%E0%A6%9B%E0%A6%B0%E0%A7%87%E0%A6%B0-%E0%A6%86%E0%A6%B0%E0%A6%BE%E0%A6%AB%E0%A7%87%E0%A6%B0,samakal,bn,https://samakal.com/whole-country/article/348491/%E0%A6%AC%E0%A6%BE%E0%A7%9C%E0%A6%BF%E0%A6%A4%E0%A7%87-%E0%A6%B0%E0%A6%BE%E0%A6%96%E0%A6%BE-%E0%A6%A1%E0%A6%BF%E0%A6%9C%E0%A7%87%E0%A6%B2%E0%A7%87%E0%A6%B0-%E0%A6%96%E0%A7%8B%E0%A6%B2%E0%A6%BE-%E0%A6%A1%E0%A7%8D%E0%A6%B0%E0%A6%BE%E0%A6%AE%E0%A7%87-%E0%A6%AA%E0%A7%9C%E0%A7%87-%E0%A6%AA%E0%A7%8D%E0%A6%B0%E0%A6%BE%E0%A6%A3-%E0%A6%97%E0%A7%87%E0%A6%B2-%E0%A7%A9-%E0%A6%AC%E0%A6%9B%E0%A6%B0%E0%A7%87%E0%A6%B0-%E0%A6%86%E0%A6%B0%E0%A6%BE%E0%A6%AB%E0%A7%87%E0%A6%B0,2026-04-22,বাড়িতে রাখা ডিজেলের খোলা ড্রামে পড়ে প্রাণ গেল ৩ বছরের আরাফের,2026,6,True,True,0,0,0,0,0,0,0,0,0,0,0,0,0,0,0,0
samakal:https://samakal.com/economics/article/348466/%E0%A6%9C%E0%A7%8D%E0%A6%AC%E0%A6%BE%E0%A6%B2%E0%A6%BE%E0%A6%A8%E0%A6%BF-%E0%A6%B8%E0%A6%82%E0%A6%95%E0%A6%9F%E0%A7%87%E0%A6%B0-%E0%A6%86%E0%A6%B6%E0%A6%99%E0%A7%8D%E0%A6%95%E0%A6%BE%E0%A7%9F-%E0%A6%95%E0%A7%8D%E0%A6%B0%E0%A7%9F%E0%A6%BE%E0%A6%A6%E0%A7%87%E0%A6%B6-%E0%A6%B8%E0%A7%8D%E0%A6%A5%E0%A6%97%E0%A6%BF%E0%A6%A4-%E0%A6%95%E0%A6%B0%E0%A6%9B%E0%A7%87%E0%A6%A8-%E0%A6%AC%E0%A6%BE%E0%A7%9F%E0%A6%BE%E0%A6%B0%E0%A6%B0%E0%A6%BE-%E0%A6%AF%E0%A6%BE%E0%A6%9A%E0%A7%8D%E0%A6%9B%E0%A7%87-%E0%A6%AD%E0%A6%BE%E0%A6%B0%E0%A6%A4%E0%A7%87:-%E0%A6%AC%E0%A6%BF%E0%A6%B8%E0%A6%BF%E0%A6%86%E0%A6%87-%E0%A6%B8%E0%A6%AD%E0%A6%BE%E0%A6%AA%E0%A6%A4%E0%A6%BF,samakal,bn,https://samakal.com/economics/article/348466/%E0%A6%9C%E0%A7%8D%E0%A6%AC%E0%A6%BE%E0%A6%B2%E0%A6%BE%E0%A6%A8%E0%A6%BF-%E0%A6%B8%E0%A6%82%E0%A6%95%E0%A6%9F%E0%A7%87%E0%A6%B0-%E0%A6%86%E0%A6%B6%E0%A6%99%E0%A7%8D%E0%A6%95%E0%A6%BE%E0%A7%9F-%E0%A6%95%E0%A7%8D%E0%A6%B0%E0%A7%9F%E0%A6%BE%E0%A6%A6%E0%A7%87%E0%A6%B6-%E0%A6%B8%E0%A7%8D%E0%A6%A5%E0%A6%97%E0%A6%BF%E0%A6%A4-%E0%A6%95%E0%A6%B0%E0%A6%9B%E0%A7%87%E0%A6%A8-%E0%A6%AC%E0%A6%BE%E0%A7%9F%E0%A6%BE%E0%A6%B0%E0%A6%B0%E0%A6%BE-%E0%A6%AF%E0%A6%BE%E0%A6%9A%E0%A7%8D%E0%A6%9B%E0%A7%87-%E0%A6%AD%E0%A6%BE%E0%A6%B0%E0%A6%A4%E0%A7%87:-%E0%A6%AC%E0%A6%BF%E0%A6%B8%E0%A6%BF%E0%A6%86%E0%A6%87-%E0%A6%B8%E0%A6%AD%E0%A6%BE%E0%A6%AA%E0%A6%A4%E0%A6%BF,2026-04-22,"জ্বালানি সংকটের আশঙ্কায় ক্রয়াদেশ স্থগিত করছেন বায়াররা, যাচ্ছে ভারতে: বিসিআই সভাপতি",2026,1,True,True,0,1,0,0,0,0,0,0,0,0,0,0,0,0,0,0
samakal:https://samakal.com/whole-country/article/348435/%E0%A6%9C%E0%A7%8D%E0%A6%AC%E0%A6%BE%E0%A6%B2%E0%A6%BE%E0%A6%A8%E0%A6%BF-%E0%A6%A4%E0%A7%87%E0%A6%B2%E0%A7%87%E0%A6%B0-%E0%A6%A6%E0%A6%BE%E0%A6%AE-%E0%A6%AC%E0%A6%BE%E0%A7%9C%E0%A6%BE%E0%A7%9F-%E0%A6%AC%E0%A6%BF%E0%A6%AA%E0%A6%A6%E0%A7%87-%E0%A6%A8%E0%A7%8C%E0%A6%AF%E0%A6%BE%E0%A6%A8-%E0%A6%AE%E0%A6%BE%E0%A6%B2%E0%A6%BF%E0%A6%95%E0%A6%B0%E0%A6%BE,samakal,bn,https://samakal.com/whole-country/article/348435/%E0%A6%9C%E0%A7%8D%E0%A6%AC%E0%A6%BE%E0%A6%B2%E0%A6%BE%E0%A6%A8%E0%A6%BF-%E0%A6%A4%E0%A7%87%E0%A6%B2%E0%A7%87%E0%A6%B0-%E0%A6%A6%E0%A6%BE%E0%A6%AE-%E0%A6%AC%E0%A6%BE%E0%A7%9C%E0%A6%BE%E0%A7%9F-%E0%A6%AC%E0%A6%BF%E0%A6%AA%E0%A6%A6%E0%A7%87-%E0%A6%A8%E0%A7%8C%E0%A6%AF%E0%A6%BE%E0%A6%A8-%E0%A6%AE%E0%A6%BE%E0%A6%B2%E0%A6%BF%E0%A6%95%E0%A6%B0%E0%A6%BE,2026-04-22,জ্বালানি তেলের দাম বাড়ায়  বিপদে নৌযান মালিকরা,2026,9,True,True,0,0,0,0,0,0,0,0,0,1,0,0,0,0,0,0
samakal:https://samakal.com/whole-country/article/348431/%E0%A6%9C%E0%A7%8D%E0%A6%AC%E0%A6%BE%E0%A6%B2%E0%A6%BE%E0%A6%A8%E0%A6%BF-%E0%A6%B8%E0%A6%82%E0%A6%95%E0%A6%9F-%E0%A6%93-%E0%A6%A6%E0%A6%BE%E0%A6%AE-%E0%A6%AC%E0%A6%BE%E0%A7%9C%E0%A6%BE%E0%A6%A4%E0%A7%87-%E0%A6%AC%E0%A6%BF%E0%A6%AA%E0%A6%A6%E0%A7%87-%E0%A6%95%E0%A7%83%E0%A6%B7%E0%A6%95,samakal,bn,https://samakal.com/whole-country/article/348431/%E0%A6%9C%E0%A7%8D%E0%A6%AC%E0%A6%BE%E0%A6%B2%E0%A6%BE%E0%A6%A8%E0%A6%BF-%E0%A6%B8%E0%A6%82%E0%A6%95%E0%A6%9F-%E0%A6%93-%E0%A6%A6%E0%A6%BE%E0%A6%AE-%E0%A6%AC%E0%A6%BE%E0%A7%9C%E0%A6%BE%E0%A6%A4%E0%A7%87-%E0%A6%AC%E0%A6%BF%E0%A6%AA%E0%A6%A6%E0%A7%87-%E0%A6%95%E0%A7%83%E0%A6%B7%E0%A6%95,2026-04-22,জ্বালানি সংকট ও দাম বাড়াতে বিপদে কৃষক,2026,14,True,True,0,0,0,0,0,0,0,0,0,0,0,0,0,1,0,0
samakal:https://samakal.com/whole-country/article/348623/%E0%A6%AD%E0%A6%BE%E0%A6%B0%E0%A6%A4-%E0%A6%A5%E0%A7%87%E0%A6%95%E0%A7%87-%E0%A6%AA%E0%A6%BE%E0%A6%87%E0%A6%AA%E0%A6%B2%E0%A6%BE%E0%A6%87%E0%A6%A8%E0%A7%87-%E0%A6%8F%E0%A6%B2-%E0%A6%86%E0%A6%B0%E0%A6%93-%E0%A7%AD-%E0%A6%B9%E0%A6%BE%E0%A6%9C%E0%A6%BE%E0%A6%B0-%E0%A6%AE%E0%A7%87%E0%A6%9F%E0%A7%8D%E0%A6%B0%E0%A6%BF%E0%A6%95-%E0%A6%9F%E0%A6%A8-%E0%A6%A1%E0%A6%BF%E0%A6%9C%E0%A7%87%E0%A6%B2,samakal,bn,https://samakal.com/whole-country/article/348623/%E0%A6%AD%E0%A6%BE%E0%A6%B0%E0%A6%A4-%E0%A6%A5%E0%A7%87%E0%A6%95%E0%A7%87-%E0%A6%AA%E0%A6%BE%E0%A6%87%E0%A6%AA%E0%A6%B2%E0%A6%BE%E0%A6%87%E0%A6%A8%E0%A7%87-%E0%A6%8F%E0%A6%B2-%E0%A6%86%E0%A6%B0%E0%A6%93-%E0%A7%AD-%E0%A6%B9%E0%A6%BE%E0%A6%9C%E0%A6%BE%E0%A6%B0-%E0%A6%AE%E0%A7%87%E0%A6%9F%E0%A7%8D%E0%A6%B0%E0%A6%BF%E0%A6%95-%E0%A6%9F%E0%A6%A8-%E0%A6%A1%E0%A6%BF%E0%A6%9C%E0%A7%87%E0%A6%B2,2026-04-23,ভারত থেকে পাইপলাইনে এল আরও ৭ হাজার মেট্রিক টন ডিজেল,2026,12,True,True,0,0,0,0,0,0,1,11,0,0,0,0,0,0,0,0
samakal:https://samakal.com/bangladesh/article/348591/%E0%A6%9C%E0%A7%8D%E0%A6%AC%E0%A6%BE%E0%A6%B2%E0%A6%BE%E0%A6%A8%E0%A6%BF-%E0%A6%B8%E0%A6%82%E0%A6%95%E0%A6%9F-%E0%A6%A8%E0%A6%BF%E0%A7%9F%E0%A7%87-%E0%A6%AC%E0%A6%BF%E0%A6%B0%E0%A7%87%E0%A6%BE%E0%A6%A7%E0%A7%80-%E0%A6%A6%E0%A6%B2%E0%A7%87%E0%A6%B0-%E0%A6%86%E0%A6%B2%E0%A7%8B%E0%A6%9A%E0%A6%A8%E0%A6%BE%E0%A6%B0-%E0%A6%AA%E0%A7%8D%E0%A6%B0%E0%A6%B8%E0%A7%8D%E0%A6%A4%E0%A6%BE%E0%A6%AC%E0%A7%87-%E0%A6%AA%E0%A7%8D%E0%A6%B0%E0%A6%A7%E0%A6%BE%E0%A6%A8%E0%A6%AE%E0%A6%A8%E0%A7%8D%E0%A6%A4%E0%A7%8D%E0%A6%B0%E0%A7%80%E0%A6%B0-%E0%A6%B8%E0%A6%BE%E0%A7%9C%E0%A6%BE,samakal,bn,https://samakal.com/bangladesh/article/348591/%E0%A6%9C%E0%A7%8D%E0%A6%AC%E0%A6%BE%E0%A6%B2%E0%A6%BE%E0%A6%A8%E0%A6%BF-%E0%A6%B8%E0%A6%82%E0%A6%95%E0%A6%9F-%E0%A6%A8%E0%A6%BF%E0%A7%9F%E0%A7%87-%E0%A6%AC%E0%A6%BF%E0%A6%B0%E0%A7%87%E0%A6%BE%E0%A6%A7%E0%A7%80-%E0%A6%A6%E0%A6%B2%E0%A7%87%E0%A6%B0-%E0%A6%86%E0%A6%B2%E0%A7%8B%E0%A6%9A%E0%A6%A8%E0%A6%BE%E0%A6%B0-%E0%A6%AA%E0%A7%8D%E0%A6%B0%E0%A6%B8%E0%A7%8D%E0%A6%A4%E0%A6%BE%E0%A6%AC%E0%A7%87-%E0%A6%AA%E0%A7%8D%E0%A6%B0%E0%A6%A7%E0%A6%BE%E0%A6%A8%E0%A6%AE%E0%A6%A8%E0%A7%8D%E0%A6%A4%E0%A7%8D%E0%A6%B0%E0%A7%80%E0%A6%B0-%E0%A6%B8%E0%A6%BE%E0%A7%9C%E0%A6%BE,2026-04-23,জ্বালানি সংকট নিয়ে বিরোধী দলের আলোচনার প্রস্তাবে প্রধানমন্ত্রীর সাড়া,2026,8,True,True,1,5,0,1,1,2,0,1,0,1,0,0,0,0,0,0
samakal:https://samakal.com/whole-country/article/348804/%E0%A6%A1%E0%A6%BF%E0%A6%9C%E0%A7%87%E0%A6%B2%E0%A7%87%E0%A6%B0-%E0%A6%A6%E0%A6%BE%E0%A6%AE-%E0%A6%AC%E0%A7%83%E0%A6%A6%E0%A7%8D%E0%A6%A7%E0%A6%BF-%E0%A6%AE%E0%A7%82%E0%A6%B2%E0%A7%8D%E0%A6%AF%E0%A6%B8%E0%A7%8D%E0%A6%AB%E0%A7%80%E0%A6%A4%E0%A6%BF%E0%A6%A4%E0%A7%87-%E0%A6%AC%E0%A7%9C-%E0%A6%A8%E0%A7%87%E0%A6%A4%E0%A6%BF%E0%A6%AC%E0%A6%BE%E0%A6%9A%E0%A6%95-%E0%A6%AA%E0%A7%8D%E0%A6%B0%E0%A6%AD%E0%A6%BE%E0%A6%AC-%E0%A6%AB%E0%A7%87%E0%A6%B2%E0%A6%AC%E0%A7%87-%E0%A6%A8%E0%A6%BE-%C2%A0,samakal,bn,https://samakal.com/whole-country/article/348804/%E0%A6%A1%E0%A6%BF%E0%A6%9C%E0%A7%87%E0%A6%B2%E0%A7%87%E0%A6%B0-%E0%A6%A6%E0%A6%BE%E0%A6%AE-%E0%A6%AC%E0%A7%83%E0%A6%A6%E0%A7%8D%E0%A6%A7%E0%A6%BF-%E0%A6%AE%E0%A7%82%E0%A6%B2%E0%A7%8D%E0%A6%AF%E0%A6%B8%E0%A7%8D%E0%A6%AB%E0%A7%80%E0%A6%A4%E0%A6%BF%E0%A6%A4%E0%A7%87-%E0%A6%AC%E0%A7%9C-%E0%A6%A8%E0%A7%87%E0%A6%A4%E0%A6%BF%E0%A6%AC%E0%A6%BE%E0%A6%9A%E0%A6%95-%E0%A6%AA%E0%A7%8D%E0%A6%B0%E0%A6%AD%E0%A6%BE%E0%A6%AC-%E0%A6%AB%E0%A7%87%E0%A6%B2%E0%A6%AC%E0%A7%87-%E0%A6%A8%E0%A6%BE-%C2%A0,2026-04-24,ডিজেলের দাম বৃদ্ধি মূল্যস্ফীতিতে বড় নেতিবাচক প্রভাব ফেলবে না,2026,3,True,True,1,2,0,1,0,0,0,0,0,0,0,0,0,0,0,0
samakal:https://samakal.com/whole-country/article/348768/%E0%A6%9C%E0%A7%8D%E0%A6%AC%E0%A6%BE%E0%A6%B2%E0%A6%BE%E0%A6%A8%E0%A6%BF-%E0%A6%B8%E0%A6%82%E0%A6%95%E0%A6%9F%E0%A7%87-%E0%A6%9A%E0%A6%B2%E0%A6%9B%E0%A7%87-%E0%A6%A8%E0%A6%BE-%E0%A6%85%E0%A6%A8%E0%A7%87%E0%A6%95-%E0%A6%B8%E0%A7%8D%E0%A6%AA%E0%A6%BF%E0%A6%A1%E0%A6%AC%E0%A7%8B%E0%A6%9F,samakal,bn,https://samakal.com/whole-country/article/348768/%E0%A6%9C%E0%A7%8D%E0%A6%AC%E0%A6%BE%E0%A6%B2%E0%A6%BE%E0%A6%A8%E0%A6%BF-%E0%A6%B8%E0%A6%82%E0%A6%95%E0%A6%9F%E0%A7%87-%E0%A6%9A%E0%A6%B2%E0%A6%9B%E0%A7%87-%E0%A6%A8%E0%A6%BE-%E0%A6%85%E0%A6%A8%E0%A7%87%E0%A6%95-%E0%A6%B8%E0%A7%8D%E0%A6%AA%E0%A6%BF%E0%A6%A1%E0%A6%AC%E0%A7%8B%E0%A6%9F,2026-04-24,জ্বালানি সংকটে চলছে না অনেক স্পিডবোট,2026,15,True,True,1,2,0,0,0,0,0,0,0,0,0,0,0,0,0,0
samakal:https://samakal.com/whole-country/article/348973/%E0%A6%AB%E0%A6%B0%E0%A6%BF%E0%A6%A6%E0%A6%AA%E0%A7%81%E0%A6%B0-%E0%A6%A1%E0%A6%BF%E0%A6%9C%E0%A7%87%E0%A6%B2-%E0%A6%B8%E0%A6%B0%E0%A6%AC%E0%A6%B0%E0%A6%BE%E0%A6%B9%E0%A7%87-%E0%A6%98%E0%A6%BE%E0%A6%9F%E0%A6%A4%E0%A6%BF-%E0%A6%AA%E0%A6%BE%E0%A6%9F-%E0%A6%9A%E0%A6%BE%E0%A6%B7-%E0%A6%AC%E0%A7%8D%E0%A6%AF%E0%A6%BE%E0%A6%B9%E0%A6%A4-%E0%A6%B9%E0%A6%93%E0%A7%9F%E0%A6%BE%E0%A6%B0-%E0%A6%B6%E0%A6%99%E0%A7%8D%E0%A6%95%E0%A6%BE,samakal,bn,https://samakal.com/whole-country/article/348973/%E0%A6%AB%E0%A6%B0%E0%A6%BF%E0%A6%A6%E0%A6%AA%E0%A7%81%E0%A6%B0-%E0%A6%A1%E0%A6%BF%E0%A6%9C%E0%A7%87%E0%A6%B2-%E0%A6%B8%E0%A6%B0%E0%A6%AC%E0%A6%B0%E0%A6%BE%E0%A6%B9%E0%A7%87-%E0%A6%98%E0%A6%BE%E0%A6%9F%E0%A6%A4%E0%A6%BF-%E0%A6%AA%E0%A6%BE%E0%A6%9F-%E0%A6%9A%E0%A6%BE%E0%A6%B7-%E0%A6%AC%E0%A7%8D%E0%A6%AF%E0%A6%BE%E0%A6%B9%E0%A6%A4-%E0%A6%B9%E0%A6%93%E0%A7%9F%E0%A6%BE%E0%A6%B0-%E0%A6%B6%E0%A6%99%E0%A7%8D%E0%A6%95%E0%A6%BE,2026-04-25,"ফরিদপুর ডিজেল সরবরাহে ঘাটতি, পাট চাষ ব্যাহত হওয়ার শঙ্কা",2026,9,True,True,1,2,0,0,0,0,0,0,0,0,0,0,1,2,0,0
samakal:https://samakal.com/economics/article/348968/%E0%A6%B8%E0%A6%BE%E0%A6%AD%E0%A6%BE%E0%A6%B0-%E0%A6%86%E0%A6%B6%E0%A7%81%E0%A6%B2%E0%A6%BF%E0%A7%9F%E0%A6%BE%E0%A7%9F-%E0%A6%9C%E0%A7%8D%E0%A6%AC%E0%A6%BE%E0%A6%B2%E0%A6%BE%E0%A6%A8%E0%A6%BF-%E0%A6%B8%E0%A6%82%E0%A6%95%E0%A6%9F-%E0%A6%93-%E0%A6%B2%E0%A7%8B%E0%A6%A1%E0%A6%B6%E0%A7%87%E0%A6%A1%E0%A6%BF%E0%A6%82%E0%A7%9F%E0%A7%87-%E0%A6%AA%E0%A7%8B%E0%A6%B6%E0%A6%BE%E0%A6%95-%E0%A6%B6%E0%A6%BF%E0%A6%B2%E0%A7%8D%E0%A6%AA%E0%A7%87-%E0%A6%89%E0%A7%8E%E0%A6%AA%E0%A6%BE%E0%A6%A6%E0%A6%A8-%E0%A6%AC%E0%A6%BF%E0%A6%AA%E0%A6%B0%E0%A7%8D%E0%A6%AF%E0%A7%9F,samakal,bn,https://samakal.com/economics/article/348968/%E0%A6%B8%E0%A6%BE%E0%A6%AD%E0%A6%BE%E0%A6%B0-%E0%A6%86%E0%A6%B6%E0%A7%81%E0%A6%B2%E0%A6%BF%E0%A7%9F%E0%A6%BE%E0%A7%9F-%E0%A6%9C%E0%A7%8D%E0%A6%AC%E0%A6%BE%E0%A6%B2%E0%A6%BE%E0%A6%A8%E0%A6%BF-%E0%A6%B8%E0%A6%82%E0%A6%95%E0%A6%9F-%E0%A6%93-%E0%A6%B2%E0%A7%8B%E0%A6%A1%E0%A6%B6%E0%A7%87%E0%A6%A1%E0%A6%BF%E0%A6%82%E0%A7%9F%E0%A7%87-%E0%A6%AA%E0%A7%8B%E0%A6%B6%E0%A6%BE%E0%A6%95-%E0%A6%B6%E0%A6%BF%E0%A6%B2%E0%A7%8D%E0%A6%AA%E0%A7%87-%E0%A6%89%E0%A7%8E%E0%A6%AA%E0%A6%BE%E0%A6%A6%E0%A6%A8-%E0%A6%AC%E0%A6%BF%E0%A6%AA%E0%A6%B0%E0%A7%8D%E0%A6%AF%E0%A7%9F,2026-04-25,সাভার-আশুলিয়ায় জ্বালানি সংকট ও লোডশেডিংয়ে পোশাক শিল্পে উৎপাদন বিপর্যয়,2026,10,True,True,0,0,0,0,0,0,0,0,0,0,0,0,0,0,0,0
samakal:https://samakal.com/whole-country/article/348933/%E0%A6%9C%E0%A7%8D%E0%A6%AC%E0%A6%BE%E0%A6%B2%E0%A6%BE%E0%A6%A8%E0%A6%BF%E0%A6%B0-%E0%A6%A6%E0%A6%BE%E0%A6%AE-%E0%A6%AC%E0%A7%83%E0%A6%A6%E0%A7%8D%E0%A6%A7%E0%A6%BF%E0%A6%A4%E0%A7%87-%E0%A6%A8%E0%A6%BF%E0%A6%A4%E0%A7%8D%E0%A6%AF%E0%A6%AA%E0%A6%A3%E0%A7%8D%E0%A6%AF%E0%A7%87%E0%A6%B0-%E0%A6%AE%E0%A7%82%E0%A6%B2%E0%A7%8D%E0%A6%AF-%E0%A6%AC%E0%A6%BE%E0%A7%9C%E0%A6%BE%E0%A6%B0-%E0%A6%B8%E0%A7%81%E0%A6%AF%E0%A7%8B%E0%A6%97-%E0%A6%A8%E0%A7%87%E0%A6%87:-%E0%A6%AC%E0%A6%BE%E0%A6%A3%E0%A6%BF%E0%A6%9C%E0%A7%8D%E0%A6%AF%E0%A6%AE%E0%A6%A8%E0%A7%8D%E0%A6%A4%E0%A7%8D%E0%A6%B0%E0%A7%80,samakal,bn,https://samakal.com/whole-country/article/348933/%E0%A6%9C%E0%A7%8D%E0%A6%AC%E0%A6%BE%E0%A6%B2%E0%A6%BE%E0%A6%A8%E0%A6%BF%E0%A6%B0-%E0%A6%A6%E0%A6%BE%E0%A6%AE-%E0%A6%AC%E0%A7%83%E0%A6%A6%E0%A7%8D%E0%A6%A7%E0%A6%BF%E0%A6%A4%E0%A7%87-%E0%A6%A8%E0%A6%BF%E0%A6%A4%E0%A7%8D%E0%A6%AF%E0%A6%AA%E0%A6%A3%E0%A7%8D%E0%A6%AF%E0%A7%87%E0%A6%B0-%E0%A6%AE%E0%A7%82%E0%A6%B2%E0%A7%8D%E0%A6%AF-%E0%A6%AC%E0%A6%BE%E0%A7%9C%E0%A6%BE%E0%A6%B0-%E0%A6%B8%E0%A7%81%E0%A6%AF%E0%A7%8B%E0%A6%97-%E0%A6%A8%E0%A7%87%E0%A6%87:-%E0%A6%AC%E0%A6%BE%E0%A6%A3%E0%A6%BF%E0%A6%9C%E0%A7%8D%E0%A6%AF%E0%A6%AE%E0%A6%A8%E0%A7%8D%E0%A6%A4%E0%A7%8D%E0%A6%B0%E0%A7%80,2026-04-25,জ্বালানির দাম বৃদ্ধিতে নিত্যপণ্যের মূল্য বাড়ার সুযোগ নেই: বাণিজ্যমন্ত্রী,2026,3,True,True,0,1,0,0,0,0,0,0,0,0,0,0,0,0,0,0
samakal:https://samakal.com/whole-country/article/348893/%E0%A6%A1%E0%A6%BF%E0%A6%9C%E0%A7%87%E0%A6%B2-%E0%A6%B8%E0%A6%82%E0%A6%95%E0%A6%9F%E0%A7%87-%E0%A6%AA%E0%A6%B0%E0%A6%BF%E0%A6%AC%E0%A6%B9%E0%A6%A8-%E0%A6%85%E0%A6%9A%E0%A6%B2-%E0%A6%95%E0%A6%B0%E0%A7%8D%E0%A6%AE%E0%A6%B9%E0%A7%80%E0%A6%A8-%E0%A6%B6%E0%A6%A4-%E0%A6%B6%E0%A6%A4-%E0%A6%B6%E0%A7%8D%E0%A6%B0%E0%A6%AE%E0%A6%BF%E0%A6%95,samakal,bn,https://samakal.com/whole-country/article/348893/%E0%A6%A1%E0%A6%BF%E0%A6%9C%E0%A7%87%E0%A6%B2-%E0%A6%B8%E0%A6%82%E0%A6%95%E0%A6%9F%E0%A7%87-%E0%A6%AA%E0%A6%B0%E0%A6%BF%E0%A6%AC%E0%A6%B9%E0%A6%A8-%E0%A6%85%E0%A6%9A%E0%A6%B2-%E0%A6%95%E0%A6%B0%E0%A7%8D%E0%A6%AE%E0%A6%B9%E0%A7%80%E0%A6%A8-%E0%A6%B6%E0%A6%A4-%E0%A6%B6%E0%A6%A4-%E0%A6%B6%E0%A7%8D%E0%A6%B0%E0%A6%AE%E0%A6%BF%E0%A6%95,2026-04-25,"ডিজেল সংকটে পরিবহন অচল, কর্মহীন শত শত শ্রমিক",2026,4,True,True,0,1,0,0,0,0,0,0,0,0,0,0,0,0,0,0
samakal:https://samakal.com/whole-country/article/348859/%E0%A6%A1%E0%A6%BF%E0%A6%9C%E0%A7%87%E0%A6%B2%E0%A7%87%E0%A6%B0-%E0%A6%A6%E0%A6%BE%E0%A6%AE-%E0%A6%AC%E0%A7%83%E0%A6%A6%E0%A7%8D%E0%A6%A7%E0%A6%BF-%E0%A6%AE%E0%A7%82%E0%A6%B2%E0%A7%8D%E0%A6%AF%E0%A6%B8%E0%A7%8D%E0%A6%AB%E0%A7%80%E0%A6%A4%E0%A6%BF%E0%A6%A4%E0%A7%87-%E0%A6%AC%E0%A7%9C-%E0%A6%AA%E0%A7%8D%E0%A6%B0%E0%A6%AD%E0%A6%BE%E0%A6%AC-%E0%A6%AB%E0%A7%87%E0%A6%B2%E0%A6%AC%E0%A7%87-%E0%A6%A8%E0%A6%BE:-%E0%A6%AC%E0%A6%BE%E0%A6%A3%E0%A6%BF%E0%A6%9C%E0%A7%8D%E0%A6%AF%E0%A6%AE%E0%A6%A8%E0%A7%8D%E0%A6%A4%E0%A7%8D%E0%A6%B0%E0%A7%80,samakal,bn,https://samakal.com/whole-country/article/348859/%E0%A6%A1%E0%A6%BF%E0%A6%9C%E0%A7%87%E0%A6%B2%E0%A7%87%E0%A6%B0-%E0%A6%A6%E0%A6%BE%E0%A6%AE-%E0%A6%AC%E0%A7%83%E0%A6%A6%E0%A7%8D%E0%A6%A7%E0%A6%BF-%E0%A6%AE%E0%A7%82%E0%A6%B2%E0%A7%8D%E0%A6%AF%E0%A6%B8%E0%A7%8D%E0%A6%AB%E0%A7%80%E0%A6%A4%E0%A6%BF%E0%A6%A4%E0%A7%87-%E0%A6%AC%E0%A7%9C-%E0%A6%AA%E0%A7%8D%E0%A6%B0%E0%A6%AD%E0%A6%BE%E0%A6%AC-%E0%A6%AB%E0%A7%87%E0%A6%B2%E0%A6%AC%E0%A7%87-%E0%A6%A8%E0%A6%BE:-%E0%A6%AC%E0%A6%BE%E0%A6%A3%E0%A6%BF%E0%A6%9C%E0%A7%8D%E0%A6%AF%E0%A6%AE%E0%A6%A8%E0%A7%8D%E0%A6%A4%E0%A7%8D%E0%A6%B0%E0%A7%80,2026-04-25,ডিজেলের দাম বৃদ্ধি মূল্যস্ফীতিতে বড় প্রভাব ফেলবে না: বাণিজ্যমন্ত্রী,2026,3,True,True,1,2,0,1,0,0,0,0,0,0,0,0,0,0,0,0
samakal:https://samakal.com/bangladesh/article/349068/%E0%A6%9C%E0%A7%8D%E0%A6%AC%E0%A6%BE%E0%A6%B2%E0%A6%BE%E0%A6%A8%E0%A6%BF-%E0%A6%B8%E0%A6%82%E0%A6%95%E0%A6%9F%E0%A7%87-%E0%A6%B6%E0%A6%BF%E0%A6%B2%E0%A7%8D%E0%A6%AA%E0%A6%95%E0%A6%BE%E0%A6%B0%E0%A6%96%E0%A6%BE%E0%A6%A8%E0%A6%BE%E0%A7%9F-%E0%A6%89%E0%A7%8E%E0%A6%AA%E0%A6%BE%E0%A6%A6%E0%A6%A8-%E0%A7%A8%E0%A7%AA-%E0%A6%B6%E0%A6%A4%E0%A6%BE%E0%A6%82%E0%A6%B6-%E0%A6%95%E0%A6%AE%E0%A7%87%E0%A6%9B%E0%A7%87,samakal,bn,https://samakal.com/bangladesh/article/349068/%E0%A6%9C%E0%A7%8D%E0%A6%AC%E0%A6%BE%E0%A6%B2%E0%A6%BE%E0%A6%A8%E0%A6%BF-%E0%A6%B8%E0%A6%82%E0%A6%95%E0%A6%9F%E0%A7%87-%E0%A6%B6%E0%A6%BF%E0%A6%B2%E0%A7%8D%E0%A6%AA%E0%A6%95%E0%A6%BE%E0%A6%B0%E0%A6%96%E0%A6%BE%E0%A6%A8%E0%A6%BE%E0%A7%9F-%E0%A6%89%E0%A7%8E%E0%A6%AA%E0%A6%BE%E0%A6%A6%E0%A6%A8-%E0%A7%A8%E0%A7%AA-%E0%A6%B6%E0%A6%A4%E0%A6%BE%E0%A6%82%E0%A6%B6-%E0%A6%95%E0%A6%AE%E0%A7%87%E0%A6%9B%E0%A7%87,2026-04-26,জ্বালানি সংকটে শিল্পকারখানায় উৎপাদন ২৪ শতাংশ কমেছে,2026,21,True,True,1,3,0,0,0,0,0,0,0,0,0,0,1,5,0,0
samakal:https://samakal.com/opinion/article/349024/%E0%A6%9C%E0%A7%8D%E0%A6%AC%E0%A6%BE%E0%A6%B2%E0%A6%BE%E0%A6%A8%E0%A6%BF-%E0%A6%96%E0%A6%BE%E0%A6%A4%E0%A7%87-%E2%80%98%E0%A6%95%E0%A7%83%E0%A6%A4%E0%A7%8D%E0%A6%B0%E0%A6%BF%E0%A6%AE%E2%80%99-%E0%A6%B8%E0%A6%82%E0%A6%95%E0%A6%9F,samakal,bn,https://samakal.com/opinion/article/349024/%E0%A6%9C%E0%A7%8D%E0%A6%AC%E0%A6%BE%E0%A6%B2%E0%A6%BE%E0%A6%A8%E0%A6%BF-%E0%A6%96%E0%A6%BE%E0%A6%A4%E0%A7%87-%E2%80%98%E0%A6%95%E0%A7%83%E0%A6%A4%E0%A7%8D%E0%A6%B0%E0%A6%BF%E0%A6%AE%E2%80%99-%E0%A6%B8%E0%A6%82%E0%A6%95%E0%A6%9F,2026-04-26,জ্বালানি খাতে ‘কৃত্রিম’ সংকট,2026,3,True,True,0,0,0,0,1,4,0,0,0,0,0,0,0,1,0,0
samakal:https://samakal.com/whole-country/article/349182/%E0%A6%9A%E0%A6%BE%E0%A6%B9%E0%A6%BF%E0%A6%A6%E0%A6%BE%E0%A6%AE%E0%A6%A4%E0%A7%8B-%E0%A6%9C%E0%A7%8D%E0%A6%AC%E0%A6%BE%E0%A6%B2%E0%A6%BE%E0%A6%A8%E0%A6%BF-%E0%A6%A4%E0%A7%87%E0%A6%B2-%E0%A6%AA%E0%A6%BE%E0%A6%9A%E0%A7%8D%E0%A6%9B%E0%A7%87%E0%A6%A8-%E0%A6%A8%E0%A6%BE-%E0%A6%B9%E0%A6%BE%E0%A6%B0%E0%A6%AD%E0%A7%87%E0%A6%B8%E0%A7%8D%E0%A6%9F%E0%A6%BE%E0%A6%B0-%E0%A6%93-%E0%A6%AE%E0%A6%BE%E0%A7%9C%E0%A6%BE%E0%A6%87%E0%A6%95%E0%A6%B2-%E0%A6%AE%E0%A6%BE%E0%A6%B2%E0%A6%BF%E0%A6%95%E0%A6%B0%E0%A6%BE,samakal,bn,https://samakal.com/whole-country/article/349182/%E0%A6%9A%E0%A6%BE%E0%A6%B9%E0%A6%BF%E0%A6%A6%E0%A6%BE%E0%A6%AE%E0%A6%A4%E0%A7%8B-%E0%A6%9C%E0%A7%8D%E0%A6%AC%E0%A6%BE%E0%A6%B2%E0%A6%BE%E0%A6%A8%E0%A6%BF-%E0%A6%A4%E0%A7%87%E0%A6%B2-%E0%A6%AA%E0%A6%BE%E0%A6%9A%E0%A7%8D%E0%A6%9B%E0%A7%87%E0%A6%A8-%E0%A6%A8%E0%A6%BE-%E0%A6%B9%E0%A6%BE%E0%A6%B0%E0%A6%AD%E0%A7%87%E0%A6%B8%E0%A7%8D%E0%A6%9F%E0%A6%BE%E0%A6%B0-%E0%A6%93-%E0%A6%AE%E0%A6%BE%E0%A7%9C%E0%A6%BE%E0%A6%87%E0%A6%95%E0%A6%B2-%E0%A6%AE%E0%A6%BE%E0%A6%B2%E0%A6%BF%E0%A6%95%E0%A6%B0%E0%A6%BE,2026-04-27,চাহিদামতো জ্বালানি তেল পাচ্ছেন না হারভেস্টার ও মাড়াইকল মালিকরা,2026,13,True,True,0,0,0,0,0,0,0,0,1,2,0,0,0,1,0,0
samakal:https://samakal.com/opinion/article/349402/%E0%A6%9C%E0%A7%8D%E0%A6%AC%E0%A6%BE%E0%A6%B2%E0%A6%BE%E0%A6%A8%E0%A6%BF-%E0%A6%B8%E0%A6%82%E0%A6%95%E0%A6%9F%E0%A7%87-%E0%A6%AA%E0%A6%A5-%E0%A6%A6%E0%A7%87%E0%A6%96%E0%A6%BE%E0%A6%95-%E0%A6%B0%E0%A7%82%E0%A6%AA%E0%A6%AA%E0%A7%81%E0%A6%B0-%E0%A6%AA%E0%A6%BE%E0%A6%B0%E0%A6%AE%E0%A6%BE%E0%A6%A3%E0%A6%AC%E0%A6%BF%E0%A6%95-%E0%A6%AC%E0%A6%BF%E0%A6%A6%E0%A7%8D%E0%A6%AF%E0%A7%81%E0%A7%8E%E0%A6%95%E0%A7%87%E0%A6%A8%E0%A7%8D%E0%A6%A6%E0%A7%8D%E0%A6%B0,samakal,bn,https://samakal.com/opinion/article/349402/%E0%A6%9C%E0%A7%8D%E0%A6%AC%E0%A6%BE%E0%A6%B2%E0%A6%BE%E0%A6%A8%E0%A6%BF-%E0%A6%B8%E0%A6%82%E0%A6%95%E0%A6%9F%E0%A7%87-%E0%A6%AA%E0%A6%A5-%E0%A6%A6%E0%A7%87%E0%A6%96%E0%A6%BE%E0%A6%95-%E0%A6%B0%E0%A7%82%E0%A6%AA%E0%A6%AA%E0%A7%81%E0%A6%B0-%E0%A6%AA%E0%A6%BE%E0%A6%B0%E0%A6%AE%E0%A6%BE%E0%A6%A3%E0%A6%AC%E0%A6%BF%E0%A6%95-%E0%A6%AC%E0%A6%BF%E0%A6%A6%E0%A7%8D%E0%A6%AF%E0%A7%81%E0%A7%8E%E0%A6%95%E0%A7%87%E0%A6%A8%E0%A7%8D%E0%A6%A6%E0%A7%8D%E0%A6%B0,2026-04-28,জ্বালানি সংকটে পথ দেখাক রূপপুর পারমাণবিক বিদ্যুৎকেন্দ্র,2026,1,True,True,1,2,0,0,0,0,0,0,0,1,0,0,0,0,0,0
samakal:https://samakal.com/international/article/349563/%E0%A6%86%E0%A6%AE%E0%A6%BF%E0%A6%B0%E0%A6%BE%E0%A6%A4-%E0%A6%93%E0%A6%AA%E0%A7%87%E0%A6%95-%E0%A6%9B%E0%A6%BE%E0%A7%9C%E0%A6%BE%E0%A7%9F-%E0%A6%A4%E0%A7%87%E0%A6%B2%E0%A7%87%E0%A6%B0-%E0%A6%A6%E0%A6%BE%E0%A6%AE-%E0%A6%95%E0%A7%87%E0%A6%A8-%E0%A6%95%E0%A6%AE%E0%A6%A4%E0%A7%87-%E0%A6%AA%E0%A6%BE%E0%A6%B0%E0%A7%87,samakal,bn,https://samakal.com/international/article/349563/%E0%A6%86%E0%A6%AE%E0%A6%BF%E0%A6%B0%E0%A6%BE%E0%A6%A4-%E0%A6%93%E0%A6%AA%E0%A7%87%E0%A6%95-%E0%A6%9B%E0%A6%BE%E0%A7%9C%E0%A6%BE%E0%A7%9F-%E0%A6%A4%E0%A7%87%E0%A6%B2%E0%A7%87%E0%A6%B0-%E0%A6%A6%E0%A6%BE%E0%A6%AE-%E0%A6%95%E0%A7%87%E0%A6%A8-%E0%A6%95%E0%A6%AE%E0%A6%A4%E0%A7%87-%E0%A6%AA%E0%A6%BE%E0%A6%B0%E0%A7%87,2026-04-29,আমিরাত ওপেক ছাড়ায় তেলের দাম কেন কমতে পারে,2026,4,True,True,1,8,0,0,0,0,0,0,0,0,0,0,0,1,0,0
samakal:https://samakal.com/whole-country/article/349776/%E0%A7%A8%E0%A7%AC-%E0%A6%B9%E0%A6%BE%E0%A6%9C%E0%A6%BE%E0%A6%B0-%E0%A6%9F%E0%A6%A8-%E0%A6%85%E0%A6%95%E0%A6%9F%E0%A7%87%E0%A6%A8-%E0%A6%A8%E0%A6%BF%E0%A7%9F%E0%A7%87-%E0%A6%9A%E0%A6%9F%E0%A7%8D%E0%A6%9F%E0%A6%97%E0%A7%8D%E0%A6%B0%E0%A6%BE%E0%A6%AE-%E0%A6%AC%E0%A6%A8%E0%A7%8D%E0%A6%A6%E0%A6%B0%E0%A7%87-%E0%A6%9C%E0%A6%BE%E0%A6%B9%E0%A6%BE%E0%A6%9C-%E0%A6%95%E0%A7%81%E0%A6%87%E0%A6%9A%E0%A6%BF,samakal,bn,https://samakal.com/whole-country/article/349776/%E0%A7%A8%E0%A7%AC-%E0%A6%B9%E0%A6%BE%E0%A6%9C%E0%A6%BE%E0%A6%B0-%E0%A6%9F%E0%A6%A8-%E0%A6%85%E0%A6%95%E0%A6%9F%E0%A7%87%E0%A6%A8-%E0%A6%A8%E0%A6%BF%E0%A7%9F%E0%A7%87-%E0%A6%9A%E0%A6%9F%E0%A7%8D%E0%A6%9F%E0%A6%97%E0%A7%8D%E0%A6%B0%E0%A6%BE%E0%A6%AE-%E0%A6%AC%E0%A6%A8%E0%A7%8D%E0%A6%A6%E0%A6%B0%E0%A7%87-%E0%A6%9C%E0%A6%BE%E0%A6%B9%E0%A6%BE%E0%A6%9C-%E0%A6%95%E0%A7%81%E0%A6%87%E0%A6%9A%E0%A6%BF,2026-04-30,২৬ হাজার টন অকটেন নিয়ে চট্টগ্রাম বন্দরে জাহাজ কুইচি,2026,7,True,True,0,0,0,0,0,0,0,0,0,0,0,0,0,0,0,0
samakal:https://samakal.com/bangladesh/article/349772/%E0%A6%AE%E0%A7%87-%E0%A6%AE%E0%A6%BE%E0%A6%B8%E0%A7%87-%E0%A6%85%E0%A6%AA%E0%A6%B0%E0%A6%BF%E0%A6%AC%E0%A6%B0%E0%A7%8D%E0%A6%A4%E0%A6%BF%E0%A6%A4-%E0%A6%A5%E0%A6%BE%E0%A6%95%E0%A6%9B%E0%A7%87-%E0%A6%9C%E0%A7%8D%E0%A6%AC%E0%A6%BE%E0%A6%B2%E0%A6%BE%E0%A6%A8%E0%A6%BF-%E0%A6%A4%E0%A7%87%E0%A6%B2%E0%A7%87%E0%A6%B0-%E0%A6%86%E0%A6%97%E0%A7%87%E0%A6%B0-%E0%A6%A6%E0%A6%BE%E0%A6%AE,samakal,bn,https://samakal.com/bangladesh/article/349772/%E0%A6%AE%E0%A7%87-%E0%A6%AE%E0%A6%BE%E0%A6%B8%E0%A7%87-%E0%A6%85%E0%A6%AA%E0%A6%B0%E0%A6%BF%E0%A6%AC%E0%A6%B0%E0%A7%8D%E0%A6%A4%E0%A6%BF%E0%A6%A4-%E0%A6%A5%E0%A6%BE%E0%A6%95%E0%A6%9B%E0%A7%87-%E0%A6%9C%E0%A7%8D%E0%A6%AC%E0%A6%BE%E0%A6%B2%E0%A6%BE%E0%A6%A8%E0%A6%BF-%E0%A6%A4%E0%A7%87%E0%A6%B2%E0%A7%87%E0%A6%B0-%E0%A6%86%E0%A6%97%E0%A7%87%E0%A6%B0-%E0%A6%A6%E0%A6%BE%E0%A6%AE,2026-04-30,মে মাসে অপরিবর্তিত থাকছে জ্বালানি তেলের আগের দাম,2026,9,True,True,1,3,0,0,0,0,0,0,0,0,0,0,0,1,0,0
samakal:https://samakal.com/bangladesh/article/349757/%E0%A6%86%E0%A6%B0%E0%A6%93-%E0%A6%8F%E0%A6%95-%E0%A6%B2%E0%A6%BE%E0%A6%96-%E0%A6%9F%E0%A6%A8-%E0%A6%A1%E0%A6%BF%E0%A6%9C%E0%A7%87%E0%A6%B2-%E0%A6%86%E0%A6%AE%E0%A6%A6%E0%A6%BE%E0%A6%A8%E0%A6%BF%E0%A6%B0-%E0%A6%AA%E0%A7%8D%E0%A6%B0%E0%A6%B8%E0%A7%8D%E0%A6%A4%E0%A6%BE%E0%A6%AC-%E0%A6%85%E0%A6%A8%E0%A7%81%E0%A6%AE%E0%A7%8B%E0%A6%A6%E0%A6%A8,samakal,bn,https://samakal.com/bangladesh/article/349757/%E0%A6%86%E0%A6%B0%E0%A6%93-%E0%A6%8F%E0%A6%95-%E0%A6%B2%E0%A6%BE%E0%A6%96-%E0%A6%9F%E0%A6%A8-%E0%A6%A1%E0%A6%BF%E0%A6%9C%E0%A7%87%E0%A6%B2-%E0%A6%86%E0%A6%AE%E0%A6%A6%E0%A6%BE%E0%A6%A8%E0%A6%BF%E0%A6%B0-%E0%A6%AA%E0%A7%8D%E0%A6%B0%E0%A6%B8%E0%A7%8D%E0%A6%A4%E0%A6%BE%E0%A6%AC-%E0%A6%85%E0%A6%A8%E0%A7%81%E0%A6%AE%E0%A7%8B%E0%A6%A6%E0%A6%A8,2026-04-30,আরও এক লাখ টন ডিজেল আমদানির প্রস্তাব অনুমোদন,2026,11,True,True,1,2,0,0,0,0,0,0,0,0,0,0,0,0,0,0
samakal:https://samakal.com/international/article/349704/%E0%A6%AF%E0%A7%81%E0%A6%95%E0%A7%8D%E0%A6%A4%E0%A6%B0%E0%A6%BE%E0%A6%B7%E0%A7%8D%E0%A6%9F%E0%A7%8D%E0%A6%B0%E0%A7%87%E0%A6%B0-%E0%A6%85%E0%A6%AC%E0%A6%B0%E0%A7%8B%E0%A6%A7-%E0%A6%9C%E0%A7%8B%E0%A6%B0%E0%A6%A6%E0%A6%BE%E0%A6%B0%E0%A7%87%E0%A6%B0-%E0%A6%87%E0%A6%99%E0%A7%8D%E0%A6%97%E0%A6%BF%E0%A6%A4%E0%A7%87-%E0%A6%A4%E0%A7%87%E0%A6%B2%E0%A7%87%E0%A6%B0-%E0%A6%A6%E0%A6%BE%E0%A6%AE-%E0%A6%9B%E0%A6%BE%E0%A7%9C%E0%A6%BE%E0%A6%B2-%E0%A7%A7%E0%A7%A8%E0%A7%A6-%E0%A6%A1%E0%A6%B2%E0%A6%BE%E0%A6%B0,samakal,bn,https://samakal.com/international/article/349704/%E0%A6%AF%E0%A7%81%E0%A6%95%E0%A7%8D%E0%A6%A4%E0%A6%B0%E0%A6%BE%E0%A6%B7%E0%A7%8D%E0%A6%9F%E0%A7%8D%E0%A6%B0%E0%A7%87%E0%A6%B0-%E0%A6%85%E0%A6%AC%E0%A6%B0%E0%A7%8B%E0%A6%A7-%E0%A6%9C%E0%A7%8B%E0%A6%B0%E0%A6%A6%E0%A6%BE%E0%A6%B0%E0%A7%87%E0%A6%B0-%E0%A6%87%E0%A6%99%E0%A7%8D%E0%A6%97%E0%A6%BF%E0%A6%A4%E0%A7%87-%E0%A6%A4%E0%A7%87%E0%A6%B2%E0%A7%87%E0%A6%B0-%E0%A6%A6%E0%A6%BE%E0%A6%AE-%E0%A6%9B%E0%A6%BE%E0%A7%9C%E0%A6%BE%E0%A6%B2-%E0%A7%A7%E0%A7%A8%E0%A7%A6-%E0%A6%A1%E0%A6%B2%E0%A6%BE%E0%A6%B0,2026-04-30,যুক্তরাষ্ট্রের অবরোধ জোরদারের ইঙ্গিতে তেলের দাম ছাড়াল ১২০ ডলার,2026,5,True,True,1,14,0,0,0,0,0,0,0,0,0,0,0,0,1,7
samakal:https://samakal.com/international/article/349843/%E0%A6%B9%E0%A6%B0%E0%A6%AE%E0%A7%81%E0%A6%9C-%E0%A6%AA%E0%A7%8D%E0%A6%B0%E0%A6%A3%E0%A6%BE%E0%A6%B2%E0%A6%BF-%E0%A6%98%E0%A6%BF%E0%A6%B0%E0%A7%87-%E0%A6%A8%E0%A6%A4%E0%A7%81%E0%A6%A8-%E0%A6%9C%E0%A7%8B%E0%A6%9F%E0%A7%87%E0%A6%B0-%E0%A6%89%E0%A6%A6%E0%A7%8D%E0%A6%AF%E0%A7%8B%E0%A6%97-%E0%A6%A4%E0%A7%87%E0%A6%B2%E0%A7%87%E0%A6%B0-%E0%A6%A6%E0%A6%BE%E0%A6%AE%E0%A7%87-%E0%A6%B0%E0%A7%87%E0%A6%95%E0%A6%B0%E0%A7%8D%E0%A6%A1,samakal,bn,https://samakal.com/international/article/349843/%E0%A6%B9%E0%A6%B0%E0%A6%AE%E0%A7%81%E0%A6%9C-%E0%A6%AA%E0%A7%8D%E0%A6%B0%E0%A6%A3%E0%A6%BE%E0%A6%B2%E0%A6%BF-%E0%A6%98%E0%A6%BF%E0%A6%B0%E0%A7%87-%E0%A6%A8%E0%A6%A4%E0%A7%81%E0%A6%A8-%E0%A6%9C%E0%A7%8B%E0%A6%9F%E0%A7%87%E0%A6%B0-%E0%A6%89%E0%A6%A6%E0%A7%8D%E0%A6%AF%E0%A7%8B%E0%A6%97-%E0%A6%A4%E0%A7%87%E0%A6%B2%E0%A7%87%E0%A6%B0-%E0%A6%A6%E0%A6%BE%E0%A6%AE%E0%A7%87-%E0%A6%B0%E0%A7%87%E0%A6%95%E0%A6%B0%E0%A7%8D%E0%A6%A1,2026-05-01,"হরমুজ প্রণালি ঘিরে নতুন জোটের উদ্যোগ, তেলের দামে রেকর্ড",2026,2,True,True,1,12,0,0,0,0,0,0,0,0,0,0,0,0,0,1
samakal:https://samakal.com/politics/article/350023/%E0%A6%9C%E0%A7%8D%E0%A6%AC%E0%A6%BE%E0%A6%B2%E0%A6%BE%E0%A6%A8%E0%A6%BF-%E0%A6%A4%E0%A7%87%E0%A6%B2%E0%A7%87%E0%A6%B0-%E0%A6%A6%E0%A6%BE%E0%A6%AE-%E0%A6%AC%E0%A6%BE%E0%A7%9C%E0%A6%BE%E0%A6%A4%E0%A7%87%E0%A6%87-%E0%A6%95%E0%A6%BF-%E0%A6%B8%E0%A6%82%E0%A6%95%E0%A6%9F-%E0%A6%A4%E0%A7%88%E0%A6%B0%E0%A6%BF:-%E0%A6%86%E0%A6%96%E0%A6%A4%E0%A6%BE%E0%A6%B0-%E0%A6%B9%E0%A7%8B%E0%A6%B8%E0%A7%87%E0%A6%A8,samakal,bn,https://samakal.com/politics/article/350023/%E0%A6%9C%E0%A7%8D%E0%A6%AC%E0%A6%BE%E0%A6%B2%E0%A6%BE%E0%A6%A8%E0%A6%BF-%E0%A6%A4%E0%A7%87%E0%A6%B2%E0%A7%87%E0%A6%B0-%E0%A6%A6%E0%A6%BE%E0%A6%AE-%E0%A6%AC%E0%A6%BE%E0%A7%9C%E0%A6%BE%E0%A6%A4%E0%A7%87%E0%A6%87-%E0%A6%95%E0%A6%BF-%E0%A6%B8%E0%A6%82%E0%A6%95%E0%A6%9F-%E0%A6%A4%E0%A7%88%E0%A6%B0%E0%A6%BF:-%E0%A6%86%E0%A6%96%E0%A6%A4%E0%A6%BE%E0%A6%B0-%E0%A6%B9%E0%A7%8B%E0%A6%B8%E0%A7%87%E0%A6%A8,2026-05-03,জ্বালানি তেলের দাম বাড়াতেই কি সংকট তৈরি: আখতার হোসেন,2026,5,True,True,0,0,0,0,0,0,0,0,0,1,0,0,0,0,0,0
samakal:https://samakal.com/opinion/article/350254/%E2%80%98%E0%A6%86%E0%A6%A7%E0%A7%81%E0%A6%A8%E0%A6%BF%E0%A6%95%E2%80%99-%E0%A6%95%E0%A7%83%E0%A6%B7%E0%A6%BF%E0%A6%A4%E0%A7%87-%E0%A6%9C%E0%A7%8D%E0%A6%AC%E0%A6%BE%E0%A6%B2%E0%A6%BE%E0%A6%A8%E0%A6%BF-%E0%A6%B8%E0%A6%82%E0%A6%95%E0%A6%9F%E0%A7%87%E0%A6%B0-%E0%A6%97%E0%A7%8B%E0%A7%9C%E0%A6%BE%E0%A6%B0-%E0%A6%95%E0%A6%A5%E0%A6%BE,samakal,bn,https://samakal.com/opinion/article/350254/%E2%80%98%E0%A6%86%E0%A6%A7%E0%A7%81%E0%A6%A8%E0%A6%BF%E0%A6%95%E2%80%99-%E0%A6%95%E0%A7%83%E0%A6%B7%E0%A6%BF%E0%A6%A4%E0%A7%87-%E0%A6%9C%E0%A7%8D%E0%A6%AC%E0%A6%BE%E0%A6%B2%E0%A6%BE%E0%A6%A8%E0%A6%BF-%E0%A6%B8%E0%A6%82%E0%A6%95%E0%A6%9F%E0%A7%87%E0%A6%B0-%E0%A6%97%E0%A7%8B%E0%A7%9C%E0%A6%BE%E0%A6%B0-%E0%A6%95%E0%A6%A5%E0%A6%BE,2026-05-04,‘আধুনিক’ কৃষিতে জ্বালানি সংকটের গোড়ার কথা,2026,17,True,True,1,10,0,0,0,0,0,0,0,0,0,0,0,1,0,0
samakal:https://samakal.com/whole-country/article/350247/%E0%A6%B8%E0%A6%82%E0%A6%95%E0%A6%9F-%E0%A6%95%E0%A6%BE%E0%A6%9F%E0%A7%87%E0%A6%A8%E0%A6%BF-%E0%A6%9C%E0%A7%8D%E0%A6%AC%E0%A6%BE%E0%A6%B2%E0%A6%BE%E0%A6%A8%E0%A6%BF-%E0%A6%A4%E0%A7%87%E0%A6%B2%E0%A7%87%E0%A6%B0-%E0%A6%AB%E0%A6%B8%E0%A6%B2-%E0%A6%89%E0%A7%8E%E0%A6%AA%E0%A6%BE%E0%A6%A6%E0%A6%A8%E0%A7%87-%E0%A6%A7%E0%A6%B8%E0%A7%87%E0%A6%B0-%E0%A6%B6%E0%A6%99%E0%A7%8D%E0%A6%95%E0%A6%BE,samakal,bn,https://samakal.com/whole-country/article/350247/%E0%A6%B8%E0%A6%82%E0%A6%95%E0%A6%9F-%E0%A6%95%E0%A6%BE%E0%A6%9F%E0%A7%87%E0%A6%A8%E0%A6%BF-%E0%A6%9C%E0%A7%8D%E0%A6%AC%E0%A6%BE%E0%A6%B2%E0%A6%BE%E0%A6%A8%E0%A6%BF-%E0%A6%A4%E0%A7%87%E0%A6%B2%E0%A7%87%E0%A6%B0-%E0%A6%AB%E0%A6%B8%E0%A6%B2-%E0%A6%89%E0%A7%8E%E0%A6%AA%E0%A6%BE%E0%A6%A6%E0%A6%A8%E0%A7%87-%E0%A6%A7%E0%A6%B8%E0%A7%87%E0%A6%B0-%E0%A6%B6%E0%A6%99%E0%A7%8D%E0%A6%95%E0%A6%BE,2026-05-04,সংকট কাটেনি জ্বালানি তেলের ফসল উৎপাদনে ধসের শঙ্কা,2026,7,True,True,0,0,0,0,0,0,0,0,0,0,0,0,1,2,0,0
samakal:https://samakal.com/bangladesh/article/350382/%E0%A6%9C%E0%A7%8D%E0%A6%AC%E0%A6%BE%E0%A6%B2%E0%A6%BE%E0%A6%A8%E0%A6%BF-%E0%A6%B8%E0%A6%82%E0%A6%95%E0%A6%9F-%E0%A6%A8%E0%A6%BF%E0%A6%B0%E0%A6%B8%E0%A6%A8%E0%A7%87%E0%A6%B0-%E0%A6%AE%E0%A6%BE%E0%A6%A7%E0%A7%8D%E0%A6%AF%E0%A6%AE%E0%A7%87-%E0%A6%85%E0%A6%B0%E0%A7%8D%E0%A6%A5%E0%A6%A8%E0%A7%80%E0%A6%A4%E0%A6%BF%E0%A6%95%E0%A7%87-%E0%A6%8F%E0%A6%97%E0%A6%BF%E0%A7%9F%E0%A7%87-%E0%A6%A8%E0%A6%BF%E0%A6%A4%E0%A7%87-%E0%A6%B9%E0%A6%AC%E0%A7%87,samakal,bn,https://samakal.com/bangladesh/article/350382/%E0%A6%9C%E0%A7%8D%E0%A6%AC%E0%A6%BE%E0%A6%B2%E0%A6%BE%E0%A6%A8%E0%A6%BF-%E0%A6%B8%E0%A6%82%E0%A6%95%E0%A6%9F-%E0%A6%A8%E0%A6%BF%E0%A6%B0%E0%A6%B8%E0%A6%A8%E0%A7%87%E0%A6%B0-%E0%A6%AE%E0%A6%BE%E0%A6%A7%E0%A7%8D%E0%A6%AF%E0%A6%AE%E0%A7%87-%E0%A6%85%E0%A6%B0%E0%A7%8D%E0%A6%A5%E0%A6%A8%E0%A7%80%E0%A6%A4%E0%A6%BF%E0%A6%95%E0%A7%87-%E0%A6%8F%E0%A6%97%E0%A6%BF%E0%A7%9F%E0%A7%87-%E0%A6%A8%E0%A6%BF%E0%A6%A4%E0%A7%87-%E0%A6%B9%E0%A6%AC%E0%A7%87,2026-05-05,জ্বালানি সংকট নিরসনের মাধ্যমে অর্থনীতিকে এগিয়ে নিতে হবে,2026,7,True,True,1,3,0,0,0,0,0,0,0,1,0,0,0,0,0,0
samakal:https://samakal.com/opinion/article/350575/%E0%A6%9C%E0%A7%8D%E0%A6%AC%E0%A6%BE%E0%A6%B2%E0%A6%BE%E0%A6%A8%E0%A6%BF-%E0%A6%B8%E0%A6%82%E0%A6%95%E0%A6%9F%E0%A7%87-%E0%A6%AC%E0%A6%BF%E0%A6%95%E0%A6%B2%E0%A7%8D%E0%A6%AA-%E0%A6%AC%E0%A7%88%E0%A6%A6%E0%A7%8D%E0%A6%AF%E0%A7%81%E0%A6%A4%E0%A6%BF%E0%A6%95-%E0%A6%AF%E0%A6%BE%E0%A6%A8,samakal,bn,https://samakal.com/opinion/article/350575/%E0%A6%9C%E0%A7%8D%E0%A6%AC%E0%A6%BE%E0%A6%B2%E0%A6%BE%E0%A6%A8%E0%A6%BF-%E0%A6%B8%E0%A6%82%E0%A6%95%E0%A6%9F%E0%A7%87-%E0%A6%AC%E0%A6%BF%E0%A6%95%E0%A6%B2%E0%A7%8D%E0%A6%AA-%E0%A6%AC%E0%A7%88%E0%A6%A6%E0%A7%8D%E0%A6%AF%E0%A7%81%E0%A6%A4%E0%A6%BF%E0%A6%95-%E0%A6%AF%E0%A6%BE%E0%A6%A8,2026-05-06,জ্বালানি সংকটে বিকল্প বৈদ্যুতিক যান,2026,8,True,True,1,3,0,0,0,0,0,0,0,1,0,0,0,0,0,0
samakal:https://samakal.com/international/article/351024/%E0%A6%A4%E0%A7%87%E0%A6%B2%E0%A7%87%E0%A6%B0-%E0%A6%A6%E0%A6%BE%E0%A6%AE%E0%A7%87-%E0%A6%9B%E0%A7%9F%E0%A6%AC%E0%A6%BE%E0%A6%B0-%E0%A6%93%E0%A6%A0%E0%A6%BE%E0%A6%A8%E0%A6%BE%E0%A6%AE%E0%A6%BE-%E0%A6%B8%E0%A6%AE%E0%A6%9D%E0%A7%8B%E0%A6%A4%E0%A6%BE%E0%A6%B0-%E0%A6%8F%E0%A6%95-%E0%A6%A8%E0%A6%BE%E0%A6%9F%E0%A6%95%E0%A7%80%E0%A7%9F-%E0%A6%B8%E0%A6%AA%E0%A7%8D%E0%A6%A4%E0%A6%BE%E0%A6%B9,samakal,bn,https://samakal.com/international/article/351024/%E0%A6%A4%E0%A7%87%E0%A6%B2%E0%A7%87%E0%A6%B0-%E0%A6%A6%E0%A6%BE%E0%A6%AE%E0%A7%87-%E0%A6%9B%E0%A7%9F%E0%A6%AC%E0%A6%BE%E0%A6%B0-%E0%A6%93%E0%A6%A0%E0%A6%BE%E0%A6%A8%E0%A6%BE%E0%A6%AE%E0%A6%BE-%E0%A6%B8%E0%A6%AE%E0%A6%9D%E0%A7%8B%E0%A6%A4%E0%A6%BE%E0%A6%B0-%E0%A6%8F%E0%A6%95-%E0%A6%A8%E0%A6%BE%E0%A6%9F%E0%A6%95%E0%A7%80%E0%A7%9F-%E0%A6%B8%E0%A6%AA%E0%A7%8D%E0%A6%A4%E0%A6%BE%E0%A6%B9,2026-05-08,"তেলের দামে ছয়বার ওঠানামা, সমঝোতার এক নাটকীয় সপ্তাহ",2026,8,True,True,1,39,0,1,0,0,0,0,0,0,0,0,0,0,0,1
samakal:https://samakal.com/economics/article/351130/%E0%A6%9C%E0%A7%8D%E0%A6%AC%E0%A6%BE%E0%A6%B2%E0%A6%BE%E0%A6%A8%E0%A6%BF-%E0%A6%B8%E0%A6%82%E0%A6%95%E0%A6%9F-%E0%A6%93-%E0%A6%B8%E0%A6%B0%E0%A6%AC%E0%A6%B0%E0%A6%BE%E0%A6%B9-%E0%A6%98%E0%A6%BE%E0%A6%9F%E0%A6%A4%E0%A6%BF%E0%A6%A4%E0%A7%87-%E0%A6%B8%E0%A6%AC%E0%A6%9C%E0%A6%BF%E0%A6%B0-%E0%A6%A6%E0%A6%BE%E0%A6%AE-%E0%A6%8A%E0%A6%B0%E0%A7%8D%E0%A6%A7%E0%A7%8D%E0%A6%AC%E0%A6%AE%E0%A7%81%E0%A6%96%E0%A7%80-%E0%A6%AC%E0%A6%BE%E0%A7%9C%E0%A6%A4%E0%A6%BF-%E0%A6%96%E0%A6%B0%E0%A6%9A%E0%A7%87%E0%A6%B0-%E0%A6%AA%E0%A6%B0%E0%A7%87%E0%A6%93-%E0%A6%B8%E0%A7%8D%E0%A6%AC%E0%A6%B8%E0%A7%8D%E0%A6%A4%E0%A6%BF%E0%A6%A4%E0%A7%87-%E0%A6%95%E0%A7%83%E0%A6%B7%E0%A6%95,samakal,bn,https://samakal.com/economics/article/351130/%E0%A6%9C%E0%A7%8D%E0%A6%AC%E0%A6%BE%E0%A6%B2%E0%A6%BE%E0%A6%A8%E0%A6%BF-%E0%A6%B8%E0%A6%82%E0%A6%95%E0%A6%9F-%E0%A6%93-%E0%A6%B8%E0%A6%B0%E0%A6%AC%E0%A6%B0%E0%A6%BE%E0%A6%B9-%E0%A6%98%E0%A6%BE%E0%A6%9F%E0%A6%A4%E0%A6%BF%E0%A6%A4%E0%A7%87-%E0%A6%B8%E0%A6%AC%E0%A6%9C%E0%A6%BF%E0%A6%B0-%E0%A6%A6%E0%A6%BE%E0%A6%AE-%E0%A6%8A%E0%A6%B0%E0%A7%8D%E0%A6%A7%E0%A7%8D%E0%A6%AC%E0%A6%AE%E0%A7%81%E0%A6%96%E0%A7%80-%E0%A6%AC%E0%A6%BE%E0%A7%9C%E0%A6%A4%E0%A6%BF-%E0%A6%96%E0%A6%B0%E0%A6%9A%E0%A7%87%E0%A6%B0-%E0%A6%AA%E0%A6%B0%E0%A7%87%E0%A6%93-%E0%A6%B8%E0%A7%8D%E0%A6%AC%E0%A6%B8%E0%A7%8D%E0%A6%A4%E0%A6%BF%E0%A6%A4%E0%A7%87-%E0%A6%95%E0%A7%83%E0%A6%B7%E0%A6%95,2026-05-09,"জ্বালানি সংকট ও সরবরাহ ঘাটতিতে সবজির দাম ঊর্ধ্বমুখী, বাড়তি খরচের পরেও স্বস্তিতে কৃষক",2026,5,True,True,1,5,0,0,0,0,0,0,0,0,0,0,1,8,0,0
samakal:https://samakal.com/whole-country/article/351555/%E0%A6%8F%E0%A6%AC%E0%A6%BE%E0%A6%B0-%E0%A6%B8%E0%A6%BF%E0%A6%99%E0%A7%8D%E0%A6%97%E0%A6%BE%E0%A6%AA%E0%A7%81%E0%A6%B0-%E0%A6%A5%E0%A7%87%E0%A6%95%E0%A7%87-%E0%A6%8F%E0%A6%B2%E0%A7%8B-%E0%A7%AA%E0%A7%A7-%E0%A6%B9%E0%A6%BE%E0%A6%9C%E0%A6%BE%E0%A6%B0-%E0%A6%9F%E0%A6%A8-%E0%A6%AA%E0%A6%B0%E0%A6%BF%E0%A6%B6%E0%A7%8B%E0%A6%A7%E0%A6%BF%E0%A6%A4-%E0%A6%A1%E0%A6%BF%E0%A6%9C%E0%A7%87%E0%A6%B2,samakal,bn,https://samakal.com/whole-country/article/351555/%E0%A6%8F%E0%A6%AC%E0%A6%BE%E0%A6%B0-%E0%A6%B8%E0%A6%BF%E0%A6%99%E0%A7%8D%E0%A6%97%E0%A6%BE%E0%A6%AA%E0%A7%81%E0%A6%B0-%E0%A6%A5%E0%A7%87%E0%A6%95%E0%A7%87-%E0%A6%8F%E0%A6%B2%E0%A7%8B-%E0%A7%AA%E0%A7%A7-%E0%A6%B9%E0%A6%BE%E0%A6%9C%E0%A6%BE%E0%A6%B0-%E0%A6%9F%E0%A6%A8-%E0%A6%AA%E0%A6%B0%E0%A6%BF%E0%A6%B6%E0%A7%8B%E0%A6%A7%E0%A6%BF%E0%A6%A4-%E0%A6%A1%E0%A6%BF%E0%A6%9C%E0%A7%87%E0%A6%B2,2026-05-11,এবার সিঙ্গাপুর থেকে এলো ৪১ হাজার টন পরিশোধিত ডিজেল,2026,5,True,True,1,3,0,0,0,0,0,0,0,0,0,0,0,0,0,0
samakal:https://samakal.com/international/article/351734/%E0%A6%8F%E0%A6%B6%E0%A6%BF%E0%A7%9F%E0%A6%BE%E0%A6%B0-%E0%A6%85%E0%A6%B0%E0%A7%8D%E0%A6%A5%E0%A6%A8%E0%A7%80%E0%A6%A4%E0%A6%BF%E0%A6%A4%E0%A7%87-%E0%A6%9C%E0%A7%8D%E0%A6%AC%E0%A6%BE%E0%A6%B2%E0%A6%BE%E0%A6%A8%E0%A6%BF-%E0%A6%B8%E0%A6%82%E0%A6%95%E0%A6%9F%E0%A7%87%E0%A6%B0-%E0%A6%A6%E0%A7%8D%E0%A6%AC%E0%A6%BF%E0%A6%A4%E0%A7%80%E0%A7%9F-%E0%A6%A7%E0%A6%BE%E0%A6%95%E0%A7%8D%E0%A6%95%E0%A6%BE-%E0%A6%86%E0%A6%B8%E0%A6%9B%E0%A7%87,samakal,bn,https://samakal.com/international/article/351734/%E0%A6%8F%E0%A6%B6%E0%A6%BF%E0%A7%9F%E0%A6%BE%E0%A6%B0-%E0%A6%85%E0%A6%B0%E0%A7%8D%E0%A6%A5%E0%A6%A8%E0%A7%80%E0%A6%A4%E0%A6%BF%E0%A6%A4%E0%A7%87-%E0%A6%9C%E0%A7%8D%E0%A6%AC%E0%A6%BE%E0%A6%B2%E0%A6%BE%E0%A6%A8%E0%A6%BF-%E0%A6%B8%E0%A6%82%E0%A6%95%E0%A6%9F%E0%A7%87%E0%A6%B0-%E0%A6%A6%E0%A7%8D%E0%A6%AC%E0%A6%BF%E0%A6%A4%E0%A7%80%E0%A7%9F-%E0%A6%A7%E0%A6%BE%E0%A6%95%E0%A7%8D%E0%A6%95%E0%A6%BE-%E0%A6%86%E0%A6%B8%E0%A6%9B%E0%A7%87,2026-05-12,এশিয়ার অর্থনীতিতে জ্বালানি সংকটের দ্বিতীয় ধাক্কা আসছে,2026,10,True,True,1,15,0,0,0,0,1,2,0,0,0,0,1,4,0,0
samakal:https://samakal.com/entertainment/article/351839/%E0%A6%97%E0%A6%A4-%E0%A6%8F%E0%A6%95-%E0%A6%A6%E0%A6%B6%E0%A6%95%E0%A7%87-%E0%A6%AC%E0%A7%81%E0%A6%9D%E0%A7%87%E0%A6%9B%E0%A6%BF-%E0%A6%AD%E0%A6%95%E0%A7%8D%E0%A6%A4%E0%A6%B0%E0%A6%BE-%E0%A6%86%E0%A6%B0%E0%A6%93-%E0%A6%AC%E0%A7%87%E0%A6%B6%E0%A6%BF-%E0%A6%95%E0%A6%BF%E0%A6%9B%E0%A7%81-%E0%A6%9A%E0%A7%87%E0%A6%AF%E0%A6%BC%E0%A7%87%E0%A6%9B%E0%A7%87%E0%A6%A8:-%E0%A6%AD%E0%A6%BF%E0%A6%A8-%E0%A6%A1%E0%A6%BF%E0%A6%9C%E0%A7%87%E0%A6%B2,samakal,bn,https://samakal.com/entertainment/article/351839/%E0%A6%97%E0%A6%A4-%E0%A6%8F%E0%A6%95-%E0%A6%A6%E0%A6%B6%E0%A6%95%E0%A7%87-%E0%A6%AC%E0%A7%81%E0%A6%9D%E0%A7%87%E0%A6%9B%E0%A6%BF-%E0%A6%AD%E0%A6%95%E0%A7%8D%E0%A6%A4%E0%A6%B0%E0%A6%BE-%E0%A6%86%E0%A6%B0%E0%A6%93-%E0%A6%AC%E0%A7%87%E0%A6%B6%E0%A6%BF-%E0%A6%95%E0%A6%BF%E0%A6%9B%E0%A7%81-%E0%A6%9A%E0%A7%87%E0%A6%AF%E0%A6%BC%E0%A7%87%E0%A6%9B%E0%A7%87%E0%A6%A8:-%E0%A6%AD%E0%A6%BF%E0%A6%A8-%E0%A6%A1%E0%A6%BF%E0%A6%9C%E0%A7%87%E0%A6%B2,2026-05-13,"গত এক দশকে বুঝেছি, ভক্তরা আরও বেশি কিছু চেয়েছেন: ভিন ডিজেল",2026,6,True,True,0,0,0,0,0,0,0,0,0,0,0,0,0,0,0,0
samakal:https://samakal.com/whole-country/article/352053/%E0%A6%95%E0%A7%83%E0%A6%A4%E0%A7%8D%E0%A6%B0%E0%A6%BF%E0%A6%AE-%E0%A6%9C%E0%A7%8D%E0%A6%AC%E0%A6%BE%E0%A6%B2%E0%A6%BE%E0%A6%A8%E0%A6%BF-%E0%A6%B8%E0%A6%82%E0%A6%95%E0%A6%9F-%E0%A6%A4%E0%A7%88%E0%A6%B0%E0%A6%BF-%E0%A6%95%E0%A6%B0%E0%A7%87-%E0%A6%9C%E0%A6%A8%E0%A6%AD%E0%A7%8B%E0%A6%97%E0%A6%BE%E0%A6%A8%E0%A7%8D%E0%A6%A4%E0%A6%BF-%E0%A6%B8%E0%A7%83%E0%A6%B7%E0%A7%8D%E0%A6%9F%E0%A6%BF-%E0%A6%95%E0%A6%B0%E0%A6%BE-%E0%A6%B9%E0%A7%9F%E0%A7%87%E0%A6%9B%E0%A6%BF%E0%A6%B2:-%E0%A6%9A%E0%A6%BF%E0%A6%AB-%E0%A6%B9%E0%A7%81%E0%A6%87%E0%A6%AA,samakal,bn,https://samakal.com/whole-country/article/352053/%E0%A6%95%E0%A7%83%E0%A6%A4%E0%A7%8D%E0%A6%B0%E0%A6%BF%E0%A6%AE-%E0%A6%9C%E0%A7%8D%E0%A6%AC%E0%A6%BE%E0%A6%B2%E0%A6%BE%E0%A6%A8%E0%A6%BF-%E0%A6%B8%E0%A6%82%E0%A6%95%E0%A6%9F-%E0%A6%A4%E0%A7%88%E0%A6%B0%E0%A6%BF-%E0%A6%95%E0%A6%B0%E0%A7%87-%E0%A6%9C%E0%A6%A8%E0%A6%AD%E0%A7%8B%E0%A6%97%E0%A6%BE%E0%A6%A8%E0%A7%8D%E0%A6%A4%E0%A6%BF-%E0%A6%B8%E0%A7%83%E0%A6%B7%E0%A7%8D%E0%A6%9F%E0%A6%BF-%E0%A6%95%E0%A6%B0%E0%A6%BE-%E0%A6%B9%E0%A7%9F%E0%A7%87%E0%A6%9B%E0%A6%BF%E0%A6%B2:-%E0%A6%9A%E0%A6%BF%E0%A6%AB-%E0%A6%B9%E0%A7%81%E0%A6%87%E0%A6%AA,2026-05-14,কৃত্রিম জ্বালানি সংকট তৈরি করে জনভোগান্তি সৃষ্টি করা হয়েছিল: চিফ হুইপ,2026,2,True,True,0,0,0,0,1,2,0,1,0,0,0,0,0,0,0,0
samakal:https://samakal.com/entertainment/article/352023/%E0%A6%95%E0%A6%BE%E0%A6%A8%E0%A7%87-%E2%80%98%E0%A6%AB%E0%A6%BE%E0%A6%B8%E0%A7%8D%E0%A6%9F-%E0%A6%85%E0%A7%8D%E0%A6%AF%E0%A6%BE%E0%A6%A8%E0%A7%8D%E0%A6%A1-%E0%A6%AB%E0%A6%BF%E0%A6%89%E0%A6%B0%E0%A6%BF%E0%A7%9F%E0%A6%BE%E0%A6%B8%E2%80%99-%E0%A6%8F%E0%A6%B0-%E0%A6%AA%E0%A7%81%E0%A6%A8%E0%A6%B0%E0%A7%8D%E0%A6%AE%E0%A6%BF%E0%A6%B2%E0%A6%A8%E0%A7%80-%E0%A6%AD%E0%A6%BF%E0%A6%A8-%E0%A6%A1%E0%A6%BF%E0%A6%9C%E0%A7%87%E0%A6%B2%E0%A6%A6%E0%A7%87%E0%A6%B0-%E0%A6%98%E0%A6%BF%E0%A6%B0%E0%A7%87-%E0%A6%89%E0%A6%A8%E0%A7%8D%E0%A6%AE%E0%A6%BE%E0%A6%A6%E0%A6%A8%E0%A6%BE,samakal,bn,https://samakal.com/entertainment/article/352023/%E0%A6%95%E0%A6%BE%E0%A6%A8%E0%A7%87-%E2%80%98%E0%A6%AB%E0%A6%BE%E0%A6%B8%E0%A7%8D%E0%A6%9F-%E0%A6%85%E0%A7%8D%E0%A6%AF%E0%A6%BE%E0%A6%A8%E0%A7%8D%E0%A6%A1-%E0%A6%AB%E0%A6%BF%E0%A6%89%E0%A6%B0%E0%A6%BF%E0%A7%9F%E0%A6%BE%E0%A6%B8%E2%80%99-%E0%A6%8F%E0%A6%B0-%E0%A6%AA%E0%A7%81%E0%A6%A8%E0%A6%B0%E0%A7%8D%E0%A6%AE%E0%A6%BF%E0%A6%B2%E0%A6%A8%E0%A7%80-%E0%A6%AD%E0%A6%BF%E0%A6%A8-%E0%A6%A1%E0%A6%BF%E0%A6%9C%E0%A7%87%E0%A6%B2%E0%A6%A6%E0%A7%87%E0%A6%B0-%E0%A6%98%E0%A6%BF%E0%A6%B0%E0%A7%87-%E0%A6%89%E0%A6%A8%E0%A7%8D%E0%A6%AE%E0%A6%BE%E0%A6%A6%E0%A6%A8%E0%A6%BE,2026-05-14,"কানে ‘ফাস্ট অ্যান্ড ফিউরিয়াস’-এর পুনর্মিলনী, ভিন ডিজেলদের ঘিরে উন্মাদনা",2026,9,True,True,0,0,0,0,0,0,0,0,0,0,0,0,0,0,0,0
samakal:https://samakal.com/international/article/352170/%E0%A6%AD%E0%A6%BE%E0%A6%B0%E0%A6%A4%E0%A7%87-%E0%A6%AC%E0%A6%BE%E0%A6%A1%E0%A6%BC%E0%A6%B2-%E0%A6%AA%E0%A7%87%E0%A6%9F%E0%A7%8D%E0%A6%B0%E0%A7%8B%E0%A6%B2-%E0%A6%A1%E0%A6%BF%E0%A6%9C%E0%A7%87%E0%A6%B2%E0%A7%87%E0%A6%B0-%E0%A6%A6%E0%A6%BE%E0%A6%AE,samakal,bn,https://samakal.com/international/article/352170/%E0%A6%AD%E0%A6%BE%E0%A6%B0%E0%A6%A4%E0%A7%87-%E0%A6%AC%E0%A6%BE%E0%A6%A1%E0%A6%BC%E0%A6%B2-%E0%A6%AA%E0%A7%87%E0%A6%9F%E0%A7%8D%E0%A6%B0%E0%A7%8B%E0%A6%B2-%E0%A6%A1%E0%A6%BF%E0%A6%9C%E0%A7%87%E0%A6%B2%E0%A7%87%E0%A6%B0-%E0%A6%A6%E0%A6%BE%E0%A6%AE,2026-05-15,ভারতে বাড়ল পেট্রোল-ডিজেলের দাম,2026,13,True,True,1,4,0,0,0,0,0,0,0,0,0,0,0,0,0,0
samakal:https://samakal.com/bangladesh/article/352312/%E0%A6%9C%E0%A7%8D%E0%A6%AC%E0%A6%BE%E0%A6%B2%E0%A6%BE%E0%A6%A8%E0%A6%BF-%E0%A6%96%E0%A6%BE%E0%A6%A4%E0%A7%87-%E0%A6%AF%E0%A7%81%E0%A6%95%E0%A7%8D%E0%A6%A4%E0%A6%B0%E0%A6%BE%E0%A6%B7%E0%A7%8D%E0%A6%9F%E0%A7%8D%E0%A6%B0%E0%A7%87%E0%A6%B0-%E0%A6%AA%E0%A7%8D%E0%A6%B0%E0%A6%AD%E0%A6%BE%E0%A6%AC-%E0%A6%86%E0%A6%B0%E0%A6%93-%E0%A6%AC%E0%A6%BE%E0%A7%9C%E0%A6%AC%E0%A7%87,samakal,bn,https://samakal.com/bangladesh/article/352312/%E0%A6%9C%E0%A7%8D%E0%A6%AC%E0%A6%BE%E0%A6%B2%E0%A6%BE%E0%A6%A8%E0%A6%BF-%E0%A6%96%E0%A6%BE%E0%A6%A4%E0%A7%87-%E0%A6%AF%E0%A7%81%E0%A6%95%E0%A7%8D%E0%A6%A4%E0%A6%B0%E0%A6%BE%E0%A6%B7%E0%A7%8D%E0%A6%9F%E0%A7%8D%E0%A6%B0%E0%A7%87%E0%A6%B0-%E0%A6%AA%E0%A7%8D%E0%A6%B0%E0%A6%AD%E0%A6%BE%E0%A6%AC-%E0%A6%86%E0%A6%B0%E0%A6%93-%E0%A6%AC%E0%A6%BE%E0%A7%9C%E0%A6%AC%E0%A7%87,2026-05-16,জ্বালানি খাতে যুক্তরাষ্ট্রের প্রভাব আরও বাড়বে,2026,7,True,True,0,1,0,0,0,0,0,0,0,0,0,0,0,0,0,0
samakal:https://samakal.com/bangladesh/article/352629/%E0%A6%85%E0%A6%A4%E0%A7%80%E0%A6%A4%E0%A7%87-%E0%A6%9C%E0%A7%8D%E0%A6%AC%E0%A6%BE%E0%A6%B2%E0%A6%BE%E0%A6%A8%E0%A6%BF-%E0%A6%96%E0%A6%BE%E0%A6%A4-%E0%A6%A8%E0%A6%BF%E0%A6%B0%E0%A7%8D%E0%A6%A6%E0%A6%BF%E0%A6%B7%E0%A7%8D%E0%A6%9F-%E0%A6%97%E0%A7%8B%E0%A6%B7%E0%A7%8D%E0%A6%A0%E0%A7%80%E0%A6%B0-%E0%A6%B8%E0%A7%8D%E0%A6%AC%E0%A6%BE%E0%A6%B0%E0%A7%8D%E0%A6%A5%E0%A7%87-%E0%A6%AA%E0%A6%B0%E0%A6%BF%E0%A6%9A%E0%A6%BE%E0%A6%B2%E0%A6%BF%E0%A6%A4-%E0%A6%B9%E0%A6%A4%E0%A7%8B,samakal,bn,https://samakal.com/bangladesh/article/352629/%E0%A6%85%E0%A6%A4%E0%A7%80%E0%A6%A4%E0%A7%87-%E0%A6%9C%E0%A7%8D%E0%A6%AC%E0%A6%BE%E0%A6%B2%E0%A6%BE%E0%A6%A8%E0%A6%BF-%E0%A6%96%E0%A6%BE%E0%A6%A4-%E0%A6%A8%E0%A6%BF%E0%A6%B0%E0%A7%8D%E0%A6%A6%E0%A6%BF%E0%A6%B7%E0%A7%8D%E0%A6%9F-%E0%A6%97%E0%A7%8B%E0%A6%B7%E0%A7%8D%E0%A6%A0%E0%A7%80%E0%A6%B0-%E0%A6%B8%E0%A7%8D%E0%A6%AC%E0%A6%BE%E0%A6%B0%E0%A7%8D%E0%A6%A5%E0%A7%87-%E0%A6%AA%E0%A6%B0%E0%A6%BF%E0%A6%9A%E0%A6%BE%E0%A6%B2%E0%A6%BF%E0%A6%A4-%E0%A6%B9%E0%A6%A4%E0%A7%8B,2026-05-17,অতীতে জ্বালানি খাত নির্দিষ্ট গোষ্ঠীর স্বার্থে পরিচালিত হতো,2026,5,True,True,0,0,0,0,0,0,0,0,0,0,0,0,0,1,0,0
samakal:https://samakal.com/bangladesh/article/352754/%E0%A6%86%E0%A6%AC%E0%A6%BE%E0%A6%B0-%E0%A6%AC%E0%A6%BE%E0%A7%9C%E0%A6%B2-%E0%A6%AB%E0%A6%BE%E0%A6%B0%E0%A7%8D%E0%A6%A8%E0%A7%87%E0%A6%B8-%E0%A6%85%E0%A7%9F%E0%A7%87%E0%A6%B2%E0%A7%87%E0%A6%B0-%E0%A6%A6%E0%A6%BE%E0%A6%AE,samakal,bn,https://samakal.com/bangladesh/article/352754/%E0%A6%86%E0%A6%AC%E0%A6%BE%E0%A6%B0-%E0%A6%AC%E0%A6%BE%E0%A7%9C%E0%A6%B2-%E0%A6%AB%E0%A6%BE%E0%A6%B0%E0%A7%8D%E0%A6%A8%E0%A7%87%E0%A6%B8-%E0%A6%85%E0%A7%9F%E0%A7%87%E0%A6%B2%E0%A7%87%E0%A6%B0-%E0%A6%A6%E0%A6%BE%E0%A6%AE,2026-05-18,আবার বাড়ল ফার্নেস অয়েলের দাম,2026,11,True,True,0,1,0,0,0,0,0,0,0,0,0,0,0,0,0,0
samakal:https://samakal.com/economics/article/352743/%E0%A6%9C%E0%A7%8D%E0%A6%AC%E0%A6%BE%E0%A6%B2%E0%A6%BE%E0%A6%A8%E0%A6%BF-%E0%A6%96%E0%A6%BE%E0%A6%A4%E0%A7%87-%E0%A6%B8%E0%A6%B9%E0%A6%BE%E0%A7%9F%E0%A6%A4%E0%A6%BE%E0%A7%9F-%E0%A6%AC%E0%A6%BE%E0%A6%82%E0%A6%B2%E0%A6%BE%E0%A6%A6%E0%A7%87%E0%A6%B6%E0%A6%95%E0%A7%87-%E0%A6%86%E0%A6%B0%E0%A6%93-%E0%A7%A9%E0%A7%AB-%E0%A6%95%E0%A7%8B%E0%A6%9F%E0%A6%BF-%E0%A6%A1%E0%A6%B2%E0%A6%BE%E0%A6%B0-%E0%A6%A6%E0%A6%BF%E0%A6%9A%E0%A7%8D%E0%A6%9B%E0%A7%87-%E0%A6%AC%E0%A6%BF%E0%A6%B6%E0%A7%8D%E0%A6%AC%E0%A6%AC%E0%A7%8D%E0%A6%AF%E0%A6%BE%E0%A6%82%E0%A6%95,samakal,bn,https://samakal.com/economics/article/352743/%E0%A6%9C%E0%A7%8D%E0%A6%AC%E0%A6%BE%E0%A6%B2%E0%A6%BE%E0%A6%A8%E0%A6%BF-%E0%A6%96%E0%A6%BE%E0%A6%A4%E0%A7%87-%E0%A6%B8%E0%A6%B9%E0%A6%BE%E0%A7%9F%E0%A6%A4%E0%A6%BE%E0%A7%9F-%E0%A6%AC%E0%A6%BE%E0%A6%82%E0%A6%B2%E0%A6%BE%E0%A6%A6%E0%A7%87%E0%A6%B6%E0%A6%95%E0%A7%87-%E0%A6%86%E0%A6%B0%E0%A6%93-%E0%A7%A9%E0%A7%AB-%E0%A6%95%E0%A7%8B%E0%A6%9F%E0%A6%BF-%E0%A6%A1%E0%A6%B2%E0%A6%BE%E0%A6%B0-%E0%A6%A6%E0%A6%BF%E0%A6%9A%E0%A7%8D%E0%A6%9B%E0%A7%87-%E0%A6%AC%E0%A6%BF%E0%A6%B6%E0%A7%8D%E0%A6%AC%E0%A6%AC%E0%A7%8D%E0%A6%AF%E0%A6%BE%E0%A6%82%E0%A6%95,2026-05-18,জ্বালানি খাতে সহায়তায় বাংলাদেশকে আরও ৩৫ কোটি ডলার দিচ্ছে বিশ্বব্যাংক,2026,1,True,True,1,2,0,0,0,0,0,0,0,0,0,0,0,0,0,0
samakal:https://samakal.com/international/article/353609/%E0%A6%AD%E0%A6%BE%E0%A6%B0%E0%A6%A4%E0%A7%87-%E0%A7%A7%E0%A7%A6-%E0%A6%A6%E0%A6%BF%E0%A6%A8%E0%A7%87-%E0%A6%A4%E0%A6%BF%E0%A6%A8-%E0%A6%A6%E0%A6%AB%E0%A6%BE%E0%A7%9F-%E0%A6%AC%E0%A6%BE%E0%A7%9C%E0%A6%B2-%E0%A6%9C%E0%A7%8D%E0%A6%AC%E0%A6%BE%E0%A6%B2%E0%A6%BE%E0%A6%A8%E0%A6%BF%E0%A6%B0-%E0%A6%A6%E0%A6%BE%E0%A6%AE,samakal,bn,https://samakal.com/international/article/353609/%E0%A6%AD%E0%A6%BE%E0%A6%B0%E0%A6%A4%E0%A7%87-%E0%A7%A7%E0%A7%A6-%E0%A6%A6%E0%A6%BF%E0%A6%A8%E0%A7%87-%E0%A6%A4%E0%A6%BF%E0%A6%A8-%E0%A6%A6%E0%A6%AB%E0%A6%BE%E0%A7%9F-%E0%A6%AC%E0%A6%BE%E0%A7%9C%E0%A6%B2-%E0%A6%9C%E0%A7%8D%E0%A6%AC%E0%A6%BE%E0%A6%B2%E0%A6%BE%E0%A6%A8%E0%A6%BF%E0%A6%B0-%E0%A6%A6%E0%A6%BE%E0%A6%AE,2026-05-23,ভারতে ১০ দিনে তিন দফায় বাড়ল জ্বালানির দাম,2026,8,True,True,1,4,0,0,0,0,0,0,0,0,0,0,1,2,0,0
samakal:https://samakal.com/international/article/354258/%E0%A6%87%E0%A6%B0%E0%A6%BE%E0%A6%A8%E0%A7%87-%E0%A6%AE%E0%A6%BE%E0%A6%B0%E0%A7%8D%E0%A6%95%E0%A6%BF%E0%A6%A8-%E0%A6%B9%E0%A6%BE%E0%A6%AE%E0%A6%B2%E0%A6%BE%E0%A6%B0-%E0%A6%AA%E0%A6%B0-%E0%A6%AC%E0%A6%BE%E0%A7%9C%E0%A6%B2-%E0%A6%A4%E0%A7%87%E0%A6%B2%E0%A7%87%E0%A6%B0-%E0%A6%A6%E0%A6%BE%E0%A6%AE,samakal,bn,https://samakal.com/international/article/354258/%E0%A6%87%E0%A6%B0%E0%A6%BE%E0%A6%A8%E0%A7%87-%E0%A6%AE%E0%A6%BE%E0%A6%B0%E0%A7%8D%E0%A6%95%E0%A6%BF%E0%A6%A8-%E0%A6%B9%E0%A6%BE%E0%A6%AE%E0%A6%B2%E0%A6%BE%E0%A6%B0-%E0%A6%AA%E0%A6%B0-%E0%A6%AC%E0%A6%BE%E0%A7%9C%E0%A6%B2-%E0%A6%A4%E0%A7%87%E0%A6%B2%E0%A7%87%E0%A6%B0-%E0%A6%A6%E0%A6%BE%E0%A6%AE,2026-05-28,ইরানে মার্কিন হামলার পর বাড়ল তেলের দাম,2026,6,True,True,1,17,0,0,0,0,0,0,0,0,0,0,0,0,0,0
samakal:https://samakal.com/bangladesh/article/354572/%E0%A6%85%E0%A6%95%E0%A6%9F%E0%A7%87%E0%A6%A8-%E0%A6%AA%E0%A7%87%E0%A6%9F%E0%A7%8D%E0%A6%B0%E0%A7%8B%E0%A6%B2-%E0%A6%95%E0%A7%87%E0%A6%B0%E0%A7%8B%E0%A6%B8%E0%A6%BF%E0%A6%A8%E0%A7%87%E0%A6%B0-%E0%A6%A6%E0%A6%BE%E0%A6%AE-%E0%A6%AC%E0%A6%BE%E0%A7%9C%E0%A6%B2-%E0%A6%B2%E0%A6%BF%E0%A6%9F%E0%A6%BE%E0%A6%B0%E0%A7%87-%E0%A7%AB-%E0%A6%9F%E0%A6%BE%E0%A6%95%E0%A6%BE,samakal,bn,https://samakal.com/bangladesh/article/354572/%E0%A6%85%E0%A6%95%E0%A6%9F%E0%A7%87%E0%A6%A8-%E0%A6%AA%E0%A7%87%E0%A6%9F%E0%A7%8D%E0%A6%B0%E0%A7%8B%E0%A6%B2-%E0%A6%95%E0%A7%87%E0%A6%B0%E0%A7%8B%E0%A6%B8%E0%A6%BF%E0%A6%A8%E0%A7%87%E0%A6%B0-%E0%A6%A6%E0%A6%BE%E0%A6%AE-%E0%A6%AC%E0%A6%BE%E0%A7%9C%E0%A6%B2-%E0%A6%B2%E0%A6%BF%E0%A6%9F%E0%A6%BE%E0%A6%B0%E0%A7%87-%E0%A7%AB-%E0%A6%9F%E0%A6%BE%E0%A6%95%E0%A6%BE,2026-05-31,অকটেন পেট্রোল কেরোসিনের দাম বাড়ল লিটারে ৫ টাকা,2026,13,True,True,0,1,0,0,0,0,0,0,0,0,0,0,0,0,0,0
samakal:https://samakal.com/bangladesh/article/354695/%E0%A6%86%E0%A6%A8%E0%A7%8D%E0%A6%A4%E0%A6%B0%E0%A7%8D%E0%A6%9C%E0%A6%BE%E0%A6%A4%E0%A6%BF%E0%A6%95-%E0%A6%AC%E0%A6%BE%E0%A6%9C%E0%A6%BE%E0%A6%B0%E0%A7%87-%E0%A6%A6%E0%A6%BE%E0%A6%AE-%E0%A6%95%E0%A6%AE%E0%A6%B2%E0%A7%87%E0%A6%87-%E0%A6%A6%E0%A7%87%E0%A6%B6%E0%A7%87-%E0%A6%95%E0%A6%AE%E0%A6%BE%E0%A6%A8%E0%A7%8B-%E0%A6%B9%E0%A6%AC%E0%A7%87-%E0%A6%9C%E0%A7%8D%E0%A6%AC%E0%A6%BE%E0%A6%B2%E0%A6%BE%E0%A6%A8%E0%A6%BF-%E0%A6%A4%E0%A7%87%E0%A6%B2%E0%A7%87%E0%A6%B0-%E0%A6%A6%E0%A6%BE%E0%A6%AE:-%E0%A6%9C%E0%A7%8D%E0%A6%AC%E0%A6%BE%E0%A6%B2%E0%A6%BE%E0%A6%A8%E0%A6%BF-%E0%A6%AA%E0%A7%8D%E0%A6%B0%E0%A6%A4%E0%A6%BF%E0%A6%AE%E0%A6%A8%E0%A7%8D%E0%A6%A4%E0%A7%8D%E0%A6%B0%E0%A7%80,samakal,bn,https://samakal.com/bangladesh/article/354695/%E0%A6%86%E0%A6%A8%E0%A7%8D%E0%A6%A4%E0%A6%B0%E0%A7%8D%E0%A6%9C%E0%A6%BE%E0%A6%A4%E0%A6%BF%E0%A6%95-%E0%A6%AC%E0%A6%BE%E0%A6%9C%E0%A6%BE%E0%A6%B0%E0%A7%87-%E0%A6%A6%E0%A6%BE%E0%A6%AE-%E0%A6%95%E0%A6%AE%E0%A6%B2%E0%A7%87%E0%A6%87-%E0%A6%A6%E0%A7%87%E0%A6%B6%E0%A7%87-%E0%A6%95%E0%A6%AE%E0%A6%BE%E0%A6%A8%E0%A7%8B-%E0%A6%B9%E0%A6%AC%E0%A7%87-%E0%A6%9C%E0%A7%8D%E0%A6%AC%E0%A6%BE%E0%A6%B2%E0%A6%BE%E0%A6%A8%E0%A6%BF-%E0%A6%A4%E0%A7%87%E0%A6%B2%E0%A7%87%E0%A6%B0-%E0%A6%A6%E0%A6%BE%E0%A6%AE:-%E0%A6%9C%E0%A7%8D%E0%A6%AC%E0%A6%BE%E0%A6%B2%E0%A6%BE%E0%A6%A8%E0%A6%BF-%E0%A6%AA%E0%A7%8D%E0%A6%B0%E0%A6%A4%E0%A6%BF%E0%A6%AE%E0%A6%A8%E0%A7%8D%E0%A6%A4%E0%A7%8D%E0%A6%B0%E0%A7%80,2026-06-01,আন্তর্জাতিক বাজারে দাম কমলেই দেশে কমানো হবে জ্বালানি তেলের দাম: জ্বালানি প্রতিমন্ত্রী,2026,12,True,True,1,8,0,0,0,0,0,0,0,0,1,2,1,9,0,0
samakal:https://samakal.com/bangladesh/article/354667/%E0%A6%B9%E0%A6%B0%E0%A6%AE%E0%A7%81%E0%A6%9C-%E0%A6%B8%E0%A6%9A%E0%A6%B2%E0%A7%87%E0%A6%B0-%E0%A6%87%E0%A6%99%E0%A7%8D%E0%A6%97%E0%A6%BF%E0%A6%A4-%E0%A6%A8%E0%A7%87%E0%A6%87-%E0%A6%A6%E0%A7%87%E0%A6%B6%E0%A7%87-%E0%A6%9C%E0%A7%8D%E0%A6%AC%E0%A6%BE%E0%A6%B2%E0%A6%BE%E0%A6%A8%E0%A6%BF%E0%A6%B0-%E0%A6%A6%E0%A6%BE%E0%A6%AE-%E0%A6%AC%E0%A6%BE%E0%A7%9C%E0%A6%B2-%E0%A6%8F%E0%A6%B0%E0%A6%AA%E0%A6%B0-%E0%A6%95%E0%A7%80,samakal,bn,https://samakal.com/bangladesh/article/354667/%E0%A6%B9%E0%A6%B0%E0%A6%AE%E0%A7%81%E0%A6%9C-%E0%A6%B8%E0%A6%9A%E0%A6%B2%E0%A7%87%E0%A6%B0-%E0%A6%87%E0%A6%99%E0%A7%8D%E0%A6%97%E0%A6%BF%E0%A6%A4-%E0%A6%A8%E0%A7%87%E0%A6%87-%E0%A6%A6%E0%A7%87%E0%A6%B6%E0%A7%87-%E0%A6%9C%E0%A7%8D%E0%A6%AC%E0%A6%BE%E0%A6%B2%E0%A6%BE%E0%A6%A8%E0%A6%BF%E0%A6%B0-%E0%A6%A6%E0%A6%BE%E0%A6%AE-%E0%A6%AC%E0%A6%BE%E0%A7%9C%E0%A6%B2-%E0%A6%8F%E0%A6%B0%E0%A6%AA%E0%A6%B0-%E0%A6%95%E0%A7%80,2026-06-01,"হরমুজ সচলের ইঙ্গিত নেই, দেশে জ্বালানির দাম বাড়ল, এরপর কী",2026,15,True,True,1,18,0,0,0,0,0,0,0,0,0,0,0,0,0,1
samakal:https://samakal.com/industry-trade/article/354613/%E0%A6%AC%E0%A6%BF%E0%A6%AA%E0%A6%BF%E0%A6%B8%E0%A6%BF%E0%A6%B0-%E0%A6%AA%E0%A7%8D%E0%A6%B0%E0%A6%A7%E0%A6%BE%E0%A6%A8-%E0%A6%95%E0%A6%BE%E0%A6%B0%E0%A7%8D%E0%A6%AF%E0%A6%BE%E0%A6%B2%E0%A7%9F-%E0%A6%9A%E0%A6%9F%E0%A7%8D%E0%A6%9F%E0%A6%97%E0%A7%8D%E0%A6%B0%E0%A6%BE%E0%A6%AE%E0%A7%87%E0%A6%87-%E0%A6%A5%E0%A6%BE%E0%A6%95%E0%A6%AC%E0%A7%87,samakal,bn,https://samakal.com/industry-trade/article/354613/%E0%A6%AC%E0%A6%BF%E0%A6%AA%E0%A6%BF%E0%A6%B8%E0%A6%BF%E0%A6%B0-%E0%A6%AA%E0%A7%8D%E0%A6%B0%E0%A6%A7%E0%A6%BE%E0%A6%A8-%E0%A6%95%E0%A6%BE%E0%A6%B0%E0%A7%8D%E0%A6%AF%E0%A6%BE%E0%A6%B2%E0%A7%9F-%E0%A6%9A%E0%A6%9F%E0%A7%8D%E0%A6%9F%E0%A6%97%E0%A7%8D%E0%A6%B0%E0%A6%BE%E0%A6%AE%E0%A7%87%E0%A6%87-%E0%A6%A5%E0%A6%BE%E0%A6%95%E0%A6%AC%E0%A7%87,2026-06-01,বিপিসির প্রধান কার্যালয়  চট্টগ্রামেই থাকবে,2026,5,True,True,0,0,0,0,0,0,0,0,0,1,0,0,0,0,0,0
samakal:https://samakal.com/international/article/354586/%E0%A6%B2%E0%A7%87%E0%A6%AC%E0%A6%BE%E0%A6%A8%E0%A6%A8%E0%A7%87-%E0%A6%89%E0%A6%A4%E0%A7%8D%E0%A6%A4%E0%A7%87%E0%A6%9C%E0%A6%A8%E0%A6%BE-%E0%A6%AC%E0%A6%BE%E0%A7%9C%E0%A6%A4%E0%A7%87%E0%A6%87-%E0%A6%AC%E0%A6%BF%E0%A6%B6%E0%A7%8D%E0%A6%AC%E0%A6%AC%E0%A6%BE%E0%A6%9C%E0%A6%BE%E0%A6%B0%E0%A7%87-%E0%A6%A4%E0%A7%87%E0%A6%B2%E0%A7%87%E0%A6%B0-%E0%A6%A6%E0%A6%BE%E0%A6%AE-%E0%A7%A8-%E0%A6%B6%E0%A6%A4%E0%A6%BE%E0%A6%82%E0%A6%B6%E0%A7%87%E0%A6%B0-%E0%A6%AC%E0%A7%87%E0%A6%B6%E0%A6%BF-%E0%A6%AC%E0%A7%83%E0%A6%A6%E0%A7%8D%E0%A6%A7%E0%A6%BF,samakal,bn,https://samakal.com/international/article/354586/%E0%A6%B2%E0%A7%87%E0%A6%AC%E0%A6%BE%E0%A6%A8%E0%A6%A8%E0%A7%87-%E0%A6%89%E0%A6%A4%E0%A7%8D%E0%A6%A4%E0%A7%87%E0%A6%9C%E0%A6%A8%E0%A6%BE-%E0%A6%AC%E0%A6%BE%E0%A7%9C%E0%A6%A4%E0%A7%87%E0%A6%87-%E0%A6%AC%E0%A6%BF%E0%A6%B6%E0%A7%8D%E0%A6%AC%E0%A6%AC%E0%A6%BE%E0%A6%9C%E0%A6%BE%E0%A6%B0%E0%A7%87-%E0%A6%A4%E0%A7%87%E0%A6%B2%E0%A7%87%E0%A6%B0-%E0%A6%A6%E0%A6%BE%E0%A6%AE-%E0%A7%A8-%E0%A6%B6%E0%A6%A4%E0%A6%BE%E0%A6%82%E0%A6%B6%E0%A7%87%E0%A6%B0-%E0%A6%AC%E0%A7%87%E0%A6%B6%E0%A6%BF-%E0%A6%AC%E0%A7%83%E0%A6%A6%E0%A7%8D%E0%A6%A7%E0%A6%BF,2026-06-01,লেবাননে উত্তেজনা বাড়তেই বিশ্ববাজারে তেলের দাম ২ শতাংশের বেশি বৃদ্ধি,2026,4,True,True,1,11,0,0,0,0,0,0,0,0,0,0,0,0,0,0
samakal:https://samakal.com/whole-country/article/354736/%E0%A6%9C%E0%A7%8D%E0%A6%AC%E0%A6%BE%E0%A6%B2%E0%A6%BE%E0%A6%A8%E0%A6%BF-%E0%A6%A4%E0%A7%87%E0%A6%B2%E0%A7%87%E0%A6%B0-%E0%A6%AE%E0%A7%82%E0%A6%B2%E0%A7%8D%E0%A6%AF-%E0%A6%AC%E0%A7%83%E0%A6%A6%E0%A7%8D%E0%A6%A7%E0%A6%BF%E0%A6%B0-%E0%A6%AA%E0%A7%8D%E0%A6%B0%E0%A6%A4%E0%A6%BF%E0%A6%AC%E0%A6%BE%E0%A6%A6%E0%A7%87-%E0%A6%AF%E0%A6%B6%E0%A7%8B%E0%A6%B0%E0%A7%87-%E0%A6%8F%E0%A6%A8%E0%A6%B8%E0%A6%BF%E0%A6%AA%E0%A6%BF%E0%A6%B0-%E0%A6%AC%E0%A6%BF%E0%A6%95%E0%A7%8D%E0%A6%B7%E0%A7%8B%E0%A6%AD,samakal,bn,https://samakal.com/whole-country/article/354736/%E0%A6%9C%E0%A7%8D%E0%A6%AC%E0%A6%BE%E0%A6%B2%E0%A6%BE%E0%A6%A8%E0%A6%BF-%E0%A6%A4%E0%A7%87%E0%A6%B2%E0%A7%87%E0%A6%B0-%E0%A6%AE%E0%A7%82%E0%A6%B2%E0%A7%8D%E0%A6%AF-%E0%A6%AC%E0%A7%83%E0%A6%A6%E0%A7%8D%E0%A6%A7%E0%A6%BF%E0%A6%B0-%E0%A6%AA%E0%A7%8D%E0%A6%B0%E0%A6%A4%E0%A6%BF%E0%A6%AC%E0%A6%BE%E0%A6%A6%E0%A7%87-%E0%A6%AF%E0%A6%B6%E0%A7%8B%E0%A6%B0%E0%A7%87-%E0%A6%8F%E0%A6%A8%E0%A6%B8%E0%A6%BF%E0%A6%AA%E0%A6%BF%E0%A6%B0-%E0%A6%AC%E0%A6%BF%E0%A6%95%E0%A7%8D%E0%A6%B7%E0%A7%8B%E0%A6%AD,2026-06-02,জ্বালানি তেলের মূল্য বৃদ্ধির প্রতিবাদে যশোরে এনসিপির বিক্ষোভ,2026,13,True,True,1,2,0,1,0,0,0,0,0,0,0,0,0,1,1,13
samakal:https://samakal.com/capital/article/355148/%E0%A6%9C%E0%A7%8D%E0%A6%AC%E0%A6%BE%E0%A6%B2%E0%A6%BE%E0%A6%A8%E0%A6%BF-%E0%A6%B8%E0%A6%82%E0%A6%95%E0%A6%9F-%E0%A6%93-%E0%A6%AE%E0%A7%82%E0%A6%B2%E0%A7%8D%E0%A6%AF%E0%A6%AC%E0%A7%83%E0%A6%A6%E0%A7%8D%E0%A6%A7%E0%A6%BF-%E0%A6%AE%E0%A7%82%E0%A6%B2%E0%A7%8D%E0%A6%AF%E0%A6%B8%E0%A7%8D%E0%A6%AB%E0%A7%80%E0%A6%A4%E0%A6%BF%E0%A6%B0-%E0%A6%93%E0%A6%AA%E0%A6%B0-%E0%A6%A8%E0%A6%A4%E0%A7%81%E0%A6%A8-%E0%A6%9A%E0%A6%BE%E0%A6%AA:-%E0%A6%B8%E0%A6%BF%E0%A6%AA%E0%A6%BF%E0%A6%A1%E0%A6%BF,samakal,bn,https://samakal.com/capital/article/355148/%E0%A6%9C%E0%A7%8D%E0%A6%AC%E0%A6%BE%E0%A6%B2%E0%A6%BE%E0%A6%A8%E0%A6%BF-%E0%A6%B8%E0%A6%82%E0%A6%95%E0%A6%9F-%E0%A6%93-%E0%A6%AE%E0%A7%82%E0%A6%B2%E0%A7%8D%E0%A6%AF%E0%A6%AC%E0%A7%83%E0%A6%A6%E0%A7%8D%E0%A6%A7%E0%A6%BF-%E0%A6%AE%E0%A7%82%E0%A6%B2%E0%A7%8D%E0%A6%AF%E0%A6%B8%E0%A7%8D%E0%A6%AB%E0%A7%80%E0%A6%A4%E0%A6%BF%E0%A6%B0-%E0%A6%93%E0%A6%AA%E0%A6%B0-%E0%A6%A8%E0%A6%A4%E0%A7%81%E0%A6%A8-%E0%A6%9A%E0%A6%BE%E0%A6%AA:-%E0%A6%B8%E0%A6%BF%E0%A6%AA%E0%A6%BF%E0%A6%A1%E0%A6%BF,2026-06-04,জ্বালানি সংকট ও মূল্যবৃদ্ধি মূল্যস্ফীতির ওপর নতুন চাপ: সিপিডি,2026,6,True,True,1,2,0,0,0,0,0,0,0,1,0,0,0,0,0,0
samakal:https://samakal.com/international/article/355362/%E0%A6%9C%E0%A7%8D%E0%A6%AC%E0%A6%BE%E0%A6%B2%E0%A6%BE%E0%A6%A8%E0%A6%BF%E0%A6%B0-%E0%A6%A6%E0%A6%BE%E0%A6%AE-%E0%A6%AC%E0%A7%83%E0%A6%A6%E0%A7%8D%E0%A6%A7%E0%A6%BF%E0%A6%A4%E0%A7%87-%E0%A6%96%E0%A6%BE%E0%A6%A6%E0%A7%8D%E0%A6%AF-%E0%A6%B8%E0%A6%82%E0%A6%95%E0%A6%9F%E0%A7%87%E0%A6%B0-%E0%A6%86%E0%A6%B6%E0%A6%99%E0%A7%8D%E0%A6%95%E0%A6%BE-%E0%A6%AC%E0%A6%BE%E0%A6%B8%E0%A7%8D%E0%A6%A4%E0%A6%AC%E0%A7%87-%E0%A6%B0%E0%A7%82%E0%A6%AA-%E0%A6%A8%E0%A6%BF%E0%A6%9A%E0%A7%8D%E0%A6%9B%E0%A7%87:-%E0%A6%9C%E0%A6%BE%E0%A6%A4%E0%A6%BF%E0%A6%B8%E0%A6%82%E0%A6%98,samakal,bn,https://samakal.com/international/article/355362/%E0%A6%9C%E0%A7%8D%E0%A6%AC%E0%A6%BE%E0%A6%B2%E0%A6%BE%E0%A6%A8%E0%A6%BF%E0%A6%B0-%E0%A6%A6%E0%A6%BE%E0%A6%AE-%E0%A6%AC%E0%A7%83%E0%A6%A6%E0%A7%8D%E0%A6%A7%E0%A6%BF%E0%A6%A4%E0%A7%87-%E0%A6%96%E0%A6%BE%E0%A6%A6%E0%A7%8D%E0%A6%AF-%E0%A6%B8%E0%A6%82%E0%A6%95%E0%A6%9F%E0%A7%87%E0%A6%B0-%E0%A6%86%E0%A6%B6%E0%A6%99%E0%A7%8D%E0%A6%95%E0%A6%BE-%E0%A6%AC%E0%A6%BE%E0%A6%B8%E0%A7%8D%E0%A6%A4%E0%A6%AC%E0%A7%87-%E0%A6%B0%E0%A7%82%E0%A6%AA-%E0%A6%A8%E0%A6%BF%E0%A6%9A%E0%A7%8D%E0%A6%9B%E0%A7%87:-%E0%A6%9C%E0%A6%BE%E0%A6%A4%E0%A6%BF%E0%A6%B8%E0%A6%82%E0%A6%98,2026-06-05,জ্বালানির দাম বৃদ্ধিতে খাদ্য সংকটের আশঙ্কা বাস্তবে রূপ নিচ্ছে: জাতিসংঘ,2026,2,True,True,1,4,0,0,0,0,0,0,0,0,0,0,0,0,0,0
samakal:https://samakal.com/international/article/355853/%E0%A6%87%E0%A6%B8%E0%A6%B0%E0%A6%BE%E0%A7%9F%E0%A7%87%E0%A6%B2%E0%A7%87-%E0%A6%86%E0%A6%B0%E0%A6%93-%E0%A6%8F%E0%A6%95-%E0%A6%9D%E0%A6%BE%E0%A6%81%E0%A6%95-%E0%A6%95%E0%A7%8D%E0%A6%B7%E0%A7%87%E0%A6%AA%E0%A6%A3%E0%A6%BE%E0%A6%B8%E0%A7%8D%E0%A6%A4%E0%A7%8D%E0%A6%B0-%E0%A6%9B%E0%A7%81%E0%A7%9C%E0%A7%87%E0%A6%9B%E0%A7%87-%E0%A6%87%E0%A6%B0%E0%A6%BE%E0%A6%A8-%E0%A6%AC%E0%A6%BE%E0%A7%9C%E0%A6%B2-%E0%A6%A4%E0%A7%87%E0%A6%B2%E0%A7%87%E0%A6%B0-%E0%A6%A6%E0%A6%BE%E0%A6%AE,samakal,bn,https://samakal.com/international/article/355853/%E0%A6%87%E0%A6%B8%E0%A6%B0%E0%A6%BE%E0%A7%9F%E0%A7%87%E0%A6%B2%E0%A7%87-%E0%A6%86%E0%A6%B0%E0%A6%93-%E0%A6%8F%E0%A6%95-%E0%A6%9D%E0%A6%BE%E0%A6%81%E0%A6%95-%E0%A6%95%E0%A7%8D%E0%A6%B7%E0%A7%87%E0%A6%AA%E0%A6%A3%E0%A6%BE%E0%A6%B8%E0%A7%8D%E0%A6%A4%E0%A7%8D%E0%A6%B0-%E0%A6%9B%E0%A7%81%E0%A7%9C%E0%A7%87%E0%A6%9B%E0%A7%87-%E0%A6%87%E0%A6%B0%E0%A6%BE%E0%A6%A8-%E0%A6%AC%E0%A6%BE%E0%A7%9C%E0%A6%B2-%E0%A6%A4%E0%A7%87%E0%A6%B2%E0%A7%87%E0%A6%B0-%E0%A6%A6%E0%A6%BE%E0%A6%AE,2026-06-08,"ইসরায়েলে আরও এক ঝাঁক ক্ষেপণাস্ত্র ছুড়েছে ইরান, বাড়ল তেলের দাম",2026,2,True,True,1,8,0,0,0,0,0,0,0,0,0,0,0,0,0,0
samakal:https://samakal.com/bangladesh/article/356214/%E0%A6%A4%E0%A6%BF%E0%A6%A8-%E0%A6%AE%E0%A6%BE%E0%A6%B8%E0%A7%87-%E0%A7%A7%E0%A7%AD-%E0%A6%B9%E0%A6%BE%E0%A6%9C%E0%A6%BE%E0%A6%B0-%E0%A6%95%E0%A7%8B%E0%A6%9F%E0%A6%BF-%E0%A6%9F%E0%A6%BE%E0%A6%95%E0%A6%BE%E0%A6%B0-%E0%A6%9C%E0%A7%8D%E0%A6%AC%E0%A6%BE%E0%A6%B2%E0%A6%BE%E0%A6%A8%E0%A6%BF-%E0%A6%A4%E0%A7%87%E0%A6%B2-%E0%A6%86%E0%A6%AE%E0%A6%A6%E0%A6%BE%E0%A6%A8%E0%A6%BF-%E0%A6%95%E0%A6%B0%E0%A6%AC%E0%A7%87-%E0%A6%B8%E0%A6%B0%E0%A6%95%E0%A6%BE%E0%A6%B0,samakal,bn,https://samakal.com/bangladesh/article/356214/%E0%A6%A4%E0%A6%BF%E0%A6%A8-%E0%A6%AE%E0%A6%BE%E0%A6%B8%E0%A7%87-%E0%A7%A7%E0%A7%AD-%E0%A6%B9%E0%A6%BE%E0%A6%9C%E0%A6%BE%E0%A6%B0-%E0%A6%95%E0%A7%8B%E0%A6%9F%E0%A6%BF-%E0%A6%9F%E0%A6%BE%E0%A6%95%E0%A6%BE%E0%A6%B0-%E0%A6%9C%E0%A7%8D%E0%A6%AC%E0%A6%BE%E0%A6%B2%E0%A6%BE%E0%A6%A8%E0%A6%BF-%E0%A6%A4%E0%A7%87%E0%A6%B2-%E0%A6%86%E0%A6%AE%E0%A6%A6%E0%A6%BE%E0%A6%A8%E0%A6%BF-%E0%A6%95%E0%A6%B0%E0%A6%AC%E0%A7%87-%E0%A6%B8%E0%A6%B0%E0%A6%95%E0%A6%BE%E0%A6%B0,2026-06-10,তিন মাসে ১৭ হাজার কোটি টাকার জ্বালানি তেল আমদানি করবে সরকার,2026,8,True,True,0,0,0,0,0,0,0,0,0,0,0,0,0,0,0,0
samakal:https://samakal.com/economics/article/356431/%E0%A6%AC%E0%A6%BF%E0%A6%A6%E0%A7%8D%E0%A6%AF%E0%A7%81%E0%A7%8E-%E0%A6%9C%E0%A7%8D%E0%A6%AC%E0%A6%BE%E0%A6%B2%E0%A6%BE%E0%A6%A8%E0%A6%BF-%E0%A6%96%E0%A6%BE%E0%A6%A4%E0%A7%87-%E0%A6%AC%E0%A6%B0%E0%A6%BE%E0%A6%A6%E0%A7%8D%E0%A6%A6-%E0%A6%AC%E0%A7%87%E0%A6%A1%E0%A6%BC%E0%A7%87-%E0%A7%A7%E0%A7%AD-%E0%A7%A9%E0%A7%AA%E0%A7%AB-%E0%A6%95%E0%A7%8B%E0%A6%9F%E0%A6%BF-%E0%A6%9F%E0%A6%BE%E0%A6%95%E0%A6%BE,samakal,bn,https://samakal.com/economics/article/356431/%E0%A6%AC%E0%A6%BF%E0%A6%A6%E0%A7%8D%E0%A6%AF%E0%A7%81%E0%A7%8E-%E0%A6%9C%E0%A7%8D%E0%A6%AC%E0%A6%BE%E0%A6%B2%E0%A6%BE%E0%A6%A8%E0%A6%BF-%E0%A6%96%E0%A6%BE%E0%A6%A4%E0%A7%87-%E0%A6%AC%E0%A6%B0%E0%A6%BE%E0%A6%A6%E0%A7%8D%E0%A6%A6-%E0%A6%AC%E0%A7%87%E0%A6%A1%E0%A6%BC%E0%A7%87-%E0%A7%A7%E0%A7%AD-%E0%A7%A9%E0%A7%AA%E0%A7%AB-%E0%A6%95%E0%A7%8B%E0%A6%9F%E0%A6%BF-%E0%A6%9F%E0%A6%BE%E0%A6%95%E0%A6%BE,2026-06-11,"বিদ্যুৎ-জ্বালানি খাতে বরাদ্দ বেড়ে ১৭,৩৪৫ কোটি টাকা",2026,10,True,True,1,4,1,2,1,5,1,2,0,0,0,0,1,4,0,0
samakal:https://samakal.com/international/article/356357/%E0%A6%B9%E0%A6%B0%E0%A6%AE%E0%A7%81%E0%A6%9C%E0%A7%87-%E0%A6%9C%E0%A6%BE%E0%A6%B9%E0%A6%BE%E0%A6%9C-%E0%A6%9A%E0%A6%B2%E0%A6%BE%E0%A6%9A%E0%A6%B2-%E0%A6%AC%E0%A6%A8%E0%A7%8D%E0%A6%A7-%E0%A6%98%E0%A7%87%E0%A6%BE%E0%A6%B7%E0%A6%A3%E0%A6%BE%E0%A6%B0-%E0%A6%AA%E0%A6%B0%E0%A7%87%E0%A6%87-%E0%A6%AC%E0%A6%BE%E0%A7%9C%E0%A6%B2-%E0%A6%A4%E0%A7%87%E0%A6%B2%E0%A7%87%E0%A6%B0-%E0%A6%A6%E0%A6%BE%E0%A6%AE,samakal,bn,https://samakal.com/international/article/356357/%E0%A6%B9%E0%A6%B0%E0%A6%AE%E0%A7%81%E0%A6%9C%E0%A7%87-%E0%A6%9C%E0%A6%BE%E0%A6%B9%E0%A6%BE%E0%A6%9C-%E0%A6%9A%E0%A6%B2%E0%A6%BE%E0%A6%9A%E0%A6%B2-%E0%A6%AC%E0%A6%A8%E0%A7%8D%E0%A6%A7-%E0%A6%98%E0%A7%87%E0%A6%BE%E0%A6%B7%E0%A6%A3%E0%A6%BE%E0%A6%B0-%E0%A6%AA%E0%A6%B0%E0%A7%87%E0%A6%87-%E0%A6%AC%E0%A6%BE%E0%A7%9C%E0%A6%B2-%E0%A6%A4%E0%A7%87%E0%A6%B2%E0%A7%87%E0%A6%B0-%E0%A6%A6%E0%A6%BE%E0%A6%AE,2026-06-11,হরমুজে জাহাজ চলাচল বন্ধ ঘোষণার পরেই বাড়ল তেলের দাম,2026,5,True,True,1,10,0,0,0,0,0,0,0,0,0,0,0,0,0,0
samakal:https://samakal.com/international/article/357059/%E0%A6%B6%E0%A6%BE%E0%A6%A8%E0%A7%8D%E0%A6%A4%E0%A6%BF%E0%A6%9A%E0%A7%81%E0%A6%95%E0%A7%8D%E0%A6%A4%E0%A6%BF%E0%A6%B0-%E0%A6%96%E0%A6%AC%E0%A6%B0%E0%A7%87-%E0%A6%95%E0%A6%AE%E0%A6%B2%E0%A7%8B-%E0%A6%A4%E0%A7%87%E0%A6%B2%E0%A7%87%E0%A6%B0-%E0%A6%A6%E0%A6%BE%E0%A6%AE-%E0%A6%AC%E0%A6%BF%E0%A6%B6%E0%A7%8D%E0%A6%AC-%E0%A6%B6%E0%A7%87%E0%A7%9F%E0%A6%BE%E0%A6%B0%E0%A6%AC%E0%A6%BE%E0%A6%9C%E0%A6%BE%E0%A6%B0%E0%A7%87-%E0%A6%AC%E0%A7%9C-%E0%A6%89%E0%A6%A4%E0%A7%8D%E0%A6%A5%E0%A6%BE%E0%A6%A8,samakal,bn,https://samakal.com/international/article/357059/%E0%A6%B6%E0%A6%BE%E0%A6%A8%E0%A7%8D%E0%A6%A4%E0%A6%BF%E0%A6%9A%E0%A7%81%E0%A6%95%E0%A7%8D%E0%A6%A4%E0%A6%BF%E0%A6%B0-%E0%A6%96%E0%A6%AC%E0%A6%B0%E0%A7%87-%E0%A6%95%E0%A6%AE%E0%A6%B2%E0%A7%8B-%E0%A6%A4%E0%A7%87%E0%A6%B2%E0%A7%87%E0%A6%B0-%E0%A6%A6%E0%A6%BE%E0%A6%AE-%E0%A6%AC%E0%A6%BF%E0%A6%B6%E0%A7%8D%E0%A6%AC-%E0%A6%B6%E0%A7%87%E0%A7%9F%E0%A6%BE%E0%A6%B0%E0%A6%AC%E0%A6%BE%E0%A6%9C%E0%A6%BE%E0%A6%B0%E0%A7%87-%E0%A6%AC%E0%A7%9C-%E0%A6%89%E0%A6%A4%E0%A7%8D%E0%A6%A5%E0%A6%BE%E0%A6%A8,2026-06-15,"শান্তিচুক্তির খবরে কমলো তেলের দাম, বিশ্ব শেয়ারবাজারে বড় উত্থান",2026,5,True,True,1,13,0,0,0,0,0,0,0,0,0,0,0,0,1,2
samakal:https://samakal.com/international/article/357751/%E0%A6%AC%E0%A6%BF%E0%A6%B6%E0%A7%8D%E0%A6%AC%E0%A6%AC%E0%A6%BE%E0%A6%9C%E0%A6%BE%E0%A6%B0%E0%A7%87-%E0%A6%9C%E0%A7%8D%E0%A6%AC%E0%A6%BE%E0%A6%B2%E0%A6%BE%E0%A6%A8%E0%A6%BF-%E0%A6%A4%E0%A7%87%E0%A6%B2%E0%A7%87%E0%A6%B0-%E0%A6%A6%E0%A6%BE%E0%A6%AE-%E0%A6%86%E0%A6%B0%E0%A6%93-%E0%A6%95%E0%A6%AE%E0%A6%B2%E0%A7%8B,samakal,bn,https://samakal.com/international/article/357751/%E0%A6%AC%E0%A6%BF%E0%A6%B6%E0%A7%8D%E0%A6%AC%E0%A6%AC%E0%A6%BE%E0%A6%9C%E0%A6%BE%E0%A6%B0%E0%A7%87-%E0%A6%9C%E0%A7%8D%E0%A6%AC%E0%A6%BE%E0%A6%B2%E0%A6%BE%E0%A6%A8%E0%A6%BF-%E0%A6%A4%E0%A7%87%E0%A6%B2%E0%A7%87%E0%A6%B0-%E0%A6%A6%E0%A6%BE%E0%A6%AE-%E0%A6%86%E0%A6%B0%E0%A6%93-%E0%A6%95%E0%A6%AE%E0%A6%B2%E0%A7%8B,2026-06-18,বিশ্ববাজারে জ্বালানি তেলের দাম আরও কমলো,2026,3,True,True,1,8,0,0,0,0,0,0,0,0,0,0,0,0,0,0
samakal:https://samakal.com/bangladesh/article/358454/%E0%A6%87%E0%A6%B0%E0%A6%BE%E0%A6%A8-%E0%A6%AF%E0%A7%81%E0%A6%A6%E0%A7%8D%E0%A6%A7%E0%A7%87%E0%A6%B0-%E0%A6%AA%E0%A6%B0-%E0%A6%AC%E0%A6%BF%E0%A6%AA%E0%A6%BF%E0%A6%B8%E0%A6%BF%E0%A6%B0-%E0%A6%B2%E0%A7%8B%E0%A6%95%E0%A6%B8%E0%A6%BE%E0%A6%A8-%E0%A7%A7%E0%A7%AD-%E0%A6%B9%E0%A6%BE%E0%A6%9C%E0%A6%BE%E0%A6%B0-%E0%A6%95%E0%A7%8B%E0%A6%9F%E0%A6%BF-%E0%A6%9F%E0%A6%BE%E0%A6%95%E0%A6%BE:-%E0%A6%9C%E0%A7%8D%E0%A6%AC%E0%A6%BE%E0%A6%B2%E0%A6%BE%E0%A6%A8%E0%A7%80%E0%A6%AE%E0%A6%A8%E0%A7%8D%E0%A6%A4%E0%A7%8D%E0%A6%B0%E0%A7%80,samakal,bn,https://samakal.com/bangladesh/article/358454/%E0%A6%87%E0%A6%B0%E0%A6%BE%E0%A6%A8-%E0%A6%AF%E0%A7%81%E0%A6%A6%E0%A7%8D%E0%A6%A7%E0%A7%87%E0%A6%B0-%E0%A6%AA%E0%A6%B0-%E0%A6%AC%E0%A6%BF%E0%A6%AA%E0%A6%BF%E0%A6%B8%E0%A6%BF%E0%A6%B0-%E0%A6%B2%E0%A7%8B%E0%A6%95%E0%A6%B8%E0%A6%BE%E0%A6%A8-%E0%A7%A7%E0%A7%AD-%E0%A6%B9%E0%A6%BE%E0%A6%9C%E0%A6%BE%E0%A6%B0-%E0%A6%95%E0%A7%8B%E0%A6%9F%E0%A6%BF-%E0%A6%9F%E0%A6%BE%E0%A6%95%E0%A6%BE:-%E0%A6%9C%E0%A7%8D%E0%A6%AC%E0%A6%BE%E0%A6%B2%E0%A6%BE%E0%A6%A8%E0%A7%80%E0%A6%AE%E0%A6%A8%E0%A7%8D%E0%A6%A4%E0%A7%8D%E0%A6%B0%E0%A7%80,2026-06-22,ইরান যুদ্ধের পর বিপিসির লোকসান ১৭ হাজার কোটি টাকা: জ্বালানীমন্ত্রী,2026,11,True,True,1,8,0,0,0,0,0,0,0,0,0,0,1,6,0,0
samakal:https://samakal.com/international/article/358628/%E0%A6%A4%E0%A7%87%E0%A6%B2%E0%A7%87%E0%A6%B0-%E0%A6%A6%E0%A6%BE%E0%A6%AE%E0%A7%87%E0%A6%B0-%E0%A6%AD%E0%A6%AC%E0%A6%BF%E0%A6%B7%E0%A7%8D%E0%A6%AF%E0%A6%A4-%E0%A6%8F%E0%A6%96%E0%A6%A8-%E0%A6%9A%E0%A7%80%E0%A6%A8%E0%A7%87%E0%A6%B0-%E0%A6%B9%E0%A6%BE%E0%A6%A4%E0%A7%87-%E0%A6%95%E0%A7%80%E0%A6%AD%E0%A6%BE%E0%A6%AC%E0%A7%87-,samakal,bn,https://samakal.com/international/article/358628/%E0%A6%A4%E0%A7%87%E0%A6%B2%E0%A7%87%E0%A6%B0-%E0%A6%A6%E0%A6%BE%E0%A6%AE%E0%A7%87%E0%A6%B0-%E0%A6%AD%E0%A6%AC%E0%A6%BF%E0%A6%B7%E0%A7%8D%E0%A6%AF%E0%A6%A4-%E0%A6%8F%E0%A6%96%E0%A6%A8-%E0%A6%9A%E0%A7%80%E0%A6%A8%E0%A7%87%E0%A6%B0-%E0%A6%B9%E0%A6%BE%E0%A6%A4%E0%A7%87-%E0%A6%95%E0%A7%80%E0%A6%AD%E0%A6%BE%E0%A6%AC%E0%A7%87-,2026-06-23,"তেলের দামের ভবিষ্যত এখন চীনের হাতে, কীভাবে?",2026,6,True,True,1,15,0,0,0,0,0,0,0,0,0,0,0,1,0,0
samakal:https://samakal.com/bangladesh/article/358574/%E0%A6%AF%E0%A7%81%E0%A6%A6%E0%A7%8D%E0%A6%A7%E0%A7%87%E0%A6%B0-%E0%A6%AA%E0%A6%B0-%E0%A6%AC%E0%A6%BF%E0%A6%AA%E0%A6%BF%E0%A6%B8%E0%A6%BF%E0%A6%B0-%E0%A6%B2%E0%A7%8B%E0%A6%95%E0%A6%B8%E0%A6%BE%E0%A6%A8-%E0%A7%A7%E0%A7%AD-%E0%A6%B9%E0%A6%BE%E0%A6%9C%E0%A6%BE%E0%A6%B0-%E0%A6%95%E0%A7%8B%E0%A6%9F%E0%A6%BF-%E0%A6%9F%E0%A6%BE%E0%A6%95%E0%A6%BE,samakal,bn,https://samakal.com/bangladesh/article/358574/%E0%A6%AF%E0%A7%81%E0%A6%A6%E0%A7%8D%E0%A6%A7%E0%A7%87%E0%A6%B0-%E0%A6%AA%E0%A6%B0-%E0%A6%AC%E0%A6%BF%E0%A6%AA%E0%A6%BF%E0%A6%B8%E0%A6%BF%E0%A6%B0-%E0%A6%B2%E0%A7%8B%E0%A6%95%E0%A6%B8%E0%A6%BE%E0%A6%A8-%E0%A7%A7%E0%A7%AD-%E0%A6%B9%E0%A6%BE%E0%A6%9C%E0%A6%BE%E0%A6%B0-%E0%A6%95%E0%A7%8B%E0%A6%9F%E0%A6%BF-%E0%A6%9F%E0%A6%BE%E0%A6%95%E0%A6%BE,2026-06-23,যুদ্ধের পর বিপিসির লোকসান ১৭ হাজার কোটি টাকা,2026,11,True,True,1,7,0,0,0,0,0,0,0,0,0,0,1,6,0,0
samakal:https://samakal.com/international/article/359038/%E0%A6%AC%E0%A6%BF%E0%A6%B6%E0%A7%8D%E0%A6%AC%E0%A6%AC%E0%A6%BE%E0%A6%9C%E0%A6%BE%E0%A6%B0%E0%A7%87-%E0%A6%A4%E0%A7%87%E0%A6%B2%E0%A7%87%E0%A6%B0-%E0%A6%A6%E0%A6%BE%E0%A6%AE-%E0%A6%AB%E0%A6%BF%E0%A6%B0%E0%A6%B2-%E0%A6%AF%E0%A7%81%E0%A6%A6%E0%A7%8D%E0%A6%A7-%E0%A6%AA%E0%A7%82%E0%A6%B0%E0%A7%8D%E0%A6%AC%E0%A6%AC%E0%A6%B0%E0%A7%8D%E0%A6%A4%E0%A7%80-%E0%A6%85%E0%A6%AC%E0%A6%B8%E0%A7%8D%E0%A6%A5%E0%A6%BE%E0%A7%9F,samakal,bn,https://samakal.com/international/article/359038/%E0%A6%AC%E0%A6%BF%E0%A6%B6%E0%A7%8D%E0%A6%AC%E0%A6%AC%E0%A6%BE%E0%A6%9C%E0%A6%BE%E0%A6%B0%E0%A7%87-%E0%A6%A4%E0%A7%87%E0%A6%B2%E0%A7%87%E0%A6%B0-%E0%A6%A6%E0%A6%BE%E0%A6%AE-%E0%A6%AB%E0%A6%BF%E0%A6%B0%E0%A6%B2-%E0%A6%AF%E0%A7%81%E0%A6%A6%E0%A7%8D%E0%A6%A7-%E0%A6%AA%E0%A7%82%E0%A6%B0%E0%A7%8D%E0%A6%AC%E0%A6%AC%E0%A6%B0%E0%A7%8D%E0%A6%A4%E0%A7%80-%E0%A6%85%E0%A6%AC%E0%A6%B8%E0%A7%8D%E0%A6%A5%E0%A6%BE%E0%A7%9F,2026-06-25,বিশ্ববাজারে তেলের দাম ফিরল যুদ্ধ পূর্ববর্তী অবস্থায়,2026,5,True,True,1,10,0,0,0,0,0,0,0,0,0,0,0,0,0,0
samakal:https://samakal.com/bangladesh/article/359355/%E0%A6%9C%E0%A7%8D%E0%A6%AC%E0%A6%BE%E0%A6%B2%E0%A6%BE%E0%A6%A8%E0%A6%BF-%E0%A6%B8%E0%A6%82%E0%A6%95%E0%A6%9F-%E0%A6%95%E0%A6%BE%E0%A6%9F%E0%A6%BE%E0%A6%A4%E0%A7%87-%E0%A6%86%E0%A6%AA%E0%A7%8E%E0%A6%95%E0%A6%BE%E0%A6%B2%E0%A7%80%E0%A6%A8-%E0%A6%AE%E0%A6%B9%E0%A6%BE%E0%A6%AA%E0%A6%B0%E0%A6%BF%E0%A6%95%E0%A6%B2%E0%A7%8D%E0%A6%AA%E0%A6%A8%E0%A6%BE-%E0%A6%A8%E0%A7%87%E0%A6%AC%E0%A7%87-%E0%A6%B8%E0%A6%B0%E0%A6%95%E0%A6%BE%E0%A6%B0,samakal,bn,https://samakal.com/bangladesh/article/359355/%E0%A6%9C%E0%A7%8D%E0%A6%AC%E0%A6%BE%E0%A6%B2%E0%A6%BE%E0%A6%A8%E0%A6%BF-%E0%A6%B8%E0%A6%82%E0%A6%95%E0%A6%9F-%E0%A6%95%E0%A6%BE%E0%A6%9F%E0%A6%BE%E0%A6%A4%E0%A7%87-%E0%A6%86%E0%A6%AA%E0%A7%8E%E0%A6%95%E0%A6%BE%E0%A6%B2%E0%A7%80%E0%A6%A8-%E0%A6%AE%E0%A6%B9%E0%A6%BE%E0%A6%AA%E0%A6%B0%E0%A6%BF%E0%A6%95%E0%A6%B2%E0%A7%8D%E0%A6%AA%E0%A6%A8%E0%A6%BE-%E0%A6%A8%E0%A7%87%E0%A6%AC%E0%A7%87-%E0%A6%B8%E0%A6%B0%E0%A6%95%E0%A6%BE%E0%A6%B0,2026-06-27,জ্বালানি সংকট কাটাতে আপৎকালীন মহাপরিকল্পনা নেবে সরকার,2026,2,True,True,1,2,0,0,0,0,0,1,0,0,0,0,0,0,0,0
samakal:https://samakal.com/bangladesh/article/359919/%E0%A6%9C%E0%A7%81%E0%A6%B2%E0%A6%BE%E0%A6%87%E0%A7%9F%E0%A7%87-%E0%A6%85%E0%A6%AA%E0%A6%B0%E0%A6%BF%E0%A6%AC%E0%A6%B0%E0%A7%8D%E0%A6%A4%E0%A6%BF%E0%A6%A4-%E0%A6%A5%E0%A6%BE%E0%A6%95%E0%A6%AC%E0%A7%87-%E0%A6%9C%E0%A7%8D%E0%A6%AC%E0%A6%BE%E0%A6%B2%E0%A6%BE%E0%A6%A8%E0%A6%BF-%E0%A6%A4%E0%A7%87%E0%A6%B2%E0%A7%87%E0%A6%B0-%E0%A6%A6%E0%A6%BE%E0%A6%AE,samakal,bn,https://samakal.com/bangladesh/article/359919/%E0%A6%9C%E0%A7%81%E0%A6%B2%E0%A6%BE%E0%A6%87%E0%A7%9F%E0%A7%87-%E0%A6%85%E0%A6%AA%E0%A6%B0%E0%A6%BF%E0%A6%AC%E0%A6%B0%E0%A7%8D%E0%A6%A4%E0%A6%BF%E0%A6%A4-%E0%A6%A5%E0%A6%BE%E0%A6%95%E0%A6%AC%E0%A7%87-%E0%A6%9C%E0%A7%8D%E0%A6%AC%E0%A6%BE%E0%A6%B2%E0%A6%BE%E0%A6%A8%E0%A6%BF-%E0%A6%A4%E0%A7%87%E0%A6%B2%E0%A7%87%E0%A6%B0-%E0%A6%A6%E0%A6%BE%E0%A6%AE,2026-06-30,জুলাইয়ে অপরিবর্তিত থাকবে জ্বালানি তেলের দাম,2026,14,True,True,1,2,0,0,0,0,0,0,0,0,0,0,0,0,0,0
samakal:https://samakal.com/bangladesh/article/359893/%E0%A6%95%E0%A6%AE%E0%A6%B2-%E0%A6%AB%E0%A6%BE%E0%A6%B0%E0%A7%8D%E0%A6%A8%E0%A7%87%E0%A6%B8-%E0%A6%A4%E0%A7%87%E0%A6%B2%E0%A7%87%E0%A6%B0-%E0%A6%A6%E0%A6%BE%E0%A6%AE,samakal,bn,https://samakal.com/bangladesh/article/359893/%E0%A6%95%E0%A6%AE%E0%A6%B2-%E0%A6%AB%E0%A6%BE%E0%A6%B0%E0%A7%8D%E0%A6%A8%E0%A7%87%E0%A6%B8-%E0%A6%A4%E0%A7%87%E0%A6%B2%E0%A7%87%E0%A6%B0-%E0%A6%A6%E0%A6%BE%E0%A6%AE,2026-06-30,কমল ফার্নেস তেলের দাম,2026,15,True,True,0,1,0,0,0,0,0,0,0,0,0,0,0,0,0,0
samakal:https://samakal.com/international/article/360209/%E0%A6%B6%E0%A6%BE%E0%A6%A8%E0%A7%8D%E0%A6%A4%E0%A6%BF-%E0%A6%9A%E0%A7%81%E0%A6%95%E0%A7%8D%E0%A6%A4%E0%A6%BF%E0%A6%B0-%E0%A6%86%E0%A6%B6%E0%A6%BE%E0%A7%9F-%E0%A6%AC%E0%A6%BF%E0%A6%B6%E0%A7%8D%E0%A6%AC%E0%A6%AC%E0%A6%BE%E0%A6%9C%E0%A6%BE%E0%A6%B0%E0%A7%87-%E0%A6%A4%E0%A7%87%E0%A6%B2%E0%A7%87%E0%A6%B0-%E0%A6%A6%E0%A6%BE%E0%A6%AE%E0%A7%87-%E0%A6%AC%E0%A7%9C-%E0%A6%AA%E0%A6%A4%E0%A6%A8,samakal,bn,https://samakal.com/international/article/360209/%E0%A6%B6%E0%A6%BE%E0%A6%A8%E0%A7%8D%E0%A6%A4%E0%A6%BF-%E0%A6%9A%E0%A7%81%E0%A6%95%E0%A7%8D%E0%A6%A4%E0%A6%BF%E0%A6%B0-%E0%A6%86%E0%A6%B6%E0%A6%BE%E0%A7%9F-%E0%A6%AC%E0%A6%BF%E0%A6%B6%E0%A7%8D%E0%A6%AC%E0%A6%AC%E0%A6%BE%E0%A6%9C%E0%A6%BE%E0%A6%B0%E0%A7%87-%E0%A6%A4%E0%A7%87%E0%A6%B2%E0%A7%87%E0%A6%B0-%E0%A6%A6%E0%A6%BE%E0%A6%AE%E0%A7%87-%E0%A6%AC%E0%A7%9C-%E0%A6%AA%E0%A6%A4%E0%A6%A8,2026-07-02,শান্তি চুক্তির আশায় বিশ্ববাজারে তেলের দামে বড় পতন,2026,2,True,True,1,19,0,0,0,0,0,0,0,0,0,0,0,0,0,0
samakal:https://samakal.com/whole-country/article/360439/%E0%A6%95%E0%A6%B0%E0%A7%8D%E0%A6%A3%E0%A6%AB%E0%A7%81%E0%A6%B2%E0%A7%80-%E0%A6%A8%E0%A6%A6%E0%A7%80%E0%A6%A4%E0%A7%87-%E0%A6%B8%E0%A6%BE%E0%A7%9C%E0%A7%87-%E0%A7%A7%E0%A7%A8-%E0%A6%B9%E0%A6%BE%E0%A6%9C%E0%A6%BE%E0%A6%B0-%E0%A6%B2%E0%A6%BF%E0%A6%9F%E0%A6%BE%E0%A6%B0-%E0%A6%9A%E0%A7%8B%E0%A6%B0%E0%A6%BE%E0%A6%87-%E0%A6%A1%E0%A6%BF%E0%A6%9C%E0%A7%87%E0%A6%B2-%E0%A6%9C%E0%A6%AC%E0%A7%8D%E0%A6%A6-%E0%A6%97%E0%A7%8D%E0%A6%B0%E0%A7%87%E0%A6%AA%E0%A7%8D%E0%A6%A4%E0%A6%BE%E0%A6%B0-%E0%A7%AC,samakal,bn,https://samakal.com/whole-country/article/360439/%E0%A6%95%E0%A6%B0%E0%A7%8D%E0%A6%A3%E0%A6%AB%E0%A7%81%E0%A6%B2%E0%A7%80-%E0%A6%A8%E0%A6%A6%E0%A7%80%E0%A6%A4%E0%A7%87-%E0%A6%B8%E0%A6%BE%E0%A7%9C%E0%A7%87-%E0%A7%A7%E0%A7%A8-%E0%A6%B9%E0%A6%BE%E0%A6%9C%E0%A6%BE%E0%A6%B0-%E0%A6%B2%E0%A6%BF%E0%A6%9F%E0%A6%BE%E0%A6%B0-%E0%A6%9A%E0%A7%8B%E0%A6%B0%E0%A6%BE%E0%A6%87-%E0%A6%A1%E0%A6%BF%E0%A6%9C%E0%A7%87%E0%A6%B2-%E0%A6%9C%E0%A6%AC%E0%A7%8D%E0%A6%A6-%E0%A6%97%E0%A7%8D%E0%A6%B0%E0%A7%87%E0%A6%AA%E0%A7%8D%E0%A6%A4%E0%A6%BE%E0%A6%B0-%E0%A7%AC,2026-07-03,"কর্ণফুলী নদীতে সাড়ে ১২ হাজার লিটার চোরাই ডিজেল জব্দ, গ্রেপ্তার ৬",2026,7,True,True,0,0,0,0,0,0,0,0,0,0,0,0,0,0,0,0
samakal:https://samakal.com/international/article/361435/%E0%A6%87%E0%A6%B0%E0%A6%BE%E0%A6%A8%E0%A7%87-%E0%A6%B9%E0%A6%BE%E0%A6%AE%E0%A6%B2%E0%A6%BE%E0%A6%B0-%E0%A6%9C%E0%A7%87%E0%A6%B0%E0%A7%87-%E0%A6%AC%E0%A6%BE%E0%A7%9C%E0%A6%B2-%E0%A6%A4%E0%A7%87%E0%A6%B2%E0%A7%87%E0%A6%B0-%E0%A6%A6%E0%A6%BE%E0%A6%AE,samakal,bn,https://samakal.com/international/article/361435/%E0%A6%87%E0%A6%B0%E0%A6%BE%E0%A6%A8%E0%A7%87-%E0%A6%B9%E0%A6%BE%E0%A6%AE%E0%A6%B2%E0%A6%BE%E0%A6%B0-%E0%A6%9C%E0%A7%87%E0%A6%B0%E0%A7%87-%E0%A6%AC%E0%A6%BE%E0%A7%9C%E0%A6%B2-%E0%A6%A4%E0%A7%87%E0%A6%B2%E0%A7%87%E0%A6%B0-%E0%A6%A6%E0%A6%BE%E0%A6%AE,2026-07-09,ইরানে হামলার জেরে বাড়ল তেলের দাম,2026,4,True,True,1,9,0,0,0,0,0,0,0,0,0,0,0,0,0,0
samakal:https://samakal.com/international/article/363539/%E0%A6%AC%E0%A6%BF%E0%A6%B6%E0%A7%8D%E0%A6%AC%E0%A6%AC%E0%A6%BE%E0%A6%9C%E0%A6%BE%E0%A6%B0%E0%A7%87-%E0%A6%86%E0%A6%B0%E0%A6%93-%E0%A6%AC%E0%A6%BE%E0%A7%9C%E0%A6%B2-%E0%A6%A4%E0%A7%87%E0%A6%B2%E0%A7%87%E0%A6%B0-%E0%A6%A6%E0%A6%BE%E0%A6%AE-%E0%A6%AC%E0%A7%8D%E0%A6%AF%E0%A6%BE%E0%A6%B0%E0%A7%87%E0%A6%B2%E0%A6%AA%E0%A7%8D%E0%A6%B0%E0%A6%A4%E0%A6%BF-%E0%A6%9B%E0%A6%BE%E0%A7%9C%E0%A6%BE%E0%A6%B2-%E0%A7%AF%E0%A7%A6-%E0%A6%A1%E0%A6%B2%E0%A6%BE%E0%A6%B0,samakal,bn,https://samakal.com/international/article/363539/%E0%A6%AC%E0%A6%BF%E0%A6%B6%E0%A7%8D%E0%A6%AC%E0%A6%AC%E0%A6%BE%E0%A6%9C%E0%A6%BE%E0%A6%B0%E0%A7%87-%E0%A6%86%E0%A6%B0%E0%A6%93-%E0%A6%AC%E0%A6%BE%E0%A7%9C%E0%A6%B2-%E0%A6%A4%E0%A7%87%E0%A6%B2%E0%A7%87%E0%A6%B0-%E0%A6%A6%E0%A6%BE%E0%A6%AE-%E0%A6%AC%E0%A7%8D%E0%A6%AF%E0%A6%BE%E0%A6%B0%E0%A7%87%E0%A6%B2%E0%A6%AA%E0%A7%8D%E0%A6%B0%E0%A6%A4%E0%A6%BF-%E0%A6%9B%E0%A6%BE%E0%A7%9C%E0%A6%BE%E0%A6%B2-%E0%A7%AF%E0%A7%A6-%E0%A6%A1%E0%A6%B2%E0%A6%BE%E0%A6%B0,2026-07-20,"বিশ্ববাজারে আরও বাড়ল তেলের দাম, ব্যারেলপ্রতি ছাড়াল ৯০ ডলার",2026,3,True,True,1,18,0,0,0,0,0,0,0,0,0,0,0,0,0,1
samakal:https://samakal.com/international/article/364150/%E0%A6%AC%E0%A6%BF%E0%A6%B6%E0%A7%8D%E0%A6%AC%E0%A6%AC%E0%A6%BE%E0%A6%9C%E0%A6%BE%E0%A6%B0%E0%A7%87-%E0%A6%9C%E0%A7%8D%E0%A6%AC%E0%A6%BE%E0%A6%B2%E0%A6%BE%E0%A6%A8%E0%A6%BF-%E0%A6%A4%E0%A7%87%E0%A6%B2%E0%A7%87%E0%A6%B0-%E0%A6%A6%E0%A6%BE%E0%A6%AE-%E0%A6%86%E0%A6%AC%E0%A6%BE%E0%A6%B0%E0%A6%93-%E0%A7%A7%E0%A7%A6%E0%A7%A6-%E0%A6%A1%E0%A6%B2%E0%A6%BE%E0%A6%B0-%E0%A6%9B%E0%A6%BE%E0%A7%9C%E0%A6%BE%E0%A6%B2,samakal,bn,https://samakal.com/international/article/364150/%E0%A6%AC%E0%A6%BF%E0%A6%B6%E0%A7%8D%E0%A6%AC%E0%A6%AC%E0%A6%BE%E0%A6%9C%E0%A6%BE%E0%A6%B0%E0%A7%87-%E0%A6%9C%E0%A7%8D%E0%A6%AC%E0%A6%BE%E0%A6%B2%E0%A6%BE%E0%A6%A8%E0%A6%BF-%E0%A6%A4%E0%A7%87%E0%A6%B2%E0%A7%87%E0%A6%B0-%E0%A6%A6%E0%A6%BE%E0%A6%AE-%E0%A6%86%E0%A6%AC%E0%A6%BE%E0%A6%B0%E0%A6%93-%E0%A7%A7%E0%A7%A6%E0%A7%A6-%E0%A6%A1%E0%A6%B2%E0%A6%BE%E0%A6%B0-%E0%A6%9B%E0%A6%BE%E0%A7%9C%E0%A6%BE%E0%A6%B2,2026-07-23,বিশ্ববাজারে জ্বালানি তেলের দাম আবারও ১০০ ডলার ছাড়াল,2026,6,True,True,1,12,0,0,0,0,0,0,0,0,0,0,0,0,1,2
samakal:https://samakal.com/bangladesh/article/364159/%E0%A6%B8%E0%A6%BE%E0%A6%AE%E0%A6%BF%E0%A6%9F-%E0%A6%97%E0%A7%8D%E0%A6%B0%E0%A7%81%E0%A6%AA%E0%A7%87%E0%A6%B0-%E0%A6%B2%E0%A7%87%E0%A6%A8%E0%A6%A6%E0%A7%87%E0%A6%A8%E0%A7%87%E0%A6%B0-%E0%A6%A8%E0%A6%A5%E0%A6%BF-%E0%A6%9A%E0%A6%BE%E0%A6%87%E0%A6%B2-%E0%A6%A6%E0%A7%81%E0%A6%A6%E0%A6%95-%E0%A6%AC%E0%A6%BF%E0%A6%AA%E0%A6%BF%E0%A6%B8%E0%A6%BF-%E0%A6%AC%E0%A6%BF%E0%A6%AA%E0%A6%BF%E0%A6%A1%E0%A6%BF%E0%A6%AC%E0%A6%BF%E0%A6%95%E0%A7%87-%E0%A6%9A%E0%A6%BF%E0%A6%A0%E0%A6%BF,samakal,bn,https://samakal.com/bangladesh/article/364159/%E0%A6%B8%E0%A6%BE%E0%A6%AE%E0%A6%BF%E0%A6%9F-%E0%A6%97%E0%A7%8D%E0%A6%B0%E0%A7%81%E0%A6%AA%E0%A7%87%E0%A6%B0-%E0%A6%B2%E0%A7%87%E0%A6%A8%E0%A6%A6%E0%A7%87%E0%A6%A8%E0%A7%87%E0%A6%B0-%E0%A6%A8%E0%A6%A5%E0%A6%BF-%E0%A6%9A%E0%A6%BE%E0%A6%87%E0%A6%B2-%E0%A6%A6%E0%A7%81%E0%A6%A6%E0%A6%95-%E0%A6%AC%E0%A6%BF%E0%A6%AA%E0%A6%BF%E0%A6%B8%E0%A6%BF-%E0%A6%AC%E0%A6%BF%E0%A6%AA%E0%A6%BF%E0%A6%A1%E0%A6%BF%E0%A6%AC%E0%A6%BF%E0%A6%95%E0%A7%87-%E0%A6%9A%E0%A6%BF%E0%A6%A0%E0%A6%BF,2026-07-24,"সামিট গ্রুপের লেনদেনের নথি চাইল দুদক, বিপিসি-বিপিডিবিকে চিঠি",2026,6,True,True,0,0,0,0,1,3,1,2,0,0,0,0,0,0,0,0
samakal:https://samakal.com/international/article/364518/%E0%A6%AC%E0%A6%BF%E0%A6%B6%E0%A7%8D%E0%A6%AC%E0%A6%AC%E0%A6%BE%E0%A6%9C%E0%A6%BE%E0%A6%B0%E0%A7%87-%E0%A6%A4%E0%A7%87%E0%A6%B2%E0%A7%87%E0%A6%B0-%E0%A6%A6%E0%A6%BE%E0%A6%AE-%E0%A6%B2%E0%A6%BE%E0%A6%97%E0%A6%BE%E0%A6%AE%E0%A6%9B%E0%A6%BE%E0%A7%9C%E0%A6%BE%E0%A6%B0-%E0%A6%86%E0%A6%B6%E0%A6%99%E0%A7%8D%E0%A6%95%E0%A6%BE,samakal,bn,https://samakal.com/international/article/364518/%E0%A6%AC%E0%A6%BF%E0%A6%B6%E0%A7%8D%E0%A6%AC%E0%A6%AC%E0%A6%BE%E0%A6%9C%E0%A6%BE%E0%A6%B0%E0%A7%87-%E0%A6%A4%E0%A7%87%E0%A6%B2%E0%A7%87%E0%A6%B0-%E0%A6%A6%E0%A6%BE%E0%A6%AE-%E0%A6%B2%E0%A6%BE%E0%A6%97%E0%A6%BE%E0%A6%AE%E0%A6%9B%E0%A6%BE%E0%A7%9C%E0%A6%BE%E0%A6%B0-%E0%A6%86%E0%A6%B6%E0%A6%99%E0%A7%8D%E0%A6%95%E0%A6%BE,2026-07-26,বিশ্ববাজারে তেলের দাম লাগামছাড়ার আশঙ্কা,2026,6,True,True,1,25,0,0,0,0,0,0,0,0,0,0,0,0,0,0
samakal:https://samakal.com/international/article/364660/%E0%A6%AF%E0%A7%81%E0%A6%95%E0%A7%8D%E0%A6%A4%E0%A6%B0%E0%A6%BE%E0%A6%B7%E0%A7%8D%E0%A6%9F%E0%A7%8D%E0%A6%B0-%E0%A6%87%E0%A6%B0%E0%A6%BE%E0%A6%A8-%E0%A6%AF%E0%A7%81%E0%A6%A6%E0%A7%8D%E0%A6%A7%E0%A6%AC%E0%A6%BF%E0%A6%B0%E0%A6%A4%E0%A6%BF%E0%A6%B0-%E0%A6%AA%E0%A6%B0-%E0%A6%AC%E0%A6%BF%E0%A6%B6%E0%A7%8D%E0%A6%AC%E0%A6%AC%E0%A6%BE%E0%A6%9C%E0%A6%BE%E0%A6%B0%E0%A7%87-%E0%A6%95%E0%A6%AE%E0%A7%87%E0%A6%9B%E0%A7%87-%E0%A6%A4%E0%A7%87%E0%A6%B2%E0%A7%87%E0%A6%B0-%E0%A6%A6%E0%A6%BE%E0%A6%AE,samakal,bn,https://samakal.com/international/article/364660/%E0%A6%AF%E0%A7%81%E0%A6%95%E0%A7%8D%E0%A6%A4%E0%A6%B0%E0%A6%BE%E0%A6%B7%E0%A7%8D%E0%A6%9F%E0%A7%8D%E0%A6%B0-%E0%A6%87%E0%A6%B0%E0%A6%BE%E0%A6%A8-%E0%A6%AF%E0%A7%81%E0%A6%A6%E0%A7%8D%E0%A6%A7%E0%A6%AC%E0%A6%BF%E0%A6%B0%E0%A6%A4%E0%A6%BF%E0%A6%B0-%E0%A6%AA%E0%A6%B0-%E0%A6%AC%E0%A6%BF%E0%A6%B6%E0%A7%8D%E0%A6%AC%E0%A6%AC%E0%A6%BE%E0%A6%9C%E0%A6%BE%E0%A6%B0%E0%A7%87-%E0%A6%95%E0%A6%AE%E0%A7%87%E0%A6%9B%E0%A7%87-%E0%A6%A4%E0%A7%87%E0%A6%B2%E0%A7%87%E0%A6%B0-%E0%A6%A6%E0%A6%BE%E0%A6%AE,2026-07-27,যুক্তরাষ্ট্র-ইরান যুদ্ধবিরতির পর বিশ্ববাজারে কমেছে তেলের দাম,2026,5,True,True,1,13,0,0,0,0,0,0,0,0,0,0,0,0,0,0
samakal:https://samakal.com/economics/article/365127/%E0%A6%9B%E0%A6%AF%E0%A6%BC-%E0%A6%AE%E0%A6%BE%E0%A6%B8%E0%A7%87-%E0%A7%A7%E0%A7%AB-%E0%A6%B2%E0%A6%BE%E0%A6%96-%E0%A6%9F%E0%A6%A8-%E0%A6%9C%E0%A7%8D%E0%A6%AC%E0%A6%BE%E0%A6%B2%E0%A6%BE%E0%A6%A8%E0%A6%BF-%E0%A6%A4%E0%A7%87%E0%A6%B2-%E0%A6%95%E0%A6%BF%E0%A6%A8%E0%A6%AC%E0%A7%87-%E0%A6%B8%E0%A6%B0%E0%A6%95%E0%A6%BE%E0%A6%B0,samakal,bn,https://samakal.com/economics/article/365127/%E0%A6%9B%E0%A6%AF%E0%A6%BC-%E0%A6%AE%E0%A6%BE%E0%A6%B8%E0%A7%87-%E0%A7%A7%E0%A7%AB-%E0%A6%B2%E0%A6%BE%E0%A6%96-%E0%A6%9F%E0%A6%A8-%E0%A6%9C%E0%A7%8D%E0%A6%AC%E0%A6%BE%E0%A6%B2%E0%A6%BE%E0%A6%A8%E0%A6%BF-%E0%A6%A4%E0%A7%87%E0%A6%B2-%E0%A6%95%E0%A6%BF%E0%A6%A8%E0%A6%AC%E0%A7%87-%E0%A6%B8%E0%A6%B0%E0%A6%95%E0%A6%BE%E0%A6%B0,2026-07-29,ছয় মাসে ১৫ লাখ টন জ্বালানি তেল কিনবে সরকার,2026,10,True,True,0,0,0,0,0,0,0,0,0,0,0,0,0,0,0,0
samakal:https://samakal.com/bangladesh/article/365105/%E0%A6%AC%E0%A6%BF%E0%A6%AA%E0%A6%BF%E0%A6%B8%E0%A6%BF-%E0%A6%95%E0%A7%8D%E0%A6%AF%E0%A6%BE%E0%A6%A8%E0%A7%8D%E0%A6%9F%E0%A6%BF%E0%A6%A8-%E0%A6%AA%E0%A6%B0%E0%A6%BF%E0%A6%A6%E0%A6%B0%E0%A7%8D%E0%A6%B6%E0%A6%A8%E0%A7%87-%E0%A6%AA%E0%A7%8D%E0%A6%B0%E0%A6%A4%E0%A6%BF%E0%A6%AE%E0%A6%A8%E0%A7%8D%E0%A6%A4%E0%A7%8D%E0%A6%B0%E0%A7%80-%E0%A6%86%E0%A6%AB%E0%A6%B0%E0%A7%8B%E0%A6%9C%E0%A6%BE-%E0%A6%96%E0%A6%BE%E0%A6%A8%E0%A6%AE-%E0%A6%B8%E0%A7%87%E0%A6%AC%E0%A6%BE%E0%A6%B0-%E0%A6%AE%E0%A6%BE%E0%A6%A8%E0%A7%87-%E0%A6%86%E0%A6%AA%E0%A6%B8-%E0%A6%A8%E0%A7%9F,samakal,bn,https://samakal.com/bangladesh/article/365105/%E0%A6%AC%E0%A6%BF%E0%A6%AA%E0%A6%BF%E0%A6%B8%E0%A6%BF-%E0%A6%95%E0%A7%8D%E0%A6%AF%E0%A6%BE%E0%A6%A8%E0%A7%8D%E0%A6%9F%E0%A6%BF%E0%A6%A8-%E0%A6%AA%E0%A6%B0%E0%A6%BF%E0%A6%A6%E0%A6%B0%E0%A7%8D%E0%A6%B6%E0%A6%A8%E0%A7%87-%E0%A6%AA%E0%A7%8D%E0%A6%B0%E0%A6%A4%E0%A6%BF%E0%A6%AE%E0%A6%A8%E0%A7%8D%E0%A6%A4%E0%A7%8D%E0%A6%B0%E0%A7%80-%E0%A6%86%E0%A6%AB%E0%A6%B0%E0%A7%8B%E0%A6%9C%E0%A6%BE-%E0%A6%96%E0%A6%BE%E0%A6%A8%E0%A6%AE-%E0%A6%B8%E0%A7%87%E0%A6%AC%E0%A6%BE%E0%A6%B0-%E0%A6%AE%E0%A6%BE%E0%A6%A8%E0%A7%87-%E0%A6%86%E0%A6%AA%E0%A6%B8-%E0%A6%A8%E0%A7%9F,2026-07-29,"বিপিসি ক্যান্টিন পরিদর্শনে প্রতিমন্ত্রী আফরোজা খানম, সেবার মানে আপস নয়",2026,2,True,True,0,0,0,1,0,0,0,0,0,0,0,0,0,0,0,0
samakal:https://samakal.com/bangladesh/article/365017/%E0%A7%A8%E0%A7%A6-%E0%A6%B2%E0%A6%BE%E0%A6%96-%E0%A6%9F%E0%A6%A8-%E0%A6%9C%E0%A7%8D%E0%A6%AC%E0%A6%BE%E0%A6%B2%E0%A6%BE%E0%A6%A8%E0%A6%BF-%E0%A6%A4%E0%A7%87%E0%A6%B2-%E0%A6%86%E0%A6%AE%E0%A6%A6%E0%A6%BE%E0%A6%A8%E0%A6%BF-%E0%A6%AA%E0%A6%BF%E0%A6%9B%E0%A6%BF%E0%A7%9F%E0%A7%87-%E0%A6%97%E0%A7%87%E0%A6%B2,samakal,bn,https://samakal.com/bangladesh/article/365017/%E0%A7%A8%E0%A7%A6-%E0%A6%B2%E0%A6%BE%E0%A6%96-%E0%A6%9F%E0%A6%A8-%E0%A6%9C%E0%A7%8D%E0%A6%AC%E0%A6%BE%E0%A6%B2%E0%A6%BE%E0%A6%A8%E0%A6%BF-%E0%A6%A4%E0%A7%87%E0%A6%B2-%E0%A6%86%E0%A6%AE%E0%A6%A6%E0%A6%BE%E0%A6%A8%E0%A6%BF-%E0%A6%AA%E0%A6%BF%E0%A6%9B%E0%A6%BF%E0%A7%9F%E0%A7%87-%E0%A6%97%E0%A7%87%E0%A6%B2,2026-07-29,২০ লাখ টন জ্বালানি তেল আমদানি পিছিয়ে গেল,2026,14,True,True,1,3,0,0,0,0,0,0,0,0,0,0,0,0,0,0
samakal:https://samakal.com/bangladesh/article/365272/%E0%A6%86%E0%A6%97%E0%A6%B8%E0%A7%8D%E0%A6%9F%E0%A7%87-%E0%A6%85%E0%A6%AA%E0%A6%B0%E0%A6%BF%E0%A6%AC%E0%A6%B0%E0%A7%8D%E0%A6%A4%E0%A6%BF%E0%A6%A4-%E0%A6%A5%E0%A6%BE%E0%A6%95%E0%A6%9B%E0%A7%87-%E0%A6%A1%E0%A6%BF%E0%A6%9C%E0%A7%87%E0%A6%B2-%E0%A6%AA%E0%A7%87%E0%A6%9F%E0%A7%8D%E0%A6%B0%E0%A6%B2-%E0%A6%85%E0%A6%95%E0%A6%9F%E0%A7%87%E0%A6%A8-%E0%A6%93-%E0%A6%95%E0%A7%87%E0%A6%B0%E0%A7%8B%E0%A6%B8%E0%A6%BF%E0%A6%A8%E0%A7%87%E0%A6%B0-%E0%A6%A6%E0%A6%BE%E0%A6%AE,samakal,bn,https://samakal.com/bangladesh/article/365272/%E0%A6%86%E0%A6%97%E0%A6%B8%E0%A7%8D%E0%A6%9F%E0%A7%87-%E0%A6%85%E0%A6%AA%E0%A6%B0%E0%A6%BF%E0%A6%AC%E0%A6%B0%E0%A7%8D%E0%A6%A4%E0%A6%BF%E0%A6%A4-%E0%A6%A5%E0%A6%BE%E0%A6%95%E0%A6%9B%E0%A7%87-%E0%A6%A1%E0%A6%BF%E0%A6%9C%E0%A7%87%E0%A6%B2-%E0%A6%AA%E0%A7%87%E0%A6%9F%E0%A7%8D%E0%A6%B0%E0%A6%B2-%E0%A6%85%E0%A6%95%E0%A6%9F%E0%A7%87%E0%A6%A8-%E0%A6%93-%E0%A6%95%E0%A7%87%E0%A6%B0%E0%A7%8B%E0%A6%B8%E0%A6%BF%E0%A6%A8%E0%A7%87%E0%A6%B0-%E0%A6%A6%E0%A6%BE%E0%A6%AE,2026-07-30,"আগস্টে অপরিবর্তিত থাকছে ডিজেল, পেট্রল, অকটেন ও কেরোসিনের দাম",2026,26,True,True,1,2,0,0,0,0,0,0,0,0,0,0,0,0,0,0
samakal:https://samakal.com/bangladesh/article/365266/%E0%A6%AB%E0%A6%BE%E0%A6%B0%E0%A7%8D%E0%A6%A8%E0%A7%87%E0%A6%B8-%E0%A6%85%E0%A7%9F%E0%A7%87%E0%A6%B2%E0%A7%87%E0%A6%B0-%E0%A6%A6%E0%A6%BE%E0%A6%AE-%E0%A6%B2%E0%A6%BF%E0%A6%9F%E0%A6%BE%E0%A6%B0%E0%A7%87-%E0%A6%95%E0%A6%AE%E0%A6%B2-%E0%A7%AE-%E0%A6%9F%E0%A6%BE%E0%A6%95%E0%A6%BE-%E0%A7%AD%E0%A7%A7-%E0%A6%AA%E0%A7%9F%E0%A6%B8%E0%A6%BE,samakal,bn,https://samakal.com/bangladesh/article/365266/%E0%A6%AB%E0%A6%BE%E0%A6%B0%E0%A7%8D%E0%A6%A8%E0%A7%87%E0%A6%B8-%E0%A6%85%E0%A7%9F%E0%A7%87%E0%A6%B2%E0%A7%87%E0%A6%B0-%E0%A6%A6%E0%A6%BE%E0%A6%AE-%E0%A6%B2%E0%A6%BF%E0%A6%9F%E0%A6%BE%E0%A6%B0%E0%A7%87-%E0%A6%95%E0%A6%AE%E0%A6%B2-%E0%A7%AE-%E0%A6%9F%E0%A6%BE%E0%A6%95%E0%A6%BE-%E0%A7%AD%E0%A7%A7-%E0%A6%AA%E0%A7%9F%E0%A6%B8%E0%A6%BE,2026-07-30,ফার্নেস অয়েলের দাম লিটারে কমল ৮ টাকা ৭১ পয়সা,2026,9,True,True,1,2,0,0,0,0,0,0,0,0,0,0,0,0,0,0
samakal:https://samakal.com/bangladesh-others/article/365417/%E0%A6%9C%E0%A7%8D%E0%A6%AC%E0%A6%BE%E0%A6%B2%E0%A6%BE%E0%A6%A8%E0%A6%BF-%E0%A6%96%E0%A6%BE%E0%A6%A4%E0%A7%87-%E0%A6%B8%E0%A6%AE%E0%A6%A8%E0%A7%8D%E0%A6%AC%E0%A7%9F-%E0%A6%A8%E0%A7%87%E0%A6%87-%E0%A6%B8%E0%A6%BF%E0%A6%B8%E0%A7%8D%E0%A6%9F%E0%A7%87%E0%A6%AE-%E0%A6%B2%E0%A6%B8%E0%A7%87%E0%A6%B0-%E0%A6%A8%E0%A6%BE%E0%A6%AE%E0%A7%87-%E0%A6%9A%E0%A7%81%E0%A6%B0%E0%A6%BF-%E0%A6%9A%E0%A6%B2%E0%A6%9B%E0%A7%87:-%E0%A6%AE%E0%A7%80%E0%A6%B0-%E0%A6%A8%E0%A6%BE%E0%A6%B8%E0%A6%BF%E0%A6%B0-%E0%A6%B9%E0%A7%8B%E0%A6%B8%E0%A7%87%E0%A6%A8,samakal,bn,https://samakal.com/bangladesh-others/article/365417/%E0%A6%9C%E0%A7%8D%E0%A6%AC%E0%A6%BE%E0%A6%B2%E0%A6%BE%E0%A6%A8%E0%A6%BF-%E0%A6%96%E0%A6%BE%E0%A6%A4%E0%A7%87-%E0%A6%B8%E0%A6%AE%E0%A6%A8%E0%A7%8D%E0%A6%AC%E0%A7%9F-%E0%A6%A8%E0%A7%87%E0%A6%87-%E0%A6%B8%E0%A6%BF%E0%A6%B8%E0%A7%8D%E0%A6%9F%E0%A7%87%E0%A6%AE-%E0%A6%B2%E0%A6%B8%E0%A7%87%E0%A6%B0-%E0%A6%A8%E0%A6%BE%E0%A6%AE%E0%A7%87-%E0%A6%9A%E0%A7%81%E0%A6%B0%E0%A6%BF-%E0%A6%9A%E0%A6%B2%E0%A6%9B%E0%A7%87:-%E0%A6%AE%E0%A7%80%E0%A6%B0-%E0%A6%A8%E0%A6%BE%E0%A6%B8%E0%A6%BF%E0%A6%B0-%E0%A6%B9%E0%A7%8B%E0%A6%B8%E0%A7%87%E0%A6%A8,2026-07-31,"জ্বালানি খাতে সমন্বয় নেই, সিস্টেম লসের নামে চুরি চলছে: মীর নাসির হোসেন",2026,4,True,True,0,0,0,0,1,2,0,0,0,0,0,0,0,0,0,0
samakal:https://samakal.com/bangladesh-others/article/365411/%E0%A6%9C%E0%A7%8D%E0%A6%AC%E0%A6%BE%E0%A6%B2%E0%A6%BE%E0%A6%A8%E0%A6%BF-%E0%A6%96%E0%A6%BE%E0%A6%A4%E0%A7%87%E0%A6%B0-%E0%A6%B8%E0%A6%AC%E0%A6%9A%E0%A7%87%E0%A7%9F%E0%A7%87-%E0%A6%AC%E0%A7%9C-%E0%A6%9F%E0%A7%8D%E0%A6%B0%E0%A7%8D%E0%A6%AF%E0%A6%BE%E0%A6%9C%E0%A7%87%E0%A6%A1%E0%A6%BF-%E0%A6%A6%E0%A7%80%E0%A6%B0%E0%A7%8D%E0%A6%98%E0%A6%AE%E0%A7%87%E0%A7%9F%E0%A6%BE%E0%A6%A6%E0%A6%BF-%E0%A6%AA%E0%A6%B0%E0%A6%BF%E0%A6%95%E0%A6%B2%E0%A7%8D%E0%A6%AA%E0%A6%A8%E0%A6%BE%E0%A6%B0-%E0%A6%85%E0%A6%AD%E0%A6%BE%E0%A6%AC:-%E0%A6%86%E0%A6%AC%E0%A7%81-%E0%A6%86%E0%A6%B2%E0%A6%AE-%E0%A6%B6%E0%A6%B9%E0%A7%80%E0%A6%A6-%E0%A6%96%E0%A6%BE%E0%A6%A8,samakal,bn,https://samakal.com/bangladesh-others/article/365411/%E0%A6%9C%E0%A7%8D%E0%A6%AC%E0%A6%BE%E0%A6%B2%E0%A6%BE%E0%A6%A8%E0%A6%BF-%E0%A6%96%E0%A6%BE%E0%A6%A4%E0%A7%87%E0%A6%B0-%E0%A6%B8%E0%A6%AC%E0%A6%9A%E0%A7%87%E0%A7%9F%E0%A7%87-%E0%A6%AC%E0%A7%9C-%E0%A6%9F%E0%A7%8D%E0%A6%B0%E0%A7%8D%E0%A6%AF%E0%A6%BE%E0%A6%9C%E0%A7%87%E0%A6%A1%E0%A6%BF-%E0%A6%A6%E0%A7%80%E0%A6%B0%E0%A7%8D%E0%A6%98%E0%A6%AE%E0%A7%87%E0%A7%9F%E0%A6%BE%E0%A6%A6%E0%A6%BF-%E0%A6%AA%E0%A6%B0%E0%A6%BF%E0%A6%95%E0%A6%B2%E0%A7%8D%E0%A6%AA%E0%A6%A8%E0%A6%BE%E0%A6%B0-%E0%A6%85%E0%A6%AD%E0%A6%BE%E0%A6%AC:-%E0%A6%86%E0%A6%AC%E0%A7%81-%E0%A6%86%E0%A6%B2%E0%A6%AE-%E0%A6%B6%E0%A6%B9%E0%A7%80%E0%A6%A6-%E0%A6%96%E0%A6%BE%E0%A6%A8,2026-07-31,জ্বালানি খাতের সবচেয়ে বড় ট্র্যাজেডি দীর্ঘমেয়াদি পরিকল্পনার অভাব: আবু আলম শহীদ খান,2026,4,True,True,0,0,0,1,1,3,1,3,0,0,0,0,0,1,0,0
samakal:https://samakal.com/economics/article/365363/%E0%A6%9C%E0%A7%8D%E0%A6%AC%E0%A6%BE%E0%A6%B2%E0%A6%BE%E0%A6%A8%E0%A6%BF-%E0%A6%96%E0%A6%BE%E0%A6%A4%E0%A7%87%E0%A6%B0-%E0%A6%AC%E0%A6%B0%E0%A7%8D%E0%A6%A4%E0%A6%AE%E0%A6%BE%E0%A6%A8-%E0%A6%B8%E0%A6%82%E0%A6%95%E0%A6%9F-%E0%A6%95%E0%A7%8B%E0%A6%A8%E0%A7%8B-%E0%A6%86%E0%A6%95%E0%A6%B8%E0%A7%8D%E0%A6%AE%E0%A6%BF%E0%A6%95-%E0%A6%98%E0%A6%9F%E0%A6%A8%E0%A6%BE-%E0%A6%A8%E0%A7%9F:-%E0%A6%AC%E0%A6%BF%E0%A6%9C%E0%A6%BF%E0%A6%8F%E0%A6%AE%E0%A6%87%E0%A6%8F-%E0%A6%B8%E0%A6%AD%E0%A6%BE%E0%A6%AA%E0%A6%A4%E0%A6%BF,samakal,bn,https://samakal.com/economics/article/365363/%E0%A6%9C%E0%A7%8D%E0%A6%AC%E0%A6%BE%E0%A6%B2%E0%A6%BE%E0%A6%A8%E0%A6%BF-%E0%A6%96%E0%A6%BE%E0%A6%A4%E0%A7%87%E0%A6%B0-%E0%A6%AC%E0%A6%B0%E0%A7%8D%E0%A6%A4%E0%A6%AE%E0%A6%BE%E0%A6%A8-%E0%A6%B8%E0%A6%82%E0%A6%95%E0%A6%9F-%E0%A6%95%E0%A7%8B%E0%A6%A8%E0%A7%8B-%E0%A6%86%E0%A6%95%E0%A6%B8%E0%A7%8D%E0%A6%AE%E0%A6%BF%E0%A6%95-%E0%A6%98%E0%A6%9F%E0%A6%A8%E0%A6%BE-%E0%A6%A8%E0%A7%9F:-%E0%A6%AC%E0%A6%BF%E0%A6%9C%E0%A6%BF%E0%A6%8F%E0%A6%AE%E0%A6%87%E0%A6%8F-%E0%A6%B8%E0%A6%AD%E0%A6%BE%E0%A6%AA%E0%A6%A4%E0%A6%BF,2026-07-31,জ্বালানি খাতের বর্তমান সংকট কোনো আকস্মিক ঘটনা নয়: বিজিএমইএ সভাপতি,2026,6,True,True,0,0,0,0,0,0,0,0,0,0,0,0,0,0,0,0
samakal:https://samakal.com/bangladesh/article/365755/%E0%A6%85%E0%A6%A4%E0%A6%BF%E0%A6%B0%E0%A6%BF%E0%A6%95%E0%A7%8D%E0%A6%A4-%E0%A6%B8%E0%A6%9A%E0%A6%BF%E0%A6%AC-%E0%A6%9C%E0%A6%BF%E0%A7%9F%E0%A6%BE%E0%A6%89%E0%A6%B2-%E0%A6%AC%E0%A6%BF%E0%A6%AA%E0%A6%BF%E0%A6%B8%E0%A6%BF%E0%A6%B0-%E0%A6%85%E0%A6%A4%E0%A6%BF%E0%A6%B0%E0%A6%BF%E0%A6%95%E0%A7%8D%E0%A6%A4-%E0%A6%A6%E0%A6%BE%E0%A7%9F%E0%A6%BF%E0%A6%A4%E0%A7%8D%E0%A6%AC%E0%A7%87,samakal,bn,https://samakal.com/bangladesh/article/365755/%E0%A6%85%E0%A6%A4%E0%A6%BF%E0%A6%B0%E0%A6%BF%E0%A6%95%E0%A7%8D%E0%A6%A4-%E0%A6%B8%E0%A6%9A%E0%A6%BF%E0%A6%AC-%E0%A6%9C%E0%A6%BF%E0%A7%9F%E0%A6%BE%E0%A6%89%E0%A6%B2-%E0%A6%AC%E0%A6%BF%E0%A6%AA%E0%A6%BF%E0%A6%B8%E0%A6%BF%E0%A6%B0-%E0%A6%85%E0%A6%A4%E0%A6%BF%E0%A6%B0%E0%A6%BF%E0%A6%95%E0%A7%8D%E0%A6%A4-%E0%A6%A6%E0%A6%BE%E0%A7%9F%E0%A6%BF%E0%A6%A4%E0%A7%8D%E0%A6%AC%E0%A7%87,2026-08-02,অতিরিক্ত সচিব জিয়াউল বিপিসির অতিরিক্ত দায়িত্বে,2026,7,True,True,0,0,0,0,0,0,0,0,0,0,0,0,0,0,0,0
samakal:https://samakal.com/bangladesh/article/366062/%E0%A6%9C%E0%A7%8D%E0%A6%AC%E0%A6%BE%E0%A6%B2%E0%A6%BE%E0%A6%A8%E0%A6%BF-%E0%A6%96%E0%A6%BE%E0%A6%A4%E0%A7%87-%E0%A6%A8%E0%A6%A4%E0%A7%81%E0%A6%A8-%E0%A6%AA%E0%A7%8D%E0%A6%B0%E0%A6%B8%E0%A7%8D%E0%A6%A4%E0%A6%BE%E0%A6%AC-%E0%A6%AC%E0%A6%BF%E0%A6%B0%E0%A7%8B%E0%A6%A7%E0%A6%AA%E0%A7%82%E0%A6%B0%E0%A7%8D%E0%A6%A3-%E0%A6%AA%E0%A7%8D%E0%A6%B0%E0%A6%A4%E0%A6%BF%E0%A6%B7%E0%A7%8D%E0%A6%A0%E0%A6%BE%E0%A6%A8-%E0%A6%B8%E0%A6%95%E0%A6%BE%E0%A6%B0%E0%A7%87%E0%A6%B0,samakal,bn,https://samakal.com/bangladesh/article/366062/%E0%A6%9C%E0%A7%8D%E0%A6%AC%E0%A6%BE%E0%A6%B2%E0%A6%BE%E0%A6%A8%E0%A6%BF-%E0%A6%96%E0%A6%BE%E0%A6%A4%E0%A7%87-%E0%A6%A8%E0%A6%A4%E0%A7%81%E0%A6%A8-%E0%A6%AA%E0%A7%8D%E0%A6%B0%E0%A6%B8%E0%A7%8D%E0%A6%A4%E0%A6%BE%E0%A6%AC-%E0%A6%AC%E0%A6%BF%E0%A6%B0%E0%A7%8B%E0%A6%A7%E0%A6%AA%E0%A7%82%E0%A6%B0%E0%A7%8D%E0%A6%A3-%E0%A6%AA%E0%A7%8D%E0%A6%B0%E0%A6%A4%E0%A6%BF%E0%A6%B7%E0%A7%8D%E0%A6%A0%E0%A6%BE%E0%A6%A8-%E0%A6%B8%E0%A6%95%E0%A6%BE%E0%A6%B0%E0%A7%87%E0%A6%B0,2026-08-04,জ্বালানি খাতে নতুন প্রস্তাব বিরোধপূর্ণ প্রতিষ্ঠান সকারের,2026,3,True,True,0,0,0,0,0,0,0,0,0,0,0,0,0,0,0,0
samakal:https://samakal.com/bangladesh/article/366058/%E0%A6%A4%E0%A7%87%E0%A6%B2%E0%A7%87%E0%A6%B0-%E0%A6%A6%E0%A6%BE%E0%A6%AE-%E0%A6%AC%E0%A6%BE%E0%A7%9C%E0%A6%BE%E0%A6%A4%E0%A7%87-%E0%A6%AC%E0%A6%BF%E0%A6%AA%E0%A6%BF%E0%A6%B8%E0%A6%BF%E0%A6%B0-%E0%A6%AC%E0%A6%BE%E0%A6%B0%E0%A6%AC%E0%A6%BE%E0%A6%B0-%E0%A6%85%E0%A6%B8%E0%A7%8D%E0%A6%AC%E0%A6%BE%E0%A6%AD%E0%A6%BE%E0%A6%AC%E0%A6%BF%E0%A6%95-%E0%A6%AA%E0%A7%8D%E0%A6%B0%E0%A6%B8%E0%A7%8D%E0%A6%A4%E0%A6%BE%E0%A6%AC,samakal,bn,https://samakal.com/bangladesh/article/366058/%E0%A6%A4%E0%A7%87%E0%A6%B2%E0%A7%87%E0%A6%B0-%E0%A6%A6%E0%A6%BE%E0%A6%AE-%E0%A6%AC%E0%A6%BE%E0%A7%9C%E0%A6%BE%E0%A6%A4%E0%A7%87-%E0%A6%AC%E0%A6%BF%E0%A6%AA%E0%A6%BF%E0%A6%B8%E0%A6%BF%E0%A6%B0-%E0%A6%AC%E0%A6%BE%E0%A6%B0%E0%A6%AC%E0%A6%BE%E0%A6%B0-%E0%A6%85%E0%A6%B8%E0%A7%8D%E0%A6%AC%E0%A6%BE%E0%A6%AD%E0%A6%BE%E0%A6%AC%E0%A6%BF%E0%A6%95-%E0%A6%AA%E0%A7%8D%E0%A6%B0%E0%A6%B8%E0%A7%8D%E0%A6%A4%E0%A6%BE%E0%A6%AC,2026-08-04,তেলের দাম বাড়াতে বিপিসির বারবার অস্বাভাবিক প্রস্তাব,2026,51,True,True,1,9,0,0,0,0,0,0,0,0,0,0,1,17,0,0
samakal:https://samakal.com/whole-country/article/366274/%E0%A6%9C%E0%A7%8D%E0%A6%AC%E0%A6%BE%E0%A6%B2%E0%A6%BE%E0%A6%A8%E0%A6%BF-%E0%A6%B8%E0%A6%82%E0%A6%95%E0%A6%9F-%E0%A6%A5%E0%A7%87%E0%A6%95%E0%A7%87-%E0%A6%89%E0%A6%A4%E0%A7%8D%E0%A6%A4%E0%A6%B0%E0%A6%A3%E0%A7%87-%E0%A6%B8%E0%A6%AE%E0%A6%AF%E0%A6%BC-%E0%A6%B2%E0%A6%BE%E0%A6%97%E0%A6%AC%E0%A7%87:-%E0%A6%AC%E0%A6%BE%E0%A6%A3%E0%A6%BF%E0%A6%9C%E0%A7%8D%E0%A6%AF%E0%A6%AE%E0%A6%A8%E0%A7%8D%E0%A6%A4%E0%A7%8D%E0%A6%B0%E0%A7%80,samakal,bn,https://samakal.com/whole-country/article/366274/%E0%A6%9C%E0%A7%8D%E0%A6%AC%E0%A6%BE%E0%A6%B2%E0%A6%BE%E0%A6%A8%E0%A6%BF-%E0%A6%B8%E0%A6%82%E0%A6%95%E0%A6%9F-%E0%A6%A5%E0%A7%87%E0%A6%95%E0%A7%87-%E0%A6%89%E0%A6%A4%E0%A7%8D%E0%A6%A4%E0%A6%B0%E0%A6%A3%E0%A7%87-%E0%A6%B8%E0%A6%AE%E0%A6%AF%E0%A6%BC-%E0%A6%B2%E0%A6%BE%E0%A6%97%E0%A6%AC%E0%A7%87:-%E0%A6%AC%E0%A6%BE%E0%A6%A3%E0%A6%BF%E0%A6%9C%E0%A7%8D%E0%A6%AF%E0%A6%AE%E0%A6%A8%E0%A7%8D%E0%A6%A4%E0%A7%8D%E0%A6%B0%E0%A7%80,2026-08-05,জ্বালানি সংকট থেকে উত্তরণে সময় লাগবে: বাণিজ্যমন্ত্রী,2026,2,True,True,0,0,0,0,0,0,0,0,0,0,0,0,0,0,0,0
samakal:https://samakal.com/whole-country/article/366548/%E0%A6%AC%E0%A6%BF%E0%A6%AA%E0%A6%BF%E0%A6%B8%E0%A6%BF%E0%A6%B0-%E0%A7%AB%E0%A7%A6%E0%A7%A6%E0%A7%A6-%E0%A6%95%E0%A7%8B%E0%A6%9F%E0%A6%BF-%E0%A6%9F%E0%A6%BE%E0%A6%95%E0%A6%BE%E0%A6%B0-%E2%80%98%E0%A6%B0%E0%A6%BF%E0%A6%9C%E0%A6%BE%E0%A6%B0%E0%A7%8D%E0%A6%AD-%E0%A6%AB%E0%A6%BE%E0%A6%A8%E0%A7%8D%E0%A6%A1%E2%80%99,samakal,bn,https://samakal.com/whole-country/article/366548/%E0%A6%AC%E0%A6%BF%E0%A6%AA%E0%A6%BF%E0%A6%B8%E0%A6%BF%E0%A6%B0-%E0%A7%AB%E0%A7%A6%E0%A7%A6%E0%A7%A6-%E0%A6%95%E0%A7%8B%E0%A6%9F%E0%A6%BF-%E0%A6%9F%E0%A6%BE%E0%A6%95%E0%A6%BE%E0%A6%B0-%E2%80%98%E0%A6%B0%E0%A6%BF%E0%A6%9C%E0%A6%BE%E0%A6%B0%E0%A7%8D%E0%A6%AD-%E0%A6%AB%E0%A6%BE%E0%A6%A8%E0%A7%8D%E0%A6%A1%E2%80%99,2026-08-07,বিপিসির ৫০০০ কোটি টাকার ‘রিজার্ভ ফান্ড’,2026,23,True,True,1,6,0,0,0,0,0,0,0,0,0,0,1,2,0,0
samakal:https://samakal.com/politics/article/366783/%E0%A6%9C%E0%A7%8D%E0%A6%AC%E0%A6%BE%E0%A6%B2%E0%A6%BE%E0%A6%A8%E0%A6%BF-%E0%A6%96%E0%A6%BE%E0%A6%A4%E0%A7%87%E0%A6%B0-%E0%A6%AC%E0%A7%87%E0%A6%B8%E0%A6%B0%E0%A6%95%E0%A6%BE%E0%A6%B0%E0%A6%BF%E0%A6%95%E0%A6%B0%E0%A6%A3-%E0%A6%B9%E0%A6%AC%E0%A7%87-%E2%80%98%E0%A6%B2%E0%A7%81%E0%A6%9F%E0%A6%AA%E0%A6%BE%E0%A6%9F%E0%A7%87%E0%A6%B0-%E0%A6%B2%E0%A6%BE%E0%A6%87%E0%A6%B8%E0%A7%87%E0%A6%A8%E0%A7%8D%E0%A6%B8%E2%80%99:-%E0%A6%9C%E0%A6%BE%E0%A6%AE%E0%A6%BE%E0%A6%AF%E0%A6%BC%E0%A6%BE%E0%A6%A4,samakal,bn,https://samakal.com/politics/article/366783/%E0%A6%9C%E0%A7%8D%E0%A6%AC%E0%A6%BE%E0%A6%B2%E0%A6%BE%E0%A6%A8%E0%A6%BF-%E0%A6%96%E0%A6%BE%E0%A6%A4%E0%A7%87%E0%A6%B0-%E0%A6%AC%E0%A7%87%E0%A6%B8%E0%A6%B0%E0%A6%95%E0%A6%BE%E0%A6%B0%E0%A6%BF%E0%A6%95%E0%A6%B0%E0%A6%A3-%E0%A6%B9%E0%A6%AC%E0%A7%87-%E2%80%98%E0%A6%B2%E0%A7%81%E0%A6%9F%E0%A6%AA%E0%A6%BE%E0%A6%9F%E0%A7%87%E0%A6%B0-%E0%A6%B2%E0%A6%BE%E0%A6%87%E0%A6%B8%E0%A7%87%E0%A6%A8%E0%A7%8D%E0%A6%B8%E2%80%99:-%E0%A6%9C%E0%A6%BE%E0%A6%AE%E0%A6%BE%E0%A6%AF%E0%A6%BC%E0%A6%BE%E0%A6%A4,2026-08-08,জ্বালানি খাতের বেসরকারিকরণ হবে ‘লুটপাটের লাইসেন্স’: জামায়াত,2026,28,True,True,1,3,0,1,1,7,0,1,0,0,0,0,1,6,0,0
samakal:https://samakal.com/bangladesh/article/366731/%E0%A6%9C%E0%A7%8D%E0%A6%AC%E0%A6%BE%E0%A6%B2%E0%A6%BE%E0%A6%A8%E0%A6%BF-%E0%A6%B8%E0%A6%82%E0%A6%95%E0%A6%9F-%E0%A6%AE%E0%A7%8B%E0%A6%95%E0%A6%BE%E0%A6%AC%E0%A6%BF%E0%A6%B2%E0%A6%BE%E0%A7%9F-%E0%A6%B8%E0%A6%B0%E0%A6%95%E0%A6%BE%E0%A6%B0-%E0%A6%B8%E0%A6%B0%E0%A7%8D%E0%A6%AC%E0%A7%8B%E0%A6%9A%E0%A7%8D%E0%A6%9A-%E0%A6%9A%E0%A7%87%E0%A6%B7%E0%A7%8D%E0%A6%9F%E0%A6%BE-%E0%A6%9A%E0%A6%BE%E0%A6%B2%E0%A6%BF%E0%A7%9F%E0%A7%87-%E0%A6%AF%E0%A6%BE%E0%A6%9A%E0%A7%8D%E0%A6%9B%E0%A7%87:-%E0%A6%AA%E0%A7%8D%E0%A6%B0%E0%A6%A7%E0%A6%BE%E0%A6%A8%E0%A6%AE%E0%A6%A8%E0%A7%8D%E0%A6%A4%E0%A7%8D%E0%A6%B0%E0%A7%80,samakal,bn,https://samakal.com/bangladesh/article/366731/%E0%A6%9C%E0%A7%8D%E0%A6%AC%E0%A6%BE%E0%A6%B2%E0%A6%BE%E0%A6%A8%E0%A6%BF-%E0%A6%B8%E0%A6%82%E0%A6%95%E0%A6%9F-%E0%A6%AE%E0%A7%8B%E0%A6%95%E0%A6%BE%E0%A6%AC%E0%A6%BF%E0%A6%B2%E0%A6%BE%E0%A7%9F-%E0%A6%B8%E0%A6%B0%E0%A6%95%E0%A6%BE%E0%A6%B0-%E0%A6%B8%E0%A6%B0%E0%A7%8D%E0%A6%AC%E0%A7%8B%E0%A6%9A%E0%A7%8D%E0%A6%9A-%E0%A6%9A%E0%A7%87%E0%A6%B7%E0%A7%8D%E0%A6%9F%E0%A6%BE-%E0%A6%9A%E0%A6%BE%E0%A6%B2%E0%A6%BF%E0%A7%9F%E0%A7%87-%E0%A6%AF%E0%A6%BE%E0%A6%9A%E0%A7%8D%E0%A6%9B%E0%A7%87:-%E0%A6%AA%E0%A7%8D%E0%A6%B0%E0%A6%A7%E0%A6%BE%E0%A6%A8%E0%A6%AE%E0%A6%A8%E0%A7%8D%E0%A6%A4%E0%A7%8D%E0%A6%B0%E0%A7%80,2026-08-08,জ্বালানি সংকট মোকাবিলায় সরকার সর্বোচ্চ চেষ্টা চালিয়ে যাচ্ছে: প্রধানমন্ত্রী,2026,5,True,True,0,0,0,0,0,0,0,0,0,0,0,0,0,0,1,7
samakal:https://samakal.com/bangladesh/article/366691/%E0%A6%9C%E0%A7%8D%E0%A6%AC%E0%A6%BE%E0%A6%B2%E0%A6%BE%E0%A6%A8%E0%A6%BF-%E0%A6%A4%E0%A7%87%E0%A6%B2-%E0%A6%86%E0%A6%AE%E0%A6%A6%E0%A6%BE%E0%A6%A8%E0%A6%BF-%E0%A6%93-%E0%A6%AC%E0%A6%BF%E0%A6%AA%E0%A6%A3%E0%A6%A8-%E0%A6%AC%E0%A7%87%E0%A6%B8%E0%A6%B0%E0%A6%95%E0%A6%BE%E0%A6%B0%E0%A6%BF-%E0%A6%96%E0%A6%BE%E0%A6%A4%E0%A7%87-%E0%A6%9B%E0%A6%BE%E0%A7%9C%E0%A6%BE%E0%A6%B0-%E0%A6%89%E0%A6%A6%E0%A7%8D%E0%A6%AF%E0%A7%8B%E0%A6%97,samakal,bn,https://samakal.com/bangladesh/article/366691/%E0%A6%9C%E0%A7%8D%E0%A6%AC%E0%A6%BE%E0%A6%B2%E0%A6%BE%E0%A6%A8%E0%A6%BF-%E0%A6%A4%E0%A7%87%E0%A6%B2-%E0%A6%86%E0%A6%AE%E0%A6%A6%E0%A6%BE%E0%A6%A8%E0%A6%BF-%E0%A6%93-%E0%A6%AC%E0%A6%BF%E0%A6%AA%E0%A6%A3%E0%A6%A8-%E0%A6%AC%E0%A7%87%E0%A6%B8%E0%A6%B0%E0%A6%95%E0%A6%BE%E0%A6%B0%E0%A6%BF-%E0%A6%96%E0%A6%BE%E0%A6%A4%E0%A7%87-%E0%A6%9B%E0%A6%BE%E0%A7%9C%E0%A6%BE%E0%A6%B0-%E0%A6%89%E0%A6%A6%E0%A7%8D%E0%A6%AF%E0%A7%8B%E0%A6%97,2026-08-08,জ্বালানি তেল আমদানি ও বিপণন বেসরকারি খাতে ছাড়ার উদ্যোগ,2026,32,True,True,0,0,0,0,0,0,0,1,0,0,0,0,0,0,0,0
samakal:https://samakal.com/goltable/article/366654/%E0%A6%9C%E0%A7%8D%E0%A6%AC%E0%A6%BE%E0%A6%B2%E0%A6%BE%E0%A6%A8%E0%A6%BF-%E0%A6%96%E0%A6%BE%E0%A6%A4%E0%A7%87-%E0%A6%B8%E0%A6%82%E0%A6%95%E0%A6%9F:%E2%80%88%E0%A6%89%E0%A6%A4%E0%A7%8D%E0%A6%A4%E0%A6%B0%E0%A6%A3%E0%A7%87-%E0%A6%95%E0%A6%B0%E0%A6%A3%E0%A7%80%E0%A7%9F,samakal,bn,https://samakal.com/goltable/article/366654/%E0%A6%9C%E0%A7%8D%E0%A6%AC%E0%A6%BE%E0%A6%B2%E0%A6%BE%E0%A6%A8%E0%A6%BF-%E0%A6%96%E0%A6%BE%E0%A6%A4%E0%A7%87-%E0%A6%B8%E0%A6%82%E0%A6%95%E0%A6%9F:%E2%80%88%E0%A6%89%E0%A6%A4%E0%A7%8D%E0%A6%A4%E0%A6%B0%E0%A6%A3%E0%A7%87-%E0%A6%95%E0%A6%B0%E0%A6%A3%E0%A7%80%E0%A7%9F,2026-08-08,জ্বালানি খাতে সংকট: উত্তরণে করণীয়,2026,29,True,True,1,2,1,3,1,5,1,4,0,1,0,1,1,7,0,0
samakal:https://samakal.com/chaturango/article/367612/%E0%A6%9C%E0%A7%8D%E0%A6%AC%E0%A6%BE%E0%A6%B2%E0%A6%BE%E0%A6%A8%E0%A6%BF-%E0%A6%B8%E0%A6%82%E0%A6%95%E0%A6%9F%E0%A7%87-%E0%A6%A8%E0%A6%AC%E0%A6%BE%E0%A7%9F%E0%A6%A8%E0%A6%AF%E0%A7%8B%E0%A6%97%E0%A7%8D%E0%A6%AF-%E0%A6%B6%E0%A6%95%E0%A7%8D%E0%A6%A4%E0%A6%BF%E0%A6%B0-%E0%A6%B8%E0%A6%AE%E0%A7%8D%E0%A6%AD%E0%A6%BE%E0%A6%AC%E0%A6%A8%E0%A6%BE,samakal,bn,https://samakal.com/chaturango/article/367612/%E0%A6%9C%E0%A7%8D%E0%A6%AC%E0%A6%BE%E0%A6%B2%E0%A6%BE%E0%A6%A8%E0%A6%BF-%E0%A6%B8%E0%A6%82%E0%A6%95%E0%A6%9F%E0%A7%87-%E0%A6%A8%E0%A6%AC%E0%A6%BE%E0%A7%9F%E0%A6%A8%E0%A6%AF%E0%A7%8B%E0%A6%97%E0%A7%8D%E0%A6%AF-%E0%A6%B6%E0%A6%95%E0%A7%8D%E0%A6%A4%E0%A6%BF%E0%A6%B0-%E0%A6%B8%E0%A6%AE%E0%A7%8D%E0%A6%AD%E0%A6%BE%E0%A6%AC%E0%A6%A8%E0%A6%BE,2026-08-13,জ্বালানি সংকটে নবায়নযোগ্য শক্তির সম্ভাবনা,2026,1,True,True,0,1,0,0,0,0,0,1,0,0,0,0,0,1,0,0
samakal:https://samakal.com/capital/article/367776/%E0%A6%AA%E0%A7%8D%E0%A6%B0%E0%A6%A7%E0%A6%BE%E0%A6%A8%E0%A6%AE%E0%A6%A8%E0%A7%8D%E0%A6%A4%E0%A7%8D%E0%A6%B0%E0%A7%80%E0%A6%B0-%E0%A6%96%E0%A6%BE%E0%A6%B2%E0%A6%BE%E0%A6%A4%E0%A7%8B-%E0%A6%AD%E0%A6%BE%E0%A6%87%E0%A7%9F%E0%A7%87%E0%A6%B0-%E0%A6%AA%E0%A7%87%E0%A6%9F%E0%A7%8D%E0%A6%B0%E0%A6%B2-%E0%A6%AA%E0%A6%BE%E0%A6%AE%E0%A7%8D%E0%A6%AA%E0%A7%87%E0%A6%B0-%E0%A6%9F%E0%A6%BE%E0%A6%95%E0%A6%BE-%E0%A6%9B%E0%A6%BF%E0%A6%A8%E0%A6%A4%E0%A6%BE%E0%A6%87%E0%A7%9F%E0%A7%87%E0%A6%B0-%E0%A6%98%E0%A6%9F%E0%A6%A8%E0%A6%BE%E0%A7%9F-%E0%A6%97%E0%A7%8D%E0%A6%B0%E0%A7%87%E0%A6%AA%E0%A7%8D%E0%A6%A4%E0%A6%BE%E0%A6%B0-%E0%A7%AB,samakal,bn,https://samakal.com/capital/article/367776/%E0%A6%AA%E0%A7%8D%E0%A6%B0%E0%A6%A7%E0%A6%BE%E0%A6%A8%E0%A6%AE%E0%A6%A8%E0%A7%8D%E0%A6%A4%E0%A7%8D%E0%A6%B0%E0%A7%80%E0%A6%B0-%E0%A6%96%E0%A6%BE%E0%A6%B2%E0%A6%BE%E0%A6%A4%E0%A7%8B-%E0%A6%AD%E0%A6%BE%E0%A6%87%E0%A7%9F%E0%A7%87%E0%A6%B0-%E0%A6%AA%E0%A7%87%E0%A6%9F%E0%A7%8D%E0%A6%B0%E0%A6%B2-%E0%A6%AA%E0%A6%BE%E0%A6%AE%E0%A7%8D%E0%A6%AA%E0%A7%87%E0%A6%B0-%E0%A6%9F%E0%A6%BE%E0%A6%95%E0%A6%BE-%E0%A6%9B%E0%A6%BF%E0%A6%A8%E0%A6%A4%E0%A6%BE%E0%A6%87%E0%A7%9F%E0%A7%87%E0%A6%B0-%E0%A6%98%E0%A6%9F%E0%A6%A8%E0%A6%BE%E0%A7%9F-%E0%A6%97%E0%A7%8D%E0%A6%B0%E0%A7%87%E0%A6%AA%E0%A7%8D%E0%A6%A4%E0%A6%BE%E0%A6%B0-%E0%A7%AB,2026-08-14,প্রধানমন্ত্রীর খালাতো ভাইয়ের পেট্রল পাম্পের টাকা ছিনতাইয়ের ঘটনায় গ্রেপ্তার ৫,2026,5,True,True,0,0,0,0,0,0,0,0,0,0,0,0,0,0,0,0
samakal:https://samakal.com/international/article/367766/%E0%A6%AC%E0%A6%BE%E0%A6%82%E0%A6%B2%E0%A6%BE%E0%A6%A6%E0%A7%87%E0%A6%B6%E0%A7%87%E0%A6%B0-%E0%A6%AC%E0%A6%BE%E0%A7%9C%E0%A6%A4%E0%A6%BF-%E0%A6%A1%E0%A6%BF%E0%A6%9C%E0%A7%87%E0%A6%B2-%E0%A6%9A%E0%A6%BE%E0%A6%B9%E0%A6%BF%E0%A6%A6%E0%A6%BE-%E0%A6%AC%E0%A6%BF%E0%A6%AC%E0%A7%87%E0%A6%9A%E0%A6%A8%E0%A6%BE-%E0%A6%95%E0%A6%B0%E0%A6%AC%E0%A7%87-%E0%A6%AD%E0%A6%BE%E0%A6%B0%E0%A6%A4:-%E0%A6%9C%E0%A7%9F%E0%A6%B8%E0%A7%8B%E0%A7%9F%E0%A6%BE%E0%A6%B2,samakal,bn,https://samakal.com/international/article/367766/%E0%A6%AC%E0%A6%BE%E0%A6%82%E0%A6%B2%E0%A6%BE%E0%A6%A6%E0%A7%87%E0%A6%B6%E0%A7%87%E0%A6%B0-%E0%A6%AC%E0%A6%BE%E0%A7%9C%E0%A6%A4%E0%A6%BF-%E0%A6%A1%E0%A6%BF%E0%A6%9C%E0%A7%87%E0%A6%B2-%E0%A6%9A%E0%A6%BE%E0%A6%B9%E0%A6%BF%E0%A6%A6%E0%A6%BE-%E0%A6%AC%E0%A6%BF%E0%A6%AC%E0%A7%87%E0%A6%9A%E0%A6%A8%E0%A6%BE-%E0%A6%95%E0%A6%B0%E0%A6%AC%E0%A7%87-%E0%A6%AD%E0%A6%BE%E0%A6%B0%E0%A6%A4:-%E0%A6%9C%E0%A7%9F%E0%A6%B8%E0%A7%8B%E0%A7%9F%E0%A6%BE%E0%A6%B2,2026-08-14,বাংলাদেশের বাড়তি ডিজেল চাহিদা বিবেচনা করবে ভারত: জয়সোয়াল,2026,6,True,True,0,0,0,0,0,0,0,0,0,0,0,0,0,0,0,0
samakal:https://samakal.com/bangladesh/article/367647/%E0%A6%A6%E0%A7%87%E0%A6%B6%E0%A7%87%E0%A6%B0-%E0%A6%9C%E0%A7%8D%E0%A6%AC%E0%A6%BE%E0%A6%B2%E0%A6%BE%E0%A6%A8%E0%A6%BF-%E0%A6%B8%E0%A6%82%E0%A6%95%E0%A6%9F-%E0%A6%B8%E0%A6%AE%E0%A6%BE%E0%A6%A7%E0%A6%BE%E0%A6%A8%E0%A7%87-%E0%A6%B8%E0%A6%AE%E0%A6%A8%E0%A7%8D%E0%A6%AC%E0%A6%BF%E0%A6%A4-%E0%A6%AA%E0%A6%B0%E0%A6%BF%E0%A6%95%E0%A6%B2%E0%A7%8D%E0%A6%AA%E0%A6%A8%E0%A6%BE-%E0%A6%9C%E0%A6%B0%E0%A7%81%E0%A6%B0%E0%A6%BF,samakal,bn,https://samakal.com/bangladesh/article/367647/%E0%A6%A6%E0%A7%87%E0%A6%B6%E0%A7%87%E0%A6%B0-%E0%A6%9C%E0%A7%8D%E0%A6%AC%E0%A6%BE%E0%A6%B2%E0%A6%BE%E0%A6%A8%E0%A6%BF-%E0%A6%B8%E0%A6%82%E0%A6%95%E0%A6%9F-%E0%A6%B8%E0%A6%AE%E0%A6%BE%E0%A6%A7%E0%A6%BE%E0%A6%A8%E0%A7%87-%E0%A6%B8%E0%A6%AE%E0%A6%A8%E0%A7%8D%E0%A6%AC%E0%A6%BF%E0%A6%A4-%E0%A6%AA%E0%A6%B0%E0%A6%BF%E0%A6%95%E0%A6%B2%E0%A7%8D%E0%A6%AA%E0%A6%A8%E0%A6%BE-%E0%A6%9C%E0%A6%B0%E0%A7%81%E0%A6%B0%E0%A6%BF,2026-08-14,দেশের জ্বালানি সংকট সমাধানে সমন্বিত পরিকল্পনা জরুরি,2026,4,True,True,1,3,0,0,0,0,0,1,0,0,0,1,1,10,0,0
samakal:https://samakal.com/bangladesh/article/368006/%E0%A6%9C%E0%A7%8D%E0%A6%AC%E0%A6%BE%E0%A6%B2%E0%A6%BE%E0%A6%A8%E0%A6%BF-%E0%A6%B8%E0%A6%82%E0%A6%95%E0%A6%9F-%E0%A6%85%E0%A6%B0%E0%A7%8D%E0%A6%A5%E0%A6%A8%E0%A7%80%E0%A6%A4%E0%A6%BF%E0%A6%95%E0%A7%87-%E0%A6%9A%E0%A6%B0%E0%A6%AE-%E0%A6%AC%E0%A6%BF%E0%A6%AA%E0%A6%A6%E0%A7%87%E0%A6%B0-%E0%A6%A6%E0%A6%BF%E0%A6%95%E0%A7%87-%E0%A6%A0%E0%A7%87%E0%A6%B2%E0%A7%87-%E0%A6%A6%E0%A6%BF%E0%A6%9A%E0%A7%8D%E0%A6%9B%E0%A7%87,samakal,bn,https://samakal.com/bangladesh/article/368006/%E0%A6%9C%E0%A7%8D%E0%A6%AC%E0%A6%BE%E0%A6%B2%E0%A6%BE%E0%A6%A8%E0%A6%BF-%E0%A6%B8%E0%A6%82%E0%A6%95%E0%A6%9F-%E0%A6%85%E0%A6%B0%E0%A7%8D%E0%A6%A5%E0%A6%A8%E0%A7%80%E0%A6%A4%E0%A6%BF%E0%A6%95%E0%A7%87-%E0%A6%9A%E0%A6%B0%E0%A6%AE-%E0%A6%AC%E0%A6%BF%E0%A6%AA%E0%A6%A6%E0%A7%87%E0%A6%B0-%E0%A6%A6%E0%A6%BF%E0%A6%95%E0%A7%87-%E0%A6%A0%E0%A7%87%E0%A6%B2%E0%A7%87-%E0%A6%A6%E0%A6%BF%E0%A6%9A%E0%A7%8D%E0%A6%9B%E0%A7%87,2026-08-16,জ্বালানি সংকট অর্থনীতিকে চরম  বিপদের দিকে ঠেলে দিচ্ছে,2026,5,True,True,1,3,0,0,1,3,0,0,0,0,0,0,0,0,0,0
samakal:https://samakal.com/opinion/article/367958/%E0%A6%9C%E0%A7%8D%E0%A6%AC%E0%A6%BE%E0%A6%B2%E0%A6%BE%E0%A6%A8%E0%A6%BF-%E0%A6%B8%E0%A6%82%E0%A6%95%E0%A6%9F-%E0%A6%93-%E0%A6%AD%E0%A6%AC%E0%A6%BF%E0%A6%B7%E0%A7%8D%E0%A6%AF%E0%A7%8E-%E0%A6%AA%E0%A6%B0%E0%A6%BF%E0%A6%95%E0%A6%B2%E0%A7%8D%E0%A6%AA%E0%A6%A8%E0%A6%BE,samakal,bn,https://samakal.com/opinion/article/367958/%E0%A6%9C%E0%A7%8D%E0%A6%AC%E0%A6%BE%E0%A6%B2%E0%A6%BE%E0%A6%A8%E0%A6%BF-%E0%A6%B8%E0%A6%82%E0%A6%95%E0%A6%9F-%E0%A6%93-%E0%A6%AD%E0%A6%AC%E0%A6%BF%E0%A6%B7%E0%A7%8D%E0%A6%AF%E0%A7%8E-%E0%A6%AA%E0%A6%B0%E0%A6%BF%E0%A6%95%E0%A6%B2%E0%A7%8D%E0%A6%AA%E0%A6%A8%E0%A6%BE,2026-08-16,জ্বালানি সংকট ও ভবিষ্যৎ পরিকল্পনা,2026,1,True,True,1,2,0,0,0,1,1,4,0,0,0,0,1,3,0,0
samakal:https://samakal.com/economics/article/368505/%E0%A6%9C%E0%A7%8D%E0%A6%AC%E0%A6%BE%E0%A6%B2%E0%A6%BE%E0%A6%A8%E0%A6%BF-%E0%A6%B8%E0%A6%82%E0%A6%95%E0%A6%9F-%E0%A6%B0%E0%A6%AA%E0%A7%8D%E0%A6%A4%E0%A6%BE%E0%A6%A8%E0%A6%BF-%E0%A6%96%E0%A6%BE%E0%A6%A4%E0%A7%87%E0%A6%B0-%E0%A6%AC%E0%A7%9C-%E0%A6%B8%E0%A6%AE%E0%A6%B8%E0%A7%8D%E0%A6%AF%E0%A6%BE,samakal,bn,https://samakal.com/economics/article/368505/%E0%A6%9C%E0%A7%8D%E0%A6%AC%E0%A6%BE%E0%A6%B2%E0%A6%BE%E0%A6%A8%E0%A6%BF-%E0%A6%B8%E0%A6%82%E0%A6%95%E0%A6%9F-%E0%A6%B0%E0%A6%AA%E0%A7%8D%E0%A6%A4%E0%A6%BE%E0%A6%A8%E0%A6%BF-%E0%A6%96%E0%A6%BE%E0%A6%A4%E0%A7%87%E0%A6%B0-%E0%A6%AC%E0%A7%9C-%E0%A6%B8%E0%A6%AE%E0%A6%B8%E0%A7%8D%E0%A6%AF%E0%A6%BE,2026-08-19,জ্বালানি সংকট রপ্তানি  খাতের বড় সমস্যা,2026,4,True,True,0,1,0,0,0,0,0,0,0,0,0,0,0,0,0,0
samakal:https://samakal.com/economics/article/368688/%E0%A6%9C%E0%A7%8D%E0%A6%AC%E0%A6%BE%E0%A6%B2%E0%A6%BE%E0%A6%A8%E0%A6%BF-%E0%A6%A4%E0%A7%87%E0%A6%B2-%E0%A6%86%E0%A6%AE%E0%A6%A6%E0%A6%BE%E0%A6%A8%E0%A6%BF%E0%A6%A4%E0%A7%87-%E0%A6%96%E0%A6%B0%E0%A6%9A-%E0%A6%AC%E0%A7%87%E0%A7%9C%E0%A7%87-%E0%A6%A6%E0%A7%8D%E0%A6%AC%E0%A6%BF%E0%A6%97%E0%A7%81%E0%A6%A3,samakal,bn,https://samakal.com/economics/article/368688/%E0%A6%9C%E0%A7%8D%E0%A6%AC%E0%A6%BE%E0%A6%B2%E0%A6%BE%E0%A6%A8%E0%A6%BF-%E0%A6%A4%E0%A7%87%E0%A6%B2-%E0%A6%86%E0%A6%AE%E0%A6%A6%E0%A6%BE%E0%A6%A8%E0%A6%BF%E0%A6%A4%E0%A7%87-%E0%A6%96%E0%A6%B0%E0%A6%9A-%E0%A6%AC%E0%A7%87%E0%A7%9C%E0%A7%87-%E0%A6%A6%E0%A7%8D%E0%A6%AC%E0%A6%BF%E0%A6%97%E0%A7%81%E0%A6%A3,2026-08-20,জ্বালানি তেল আমদানিতে খরচ বেড়ে দ্বিগুণ,2026,10,True,True,1,6,0,0,0,0,1,3,0,0,0,0,0,0,0,0
samakal:https://samakal.com/bangladesh-others/article/369087/%E0%A6%9C%E0%A7%8D%E0%A6%AC%E0%A6%BE%E0%A6%B2%E0%A6%BE%E0%A6%A8%E0%A6%BF-%E0%A6%B8%E0%A6%82%E0%A6%95%E0%A6%9F-%E0%A6%89%E0%A6%9A%E0%A7%8D%E0%A6%9A-%E0%A6%B8%E0%A7%81%E0%A6%A6%E0%A7%87-%E0%A6%AC%E0%A6%BF%E0%A6%A8%E0%A6%BF%E0%A7%9F%E0%A7%8B%E0%A6%97%E0%A7%87-%E0%A6%B8%E0%A7%8D%E0%A6%A5%E0%A6%AC%E0%A6%BF%E0%A6%B0%E0%A6%A4%E0%A6%BE-%E0%A6%97%E0%A6%A4%E0%A6%BF-%E0%A6%AB%E0%A7%87%E0%A6%B0%E0%A6%BE%E0%A6%A8%E0%A7%8B-%E0%A6%9C%E0%A6%B0%E0%A7%81%E0%A6%B0%E0%A6%BF,samakal,bn,https://samakal.com/bangladesh-others/article/369087/%E0%A6%9C%E0%A7%8D%E0%A6%AC%E0%A6%BE%E0%A6%B2%E0%A6%BE%E0%A6%A8%E0%A6%BF-%E0%A6%B8%E0%A6%82%E0%A6%95%E0%A6%9F-%E0%A6%89%E0%A6%9A%E0%A7%8D%E0%A6%9A-%E0%A6%B8%E0%A7%81%E0%A6%A6%E0%A7%87-%E0%A6%AC%E0%A6%BF%E0%A6%A8%E0%A6%BF%E0%A7%9F%E0%A7%8B%E0%A6%97%E0%A7%87-%E0%A6%B8%E0%A7%8D%E0%A6%A5%E0%A6%AC%E0%A6%BF%E0%A6%B0%E0%A6%A4%E0%A6%BE-%E0%A6%97%E0%A6%A4%E0%A6%BF-%E0%A6%AB%E0%A7%87%E0%A6%B0%E0%A6%BE%E0%A6%A8%E0%A7%8B-%E0%A6%9C%E0%A6%B0%E0%A7%81%E0%A6%B0%E0%A6%BF,2026-08-22,"জ্বালানি সংকট-উচ্চ সুদে বিনিয়োগে স্থবিরতা, গতি ফেরানো জরুরি",2026,5,True,True,0,1,0,0,0,1,0,0,0,0,0,0,0,0,0,0
samakal:https://samakal.com/international/article/369180/%E0%A6%A4%E0%A7%87%E0%A6%B2%E0%A7%87%E0%A6%B0-%E0%A6%A6%E0%A6%BE%E0%A6%AE-%E0%A6%86%E0%A6%95%E0%A6%BE%E0%A6%B6%E0%A6%9A%E0%A7%81%E0%A6%AE%E0%A7%8D%E0%A6%AC%E0%A7%80-%E0%A6%B9%E0%A6%A4%E0%A7%87-%E0%A6%AC%E0%A6%BE%E0%A6%A7%E0%A6%BE-%E0%A6%A6%E0%A6%BF%E0%A6%9A%E0%A7%8D%E0%A6%9B%E0%A7%87-%E0%A6%AF%E0%A7%87-%E0%A6%95%E0%A7%87%E0%A7%97%E0%A6%B6%E0%A6%B2,samakal,bn,https://samakal.com/international/article/369180/%E0%A6%A4%E0%A7%87%E0%A6%B2%E0%A7%87%E0%A6%B0-%E0%A6%A6%E0%A6%BE%E0%A6%AE-%E0%A6%86%E0%A6%95%E0%A6%BE%E0%A6%B6%E0%A6%9A%E0%A7%81%E0%A6%AE%E0%A7%8D%E0%A6%AC%E0%A7%80-%E0%A6%B9%E0%A6%A4%E0%A7%87-%E0%A6%AC%E0%A6%BE%E0%A6%A7%E0%A6%BE-%E0%A6%A6%E0%A6%BF%E0%A6%9A%E0%A7%8D%E0%A6%9B%E0%A7%87-%E0%A6%AF%E0%A7%87-%E0%A6%95%E0%A7%87%E0%A7%97%E0%A6%B6%E0%A6%B2,2026-08-23,তেলের দাম আকাশচুম্বী হতে বাধা দিচ্ছে যে কৌশল,2026,2,True,True,1,18,0,0,0,0,0,0,0,0,0,0,0,0,1,3
samakal:https://samakal.com/international/article/369402/%E0%A6%AC%E0%A6%BF%E0%A6%B6%E0%A7%8D%E0%A6%AC%E0%A7%87-%E0%A6%AA%E0%A7%87%E0%A6%9F%E0%A7%8D%E0%A6%B0%E0%A6%B2%E0%A7%87%E0%A6%B0-%E0%A6%A6%E0%A6%BE%E0%A6%AE-%E0%A6%AC%E0%A7%87%E0%A6%B6%E0%A6%BF-%E0%A6%AC%E0%A7%87%E0%A7%9C%E0%A7%87%E0%A6%9B%E0%A7%87-%E0%A6%AE%E0%A6%BF%E0%A7%9F%E0%A6%BE%E0%A6%A8%E0%A6%AE%E0%A6%BE%E0%A6%B0%E0%A7%87-%E0%A6%AC%E0%A6%BE%E0%A6%82%E0%A6%B2%E0%A6%BE%E0%A6%A6%E0%A7%87%E0%A6%B6%E0%A7%87-%E0%A6%95%E0%A6%A4-,samakal,bn,https://samakal.com/international/article/369402/%E0%A6%AC%E0%A6%BF%E0%A6%B6%E0%A7%8D%E0%A6%AC%E0%A7%87-%E0%A6%AA%E0%A7%87%E0%A6%9F%E0%A7%8D%E0%A6%B0%E0%A6%B2%E0%A7%87%E0%A6%B0-%E0%A6%A6%E0%A6%BE%E0%A6%AE-%E0%A6%AC%E0%A7%87%E0%A6%B6%E0%A6%BF-%E0%A6%AC%E0%A7%87%E0%A7%9C%E0%A7%87%E0%A6%9B%E0%A7%87-%E0%A6%AE%E0%A6%BF%E0%A7%9F%E0%A6%BE%E0%A6%A8%E0%A6%AE%E0%A6%BE%E0%A6%B0%E0%A7%87-%E0%A6%AC%E0%A6%BE%E0%A6%82%E0%A6%B2%E0%A6%BE%E0%A6%A6%E0%A7%87%E0%A6%B6%E0%A7%87-%E0%A6%95%E0%A6%A4-,2026-08-24,"বিশ্বে পেট্রলের দাম বেশি বেড়েছে মিয়ানমারে, বাংলাদেশে কত?",2026,13,True,True,1,6,0,0,0,0,0,0,0,0,0,0,0,0,0,0
samakal:https://samakal.com/bangladesh/article/369381/%E0%A6%AC%E0%A6%BF%E0%A6%A6%E0%A7%8D%E0%A6%AF%E0%A7%81%E0%A7%8E-%E0%A6%93-%E0%A6%9C%E0%A7%8D%E0%A6%AC%E0%A6%BE%E0%A6%B2%E0%A6%BE%E0%A6%A8%E0%A6%BF-%E0%A6%B8%E0%A6%82%E0%A6%95%E0%A6%9F%E0%A7%87-%E0%A6%AC%E0%A6%BE%E0%A7%9C%E0%A6%9B%E0%A7%87-%E0%A6%93%E0%A6%B7%E0%A7%81%E0%A6%A7-%E0%A6%89%E0%A7%8E%E0%A6%AA%E0%A6%BE%E0%A6%A6%E0%A6%A8-%E0%A6%96%E0%A6%B0%E0%A6%9A,samakal,bn,https://samakal.com/bangladesh/article/369381/%E0%A6%AC%E0%A6%BF%E0%A6%A6%E0%A7%8D%E0%A6%AF%E0%A7%81%E0%A7%8E-%E0%A6%93-%E0%A6%9C%E0%A7%8D%E0%A6%AC%E0%A6%BE%E0%A6%B2%E0%A6%BE%E0%A6%A8%E0%A6%BF-%E0%A6%B8%E0%A6%82%E0%A6%95%E0%A6%9F%E0%A7%87-%E0%A6%AC%E0%A6%BE%E0%A7%9C%E0%A6%9B%E0%A7%87-%E0%A6%93%E0%A6%B7%E0%A7%81%E0%A6%A7-%E0%A6%89%E0%A7%8E%E0%A6%AA%E0%A6%BE%E0%A6%A6%E0%A6%A8-%E0%A6%96%E0%A6%B0%E0%A6%9A,2026-08-24,বিদ্যুৎ ও জ্বালানি সংকটে বাড়ছে ওষুধ উৎপাদন খরচ,2026,7,True,True,0,0,0,0,0,0,0,0,0,0,0,0,0,0,0,0
samakal:https://samakal.com/bangladesh/article/369502/%E0%A6%9C%E0%A7%8D%E0%A6%AC%E0%A6%BE%E0%A6%B2%E0%A6%BE%E0%A6%A8%E0%A6%BF-%E0%A6%AD%E0%A6%B0%E0%A7%8D%E0%A6%A4%E0%A7%81%E0%A6%95%E0%A6%BF%E0%A6%B0-%E0%A6%9A%E0%A6%BE%E0%A6%AA%E0%A7%87-%E0%A6%AC%E0%A6%BE%E0%A6%9C%E0%A7%87%E0%A6%9F-%E0%A6%AC%E0%A7%8D%E0%A6%AF%E0%A6%AC%E0%A6%B8%E0%A7%8D%E0%A6%A5%E0%A6%BE%E0%A6%AA%E0%A6%A8%E0%A6%BE-%E0%A6%95%E0%A6%A0%E0%A6%BF%E0%A6%A8-%E0%A6%B9%E0%A7%9F%E0%A7%87-%E0%A6%89%E0%A6%A0%E0%A6%9B%E0%A7%87,samakal,bn,https://samakal.com/bangladesh/article/369502/%E0%A6%9C%E0%A7%8D%E0%A6%AC%E0%A6%BE%E0%A6%B2%E0%A6%BE%E0%A6%A8%E0%A6%BF-%E0%A6%AD%E0%A6%B0%E0%A7%8D%E0%A6%A4%E0%A7%81%E0%A6%95%E0%A6%BF%E0%A6%B0-%E0%A6%9A%E0%A6%BE%E0%A6%AA%E0%A7%87-%E0%A6%AC%E0%A6%BE%E0%A6%9C%E0%A7%87%E0%A6%9F-%E0%A6%AC%E0%A7%8D%E0%A6%AF%E0%A6%AC%E0%A6%B8%E0%A7%8D%E0%A6%A5%E0%A6%BE%E0%A6%AA%E0%A6%A8%E0%A6%BE-%E0%A6%95%E0%A6%A0%E0%A6%BF%E0%A6%A8-%E0%A6%B9%E0%A7%9F%E0%A7%87-%E0%A6%89%E0%A6%A0%E0%A6%9B%E0%A7%87,2026-08-25,জ্বালানি ভর্তুকির চাপে বাজেট ব্যবস্থাপনা কঠিন হয়ে উঠছে,2026,29,True,True,1,9,0,1,0,1,0,0,0,0,0,0,1,36,0,0
samakal:https://samakal.com/capital/article/370012/%E0%A6%9C%E0%A7%8D%E0%A6%AC%E0%A6%BE%E0%A6%B2%E0%A6%BE%E0%A6%A8%E0%A6%BF-%E0%A6%A4%E0%A7%87%E0%A6%B2-%E0%A6%97%E0%A7%8D%E0%A6%AF%E0%A6%BE%E0%A6%B8-%E0%A6%93-%E0%A6%AC%E0%A6%BF%E0%A6%A6%E0%A7%8D%E0%A6%AF%E0%A7%81%E0%A6%A4%E0%A7%87%E0%A6%B0-%E0%A6%B8%E0%A6%82%E0%A6%95%E0%A6%9F%E0%A7%87-%E0%A6%9C%E0%A6%A8%E0%A6%9C%E0%A7%80%E0%A6%AC%E0%A6%A8%E0%A7%87-%E0%A6%A8%E0%A6%BE%E0%A6%AD%E0%A6%BF%E0%A6%B6%E0%A7%8D%E0%A6%AC%E0%A6%BE%E0%A6%B8%C2%A0,samakal,bn,https://samakal.com/capital/article/370012/%E0%A6%9C%E0%A7%8D%E0%A6%AC%E0%A6%BE%E0%A6%B2%E0%A6%BE%E0%A6%A8%E0%A6%BF-%E0%A6%A4%E0%A7%87%E0%A6%B2-%E0%A6%97%E0%A7%8D%E0%A6%AF%E0%A6%BE%E0%A6%B8-%E0%A6%93-%E0%A6%AC%E0%A6%BF%E0%A6%A6%E0%A7%8D%E0%A6%AF%E0%A7%81%E0%A6%A4%E0%A7%87%E0%A6%B0-%E0%A6%B8%E0%A6%82%E0%A6%95%E0%A6%9F%E0%A7%87-%E0%A6%9C%E0%A6%A8%E0%A6%9C%E0%A7%80%E0%A6%AC%E0%A6%A8%E0%A7%87-%E0%A6%A8%E0%A6%BE%E0%A6%AD%E0%A6%BF%E0%A6%B6%E0%A7%8D%E0%A6%AC%E0%A6%BE%E0%A6%B8%C2%A0,2026-08-28,"জ্বালানি তেল, গ্যাস ও বিদ্যুতের সংকটে জনজীবনে নাভিশ্বাস",2026,3,True,True,0,0,0,0,0,0,0,0,0,0,0,0,0,0,0,0
samakal:https://samakal.com/whole-country/article/370084/%E0%A6%9C%E0%A7%8D%E0%A6%AC%E0%A6%BE%E0%A6%B2%E0%A6%BE%E0%A6%A8%E0%A6%BF-%E0%A6%96%E0%A6%BE%E0%A6%A4%E0%A6%95%E0%A7%87-%E0%A6%86%E0%A6%AE%E0%A6%A6%E0%A6%BE%E0%A6%A8%E0%A6%BF%E0%A6%A8%E0%A6%BF%E0%A6%B0%E0%A7%8D%E0%A6%AD%E0%A6%B0-%E0%A6%95%E0%A6%B0%E0%A7%87-%E0%A6%B0%E0%A6%BE%E0%A6%96%E0%A6%BE-%E0%A6%B9%E0%A7%9F%E0%A7%87%E0%A6%9B%E0%A7%87,samakal,bn,https://samakal.com/whole-country/article/370084/%E0%A6%9C%E0%A7%8D%E0%A6%AC%E0%A6%BE%E0%A6%B2%E0%A6%BE%E0%A6%A8%E0%A6%BF-%E0%A6%96%E0%A6%BE%E0%A6%A4%E0%A6%95%E0%A7%87-%E0%A6%86%E0%A6%AE%E0%A6%A6%E0%A6%BE%E0%A6%A8%E0%A6%BF%E0%A6%A8%E0%A6%BF%E0%A6%B0%E0%A7%8D%E0%A6%AD%E0%A6%B0-%E0%A6%95%E0%A6%B0%E0%A7%87-%E0%A6%B0%E0%A6%BE%E0%A6%96%E0%A6%BE-%E0%A6%B9%E0%A7%9F%E0%A7%87%E0%A6%9B%E0%A7%87,2026-08-29,জ্বালানি খাতকে আমদানিনির্ভর  করে রাখা হয়েছে,2026,1,True,True,0,0,0,0,0,0,0,0,0,0,0,0,0,0,1,4
samakal:https://samakal.com/bangladesh/article/370836/%E0%A6%9C%E0%A7%8D%E0%A6%AC%E0%A6%BE%E0%A6%B2%E0%A6%BE%E0%A6%A8%E0%A6%BF-%E0%A6%B8%E0%A6%82%E0%A6%95%E0%A6%9F-%E0%A6%A6%E0%A7%82%E0%A6%B0-%E0%A6%95%E0%A6%B0%E0%A6%A4%E0%A7%87-%E0%A6%B8%E0%A6%AE%E0%A6%A8%E0%A7%8D%E0%A6%AC%E0%A6%BF%E0%A6%A4-%E0%A6%95%E0%A6%B0%E0%A7%8D%E0%A6%AE%E0%A6%AA%E0%A6%B0%E0%A6%BF%E0%A6%95%E0%A6%B2%E0%A7%8D%E0%A6%AA%E0%A6%A8%E0%A6%BE-%E0%A6%AC%E0%A6%BE%E0%A6%B8%E0%A7%8D%E0%A6%A4%E0%A6%AC%E0%A6%BE%E0%A7%9F%E0%A6%A8-%E0%A6%95%E0%A6%B0%E0%A6%9B%E0%A7%87-%E0%A6%B8%E0%A6%B0%E0%A6%95%E0%A6%BE%E0%A6%B0:-%E0%A6%AA%E0%A7%8D%E0%A6%B0%E0%A6%A7%E0%A6%BE%E0%A6%A8%E0%A6%AE%E0%A6%A8%E0%A7%8D%E0%A6%A4%E0%A7%8D%E0%A6%B0%E0%A7%80,samakal,bn,https://samakal.com/bangladesh/article/370836/%E0%A6%9C%E0%A7%8D%E0%A6%AC%E0%A6%BE%E0%A6%B2%E0%A6%BE%E0%A6%A8%E0%A6%BF-%E0%A6%B8%E0%A6%82%E0%A6%95%E0%A6%9F-%E0%A6%A6%E0%A7%82%E0%A6%B0-%E0%A6%95%E0%A6%B0%E0%A6%A4%E0%A7%87-%E0%A6%B8%E0%A6%AE%E0%A6%A8%E0%A7%8D%E0%A6%AC%E0%A6%BF%E0%A6%A4-%E0%A6%95%E0%A6%B0%E0%A7%8D%E0%A6%AE%E0%A6%AA%E0%A6%B0%E0%A6%BF%E0%A6%95%E0%A6%B2%E0%A7%8D%E0%A6%AA%E0%A6%A8%E0%A6%BE-%E0%A6%AC%E0%A6%BE%E0%A6%B8%E0%A7%8D%E0%A6%A4%E0%A6%AC%E0%A6%BE%E0%A7%9F%E0%A6%A8-%E0%A6%95%E0%A6%B0%E0%A6%9B%E0%A7%87-%E0%A6%B8%E0%A6%B0%E0%A6%95%E0%A6%BE%E0%A6%B0:-%E0%A6%AA%E0%A7%8D%E0%A6%B0%E0%A6%A7%E0%A6%BE%E0%A6%A8%E0%A6%AE%E0%A6%A8%E0%A7%8D%E0%A6%A4%E0%A7%8D%E0%A6%B0%E0%A7%80,2026-09-02,জ্বালানি সংকট দূর করতে সমন্বিত কর্মপরিকল্পনা বাস্তবায়ন করছে সরকার: প্রধানমন্ত্রী,2026,5,True,True,0,0,0,0,0,0,0,0,0,0,0,0,0,0,0,0
samakal:https://samakal.com/economics/article/370801/%E0%A6%AC%E0%A7%8B%E0%A6%A4%E0%A6%B2%E0%A6%9C%E0%A6%BE%E0%A6%A4-%E0%A6%B8%E0%A7%9F%E0%A6%BE%E0%A6%AC%E0%A6%BF%E0%A6%A8-%E0%A6%A4%E0%A7%87%E0%A6%B2%E0%A7%87%E0%A6%B0-%E0%A6%A6%E0%A6%BE%E0%A6%AE-%E0%A6%B2%E0%A6%BF%E0%A6%9F%E0%A6%BE%E0%A6%B0%E0%A7%87-%E0%A6%AC%E0%A6%BE%E0%A7%9C%E0%A6%B2-%E0%A7%AB-%E0%A6%9F%E0%A6%BE%E0%A6%95%E0%A6%BE,samakal,bn,https://samakal.com/economics/article/370801/%E0%A6%AC%E0%A7%8B%E0%A6%A4%E0%A6%B2%E0%A6%9C%E0%A6%BE%E0%A6%A4-%E0%A6%B8%E0%A7%9F%E0%A6%BE%E0%A6%AC%E0%A6%BF%E0%A6%A8-%E0%A6%A4%E0%A7%87%E0%A6%B2%E0%A7%87%E0%A6%B0-%E0%A6%A6%E0%A6%BE%E0%A6%AE-%E0%A6%B2%E0%A6%BF%E0%A6%9F%E0%A6%BE%E0%A6%B0%E0%A7%87-%E0%A6%AC%E0%A6%BE%E0%A7%9C%E0%A6%B2-%E0%A7%AB-%E0%A6%9F%E0%A6%BE%E0%A6%95%E0%A6%BE,2026-09-02,বোতলজাত সয়াবিন তেলের দাম লিটারে বাড়ল ৫ টাকা,2026,10,True,True,0,1,0,0,0,0,0,0,0,1,0,0,0,0,0,0
samakal:https://samakal.com/politics/article/371033/%E0%A6%9C%E0%A7%8D%E0%A6%AC%E0%A6%BE%E0%A6%B2%E0%A6%BE%E0%A6%A8%E0%A6%BF-%E0%A6%B8%E0%A6%82%E0%A6%95%E0%A6%9F%E0%A7%87-%E0%A6%B2%E0%A6%82%E0%A6%AE%E0%A6%BE%E0%A6%B0%E0%A7%8D%E0%A6%9A%E0%A7%87%E0%A6%B0-%E0%A6%97%E0%A6%BE%E0%A7%9C%E0%A6%BF-%E0%A6%95%E0%A6%AE%E0%A6%BE%E0%A6%B2%E0%A7%8B-%E0%A6%8F%E0%A6%A8%E0%A6%B8%E0%A6%BF%E0%A6%AA%E0%A6%BF,samakal,bn,https://samakal.com/politics/article/371033/%E0%A6%9C%E0%A7%8D%E0%A6%AC%E0%A6%BE%E0%A6%B2%E0%A6%BE%E0%A6%A8%E0%A6%BF-%E0%A6%B8%E0%A6%82%E0%A6%95%E0%A6%9F%E0%A7%87-%E0%A6%B2%E0%A6%82%E0%A6%AE%E0%A6%BE%E0%A6%B0%E0%A7%8D%E0%A6%9A%E0%A7%87%E0%A6%B0-%E0%A6%97%E0%A6%BE%E0%A7%9C%E0%A6%BF-%E0%A6%95%E0%A6%AE%E0%A6%BE%E0%A6%B2%E0%A7%8B-%E0%A6%8F%E0%A6%A8%E0%A6%B8%E0%A6%BF%E0%A6%AA%E0%A6%BF,2026-09-03,জ্বালানি সংকটে লংমার্চের গাড়ি কমালো এনসিপি,2026,3,True,True,0,0,1,2,0,0,0,0,0,0,0,0,0,0,0,0
samakal:https://samakal.com/international/article/371648/%E0%A6%B8%E0%A7%8C%E0%A6%A6%E0%A6%BF-%E0%A6%86%E0%A6%B0%E0%A6%BE%E0%A6%AE%E0%A6%95%E0%A7%8B-%E0%A6%B8%E0%A7%8D%E0%A6%A5%E0%A6%BE%E0%A6%AA%E0%A6%A8%E0%A6%BE%E0%A7%9F-%E0%A6%B9%E0%A6%BE%E0%A6%AE%E0%A6%B2%E0%A6%BE%E0%A6%B0-%E0%A6%96%E0%A6%AC%E0%A6%B0%E0%A7%87-%E0%A6%AC%E0%A6%BF%E0%A6%B6%E0%A7%8D%E0%A6%AC%E0%A6%AC%E0%A6%BE%E0%A6%9C%E0%A6%BE%E0%A6%B0%E0%A7%87-%E0%A6%AC%E0%A6%BE%E0%A7%9C%E0%A6%B2-%E0%A6%A4%E0%A7%87%E0%A6%B2%E0%A7%87%E0%A6%B0-%E0%A6%A6%E0%A6%BE%E0%A6%AE,samakal,bn,https://samakal.com/international/article/371648/%E0%A6%B8%E0%A7%8C%E0%A6%A6%E0%A6%BF-%E0%A6%86%E0%A6%B0%E0%A6%BE%E0%A6%AE%E0%A6%95%E0%A7%8B-%E0%A6%B8%E0%A7%8D%E0%A6%A5%E0%A6%BE%E0%A6%AA%E0%A6%A8%E0%A6%BE%E0%A7%9F-%E0%A6%B9%E0%A6%BE%E0%A6%AE%E0%A6%B2%E0%A6%BE%E0%A6%B0-%E0%A6%96%E0%A6%AC%E0%A6%B0%E0%A7%87-%E0%A6%AC%E0%A6%BF%E0%A6%B6%E0%A7%8D%E0%A6%AC%E0%A6%AC%E0%A6%BE%E0%A6%9C%E0%A6%BE%E0%A6%B0%E0%A7%87-%E0%A6%AC%E0%A6%BE%E0%A7%9C%E0%A6%B2-%E0%A6%A4%E0%A7%87%E0%A6%B2%E0%A7%87%E0%A6%B0-%E0%A6%A6%E0%A6%BE%E0%A6%AE,2026-09-07,সৌদি আরামকো স্থাপনায় হামলার খবরে বিশ্ববাজারে বাড়ল তেলের দাম,2026,6,True,True,1,15,0,0,0,0,0,0,0,0,0,0,0,0,0,0
samakal:https://samakal.com/international/article/371723/%E0%A6%87%E0%A6%B0%E0%A6%BE%E0%A6%A8%E0%A7%87%E0%A6%B0-%E0%A6%AC%E0%A6%BF%E0%A6%B0%E0%A7%81%E0%A6%A6%E0%A7%8D%E0%A6%A7%E0%A7%87-%E0%A6%9C%E0%A7%9F%E0%A7%87%E0%A6%B0-%E0%A6%AA%E0%A6%B0-%E0%A6%A4%E0%A7%87%E0%A6%B2%E0%A7%87%E0%A6%B0-%E0%A6%A6%E0%A6%BE%E0%A6%AE-%E0%A6%A6%E0%A7%8D%E0%A6%B0%E0%A7%81%E0%A6%A4-%E0%A6%95%E0%A6%AE%E0%A6%AC%E0%A7%87:-%E0%A6%9F%E0%A7%8D%E0%A6%B0%E0%A6%BE%E0%A6%AE%E0%A7%8D%E0%A6%AA,samakal,bn,https://samakal.com/international/article/371723/%E0%A6%87%E0%A6%B0%E0%A6%BE%E0%A6%A8%E0%A7%87%E0%A6%B0-%E0%A6%AC%E0%A6%BF%E0%A6%B0%E0%A7%81%E0%A6%A6%E0%A7%8D%E0%A6%A7%E0%A7%87-%E0%A6%9C%E0%A7%9F%E0%A7%87%E0%A6%B0-%E0%A6%AA%E0%A6%B0-%E0%A6%A4%E0%A7%87%E0%A6%B2%E0%A7%87%E0%A6%B0-%E0%A6%A6%E0%A6%BE%E0%A6%AE-%E0%A6%A6%E0%A7%8D%E0%A6%B0%E0%A7%81%E0%A6%A4-%E0%A6%95%E0%A6%AE%E0%A6%AC%E0%A7%87:-%E0%A6%9F%E0%A7%8D%E0%A6%B0%E0%A6%BE%E0%A6%AE%E0%A7%8D%E0%A6%AA,2026-09-08,ইরানের বিরুদ্ধে জয়ের পর তেলের দাম দ্রুত কমবে: ট্রাম্প,2026,8,True,True,1,12,0,0,0,0,0,0,0,0,0,0,0,0,0,0
samakal:https://samakal.com/whole-country/article/372141/%E0%A6%AA%E0%A7%87%E0%A6%9F%E0%A7%8D%E0%A6%B0%E0%A6%B2-%E0%A6%A2%E0%A7%87%E0%A6%B2%E0%A7%87-%E0%A6%AF%E0%A7%81%E0%A6%AC%E0%A6%95%E0%A7%87%E0%A6%B0-%E0%A6%B6%E0%A6%B0%E0%A7%80%E0%A6%B0%E0%A7%87-%E0%A6%86%E0%A6%97%E0%A7%81%E0%A6%A8-%E0%A6%9C%E0%A6%B2%E0%A6%BE%E0%A6%B6%E0%A7%9F%E0%A7%87-%E0%A6%B2%E0%A6%BE%E0%A6%AB%E0%A6%BF%E0%A7%9F%E0%A7%87%E0%A6%93-%E0%A6%AC%E0%A6%BE%E0%A6%81%E0%A6%9A%E0%A6%B2%E0%A7%87%E0%A6%A8-%E0%A6%A8%E0%A6%BE,samakal,bn,https://samakal.com/whole-country/article/372141/%E0%A6%AA%E0%A7%87%E0%A6%9F%E0%A7%8D%E0%A6%B0%E0%A6%B2-%E0%A6%A2%E0%A7%87%E0%A6%B2%E0%A7%87-%E0%A6%AF%E0%A7%81%E0%A6%AC%E0%A6%95%E0%A7%87%E0%A6%B0-%E0%A6%B6%E0%A6%B0%E0%A7%80%E0%A6%B0%E0%A7%87-%E0%A6%86%E0%A6%97%E0%A7%81%E0%A6%A8-%E0%A6%9C%E0%A6%B2%E0%A6%BE%E0%A6%B6%E0%A7%9F%E0%A7%87-%E0%A6%B2%E0%A6%BE%E0%A6%AB%E0%A6%BF%E0%A7%9F%E0%A7%87%E0%A6%93-%E0%A6%AC%E0%A6%BE%E0%A6%81%E0%A6%9A%E0%A6%B2%E0%A7%87%E0%A6%A8-%E0%A6%A8%E0%A6%BE,2026-09-10,"পেট্রল ঢেলে যুবকের শরীরে আগুন, জলাশয়ে লাফিয়েও বাঁচলেন না",2026,3,True,True,0,0,0,0,0,0,0,0,0,0,0,0,0,0,0,0
samakal:https://samakal.com/international/article/372072/%E0%A6%87%E0%A6%B0%E0%A6%BE%E0%A6%A8-%E0%A6%93-%E0%A6%AF%E0%A7%81%E0%A6%95%E0%A7%8D%E0%A6%A4%E0%A6%B0%E0%A6%BE%E0%A6%B7%E0%A7%8D%E0%A6%9F%E0%A7%8D%E0%A6%B0%E0%A7%87%E0%A6%B0-%E0%A6%AA%E0%A6%BE%E0%A6%B2%E0%A7%8D%E0%A6%9F%E0%A6%BE%E0%A6%AA%E0%A6%BE%E0%A6%B2%E0%A7%8D%E0%A6%9F%E0%A6%BF-%E0%A6%B9%E0%A6%BE%E0%A6%AE%E0%A6%B2%E0%A6%BE-%E0%A6%AC%E0%A6%BE%E0%A7%9C%E0%A6%B2-%E0%A6%A4%E0%A7%87%E0%A6%B2%E0%A7%87%E0%A6%B0-%E0%A6%A6%E0%A6%BE%E0%A6%AE,samakal,bn,https://samakal.com/international/article/372072/%E0%A6%87%E0%A6%B0%E0%A6%BE%E0%A6%A8-%E0%A6%93-%E0%A6%AF%E0%A7%81%E0%A6%95%E0%A7%8D%E0%A6%A4%E0%A6%B0%E0%A6%BE%E0%A6%B7%E0%A7%8D%E0%A6%9F%E0%A7%8D%E0%A6%B0%E0%A7%87%E0%A6%B0-%E0%A6%AA%E0%A6%BE%E0%A6%B2%E0%A7%8D%E0%A6%9F%E0%A6%BE%E0%A6%AA%E0%A6%BE%E0%A6%B2%E0%A7%8D%E0%A6%9F%E0%A6%BF-%E0%A6%B9%E0%A6%BE%E0%A6%AE%E0%A6%B2%E0%A6%BE-%E0%A6%AC%E0%A6%BE%E0%A7%9C%E0%A6%B2-%E0%A6%A4%E0%A7%87%E0%A6%B2%E0%A7%87%E0%A6%B0-%E0%A6%A6%E0%A6%BE%E0%A6%AE,2026-09-10,"ইরান ও যুক্তরাষ্ট্রের পাল্টাপাল্টি হামলা, বাড়ল তেলের দাম",2026,7,True,True,1,23,0,0,0,0,0,0,0,0,0,0,0,0,0,0
samakal:https://samakal.com/whole-country/article/372312/%E0%A6%9A%E0%A6%BE%E0%A6%81%E0%A6%A6%E0%A6%BE-%E0%A6%A8%E0%A6%BE-%E0%A6%AA%E0%A7%87%E0%A7%9F%E0%A7%87-%E0%A6%AC%E0%A7%8D%E0%A6%AF%E0%A6%AC%E0%A6%B8%E0%A6%BE%E0%A7%9F%E0%A7%80%E0%A6%B0-%E0%A6%B6%E0%A6%B0%E0%A7%80%E0%A6%B0%E0%A7%87-%E0%A6%AA%E0%A7%87%E0%A6%9F%E0%A7%8D%E0%A6%B0%E0%A6%B2-%E0%A6%A2%E0%A7%87%E0%A6%B2%E0%A7%87-%E0%A6%86%E0%A6%97%E0%A7%81%E0%A6%A8-%E0%A6%A6%E0%A7%87%E0%A6%93%E0%A7%9F%E0%A6%BE%E0%A6%B0-%E0%A6%9A%E0%A7%87%E0%A6%B7%E0%A7%8D%E0%A6%9F%E0%A6%BE-%E0%A6%86%E0%A6%B9%E0%A6%A4-%E0%A7%A9,samakal,bn,https://samakal.com/whole-country/article/372312/%E0%A6%9A%E0%A6%BE%E0%A6%81%E0%A6%A6%E0%A6%BE-%E0%A6%A8%E0%A6%BE-%E0%A6%AA%E0%A7%87%E0%A7%9F%E0%A7%87-%E0%A6%AC%E0%A7%8D%E0%A6%AF%E0%A6%AC%E0%A6%B8%E0%A6%BE%E0%A7%9F%E0%A7%80%E0%A6%B0-%E0%A6%B6%E0%A6%B0%E0%A7%80%E0%A6%B0%E0%A7%87-%E0%A6%AA%E0%A7%87%E0%A6%9F%E0%A7%8D%E0%A6%B0%E0%A6%B2-%E0%A6%A2%E0%A7%87%E0%A6%B2%E0%A7%87-%E0%A6%86%E0%A6%97%E0%A7%81%E0%A6%A8-%E0%A6%A6%E0%A7%87%E0%A6%93%E0%A7%9F%E0%A6%BE%E0%A6%B0-%E0%A6%9A%E0%A7%87%E0%A6%B7%E0%A7%8D%E0%A6%9F%E0%A6%BE-%E0%A6%86%E0%A6%B9%E0%A6%A4-%E0%A7%A9,2026-09-11,"চাঁদা না পেয়ে ব্যবসায়ীর শরীরে পেট্রল ঢেলে আগুন দেওয়ার চেষ্টা, আহত ৩",2026,1,True,True,0,0,0,0,0,1,0,0,0,0,0,0,0,0,0,0
samakal:https://samakal.com/international/article/372256/%E0%A6%AE%E0%A6%A7%E0%A7%8D%E0%A6%AF%E0%A6%AA%E0%A7%8D%E0%A6%B0%E0%A6%BE%E0%A6%9A%E0%A7%8D%E0%A6%AF%E0%A7%87%E0%A6%B0-%E0%A6%85%E0%A6%B8%E0%A7%8D%E0%A6%A5%E0%A6%BF%E0%A6%B0%E0%A6%A4%E0%A6%BE%E0%A7%9F-%E0%A6%AC%E0%A6%BF%E0%A6%B6%E0%A7%8D%E0%A6%AC%E0%A6%AC%E0%A6%BE%E0%A6%9C%E0%A6%BE%E0%A6%B0%E0%A7%87-%E0%A6%A4%E0%A7%87%E0%A6%B2%E0%A7%87%E0%A6%B0-%E0%A6%A6%E0%A6%BE%E0%A6%AE-%E0%A7%A7%E0%A7%A6%E0%A7%AE-%E0%A6%A1%E0%A6%B2%E0%A6%BE%E0%A6%B0-%E0%A6%9B%E0%A6%BE%E0%A7%9C%E0%A6%BE%E0%A6%B2%C2%A0,samakal,bn,https://samakal.com/international/article/372256/%E0%A6%AE%E0%A6%A7%E0%A7%8D%E0%A6%AF%E0%A6%AA%E0%A7%8D%E0%A6%B0%E0%A6%BE%E0%A6%9A%E0%A7%8D%E0%A6%AF%E0%A7%87%E0%A6%B0-%E0%A6%85%E0%A6%B8%E0%A7%8D%E0%A6%A5%E0%A6%BF%E0%A6%B0%E0%A6%A4%E0%A6%BE%E0%A7%9F-%E0%A6%AC%E0%A6%BF%E0%A6%B6%E0%A7%8D%E0%A6%AC%E0%A6%AC%E0%A6%BE%E0%A6%9C%E0%A6%BE%E0%A6%B0%E0%A7%87-%E0%A6%A4%E0%A7%87%E0%A6%B2%E0%A7%87%E0%A6%B0-%E0%A6%A6%E0%A6%BE%E0%A6%AE-%E0%A7%A7%E0%A7%A6%E0%A7%AE-%E0%A6%A1%E0%A6%B2%E0%A6%BE%E0%A6%B0-%E0%A6%9B%E0%A6%BE%E0%A7%9C%E0%A6%BE%E0%A6%B2%C2%A0,2026-09-11,মধ্যপ্রাচ্যের অস্থিরতায় বিশ্ববাজারে তেলের দাম ১০৮ ডলার ছাড়াল,2026,4,True,True,1,5,0,0,0,0,0,0,0,0,0,0,0,0,0,0
samakal:https://samakal.com/international/article/372189/%E0%A6%A8%E0%A6%AD%E0%A7%87%E0%A6%AE%E0%A7%8D%E0%A6%AC%E0%A6%B0%E0%A7%87%E0%A6%B0-%E0%A6%86%E0%A6%97%E0%A7%87-%E0%A6%A5%E0%A6%BE%E0%A6%AE%E0%A6%9B%E0%A7%87-%E0%A6%A8%E0%A6%BE-%E0%A6%AF%E0%A7%81%E0%A6%A6%E0%A7%8D%E0%A6%A7-%E0%A6%95%E0%A6%AE%E0%A6%AC%E0%A7%87-%E0%A6%A8%E0%A6%BE-%E0%A6%A4%E0%A7%87%E0%A6%B2%E0%A7%87%E0%A6%B0-%E0%A6%A6%E0%A6%BE%E0%A6%AE,samakal,bn,https://samakal.com/international/article/372189/%E0%A6%A8%E0%A6%AD%E0%A7%87%E0%A6%AE%E0%A7%8D%E0%A6%AC%E0%A6%B0%E0%A7%87%E0%A6%B0-%E0%A6%86%E0%A6%97%E0%A7%87-%E0%A6%A5%E0%A6%BE%E0%A6%AE%E0%A6%9B%E0%A7%87-%E0%A6%A8%E0%A6%BE-%E0%A6%AF%E0%A7%81%E0%A6%A6%E0%A7%8D%E0%A6%A7-%E0%A6%95%E0%A6%AE%E0%A6%AC%E0%A7%87-%E0%A6%A8%E0%A6%BE-%E0%A6%A4%E0%A7%87%E0%A6%B2%E0%A7%87%E0%A6%B0-%E0%A6%A6%E0%A6%BE%E0%A6%AE,2026-09-11,"নভেম্বরের আগে থামছে না যুদ্ধ, কমবে না তেলের দাম",2026,4,True,True,1,33,0,0,0,0,0,0,0,0,0,0,0,0,0,0
samakal:https://samakal.com/whole-country/article/372588/%E0%A6%B2%E0%A6%82-%E0%A6%AE%E0%A6%BE%E0%A6%B0%E0%A7%8D%E0%A6%9A%E0%A7%87%E0%A6%B0-%E0%A6%AE%E0%A6%A7%E0%A7%8D%E0%A6%AF-%E0%A6%A6%E0%A6%BF%E0%A7%9F%E0%A7%87-%E0%A6%9C%E0%A7%8D%E0%A6%AC%E0%A6%BE%E0%A6%B2%E0%A6%BE%E0%A6%A8%E0%A6%BF-%E0%A6%B8%E0%A6%82%E0%A6%95%E0%A6%9F-%E0%A6%86%E0%A6%B0%E0%A6%93-%E0%A6%98%E0%A6%A8%E0%A7%80%E0%A6%AD%E0%A7%82%E0%A6%A4-%E0%A6%95%E0%A6%B0%E0%A6%9B%E0%A7%87-%E0%A6%9C%E0%A6%BE%E0%A6%AE%E0%A6%BE%E0%A7%9F%E0%A6%BE%E0%A6%A4:-%E0%A6%B0%E0%A6%BE%E0%A6%B6%E0%A7%87%E0%A6%A6-%E0%A6%96%E0%A6%BE%E0%A6%81%E0%A6%A8,samakal,bn,https://samakal.com/whole-country/article/372588/%E0%A6%B2%E0%A6%82-%E0%A6%AE%E0%A6%BE%E0%A6%B0%E0%A7%8D%E0%A6%9A%E0%A7%87%E0%A6%B0-%E0%A6%AE%E0%A6%A7%E0%A7%8D%E0%A6%AF-%E0%A6%A6%E0%A6%BF%E0%A7%9F%E0%A7%87-%E0%A6%9C%E0%A7%8D%E0%A6%AC%E0%A6%BE%E0%A6%B2%E0%A6%BE%E0%A6%A8%E0%A6%BF-%E0%A6%B8%E0%A6%82%E0%A6%95%E0%A6%9F-%E0%A6%86%E0%A6%B0%E0%A6%93-%E0%A6%98%E0%A6%A8%E0%A7%80%E0%A6%AD%E0%A7%82%E0%A6%A4-%E0%A6%95%E0%A6%B0%E0%A6%9B%E0%A7%87-%E0%A6%9C%E0%A6%BE%E0%A6%AE%E0%A6%BE%E0%A7%9F%E0%A6%BE%E0%A6%A4:-%E0%A6%B0%E0%A6%BE%E0%A6%B6%E0%A7%87%E0%A6%A6-%E0%A6%96%E0%A6%BE%E0%A6%81%E0%A6%A8,2026-09-13,লং মার্চের মধ্য দিয়ে জ্বালানি সংকট আরও ঘনীভূত করছে জামায়াত: রাশেদ খাঁন,2026,3,True,True,0,0,0,0,0,0,0,0,0,0,0,1,0,0,1,3
samakal:https://samakal.com/bangladesh/article/372544/%E0%A6%A1%E0%A6%BF%E0%A6%9C%E0%A7%87%E0%A6%B2%E0%A7%87%E0%A6%B0-%E0%A6%AC%E0%A7%8D%E0%A6%AF%E0%A6%AC%E0%A6%B9%E0%A6%BE%E0%A6%B0-%E0%A6%AC%E0%A7%87%E0%A6%A1%E0%A6%BC%E0%A7%87%E0%A6%9B%E0%A7%87-%E0%A7%A8%E0%A7%A8-%E0%A6%AC%E0%A6%BE%E0%A6%A1%E0%A6%BC%E0%A6%9B%E0%A7%87-%E0%A6%9C%E0%A7%8D%E0%A6%AC%E0%A6%BE%E0%A6%B2%E0%A6%BE%E0%A6%A8%E0%A6%BF-%E0%A6%96%E0%A6%B0%E0%A6%9A,samakal,bn,https://samakal.com/bangladesh/article/372544/%E0%A6%A1%E0%A6%BF%E0%A6%9C%E0%A7%87%E0%A6%B2%E0%A7%87%E0%A6%B0-%E0%A6%AC%E0%A7%8D%E0%A6%AF%E0%A6%AC%E0%A6%B9%E0%A6%BE%E0%A6%B0-%E0%A6%AC%E0%A7%87%E0%A6%A1%E0%A6%BC%E0%A7%87%E0%A6%9B%E0%A7%87-%E0%A7%A8%E0%A7%A8-%E0%A6%AC%E0%A6%BE%E0%A6%A1%E0%A6%BC%E0%A6%9B%E0%A7%87-%E0%A6%9C%E0%A7%8D%E0%A6%AC%E0%A6%BE%E0%A6%B2%E0%A6%BE%E0%A6%A8%E0%A6%BF-%E0%A6%96%E0%A6%B0%E0%A6%9A,2026-09-13,"ডিজেলের ব্যবহার বেড়েছে ২২%, বাড়ছে জ্বালানি খরচ",2026,49,True,True,1,21,0,0,0,0,0,0,0,0,0,0,1,7,0,0
samakal:https://samakal.com/economics/article/373179/%E0%A7%A7%E0%A7%A8-%E0%A6%B9%E0%A6%BE%E0%A6%9C%E0%A6%BE%E0%A6%B0-%E0%A7%AB%E0%A7%A9%E0%A7%AD-%E0%A6%95%E0%A7%8B%E0%A6%9F%E0%A6%BF-%E0%A6%9F%E0%A6%BE%E0%A6%95%E0%A6%BE%E0%A6%B0-%E0%A6%9C%E0%A7%8D%E0%A6%AC%E0%A6%BE%E0%A6%B2%E0%A6%BE%E0%A6%A8%E0%A6%BF-%E0%A6%A4%E0%A7%87%E0%A6%B2-%E0%A6%86%E0%A6%AE%E0%A6%A6%E0%A6%BE%E0%A6%A8%E0%A6%BF%E0%A6%B0-%E0%A6%85%E0%A6%A8%E0%A7%81%E0%A6%AE%E0%A7%8B%E0%A6%A6%E0%A6%A8,samakal,bn,https://samakal.com/economics/article/373179/%E0%A7%A7%E0%A7%A8-%E0%A6%B9%E0%A6%BE%E0%A6%9C%E0%A6%BE%E0%A6%B0-%E0%A7%AB%E0%A7%A9%E0%A7%AD-%E0%A6%95%E0%A7%8B%E0%A6%9F%E0%A6%BF-%E0%A6%9F%E0%A6%BE%E0%A6%95%E0%A6%BE%E0%A6%B0-%E0%A6%9C%E0%A7%8D%E0%A6%AC%E0%A6%BE%E0%A6%B2%E0%A6%BE%E0%A6%A8%E0%A6%BF-%E0%A6%A4%E0%A7%87%E0%A6%B2-%E0%A6%86%E0%A6%AE%E0%A6%A6%E0%A6%BE%E0%A6%A8%E0%A6%BF%E0%A6%B0-%E0%A6%85%E0%A6%A8%E0%A7%81%E0%A6%AE%E0%A7%8B%E0%A6%A6%E0%A6%A8,2026-09-16,১২ হাজার ৫৩৭ কোটি টাকার জ্বালানি তেল আমদানির অনুমোদন,2026,4,True,True,0,1,0,0,0,0,0,0,0,0,0,0,0,1,0,0
samakal:https://samakal.com/economics/article/373337/%E0%A6%9C%E0%A7%8D%E0%A6%AC%E0%A6%BE%E0%A6%B2%E0%A6%BE%E0%A6%A8%E0%A6%BF-%E0%A6%B8%E0%A6%82%E0%A6%95%E0%A6%9F%E0%A7%87-%E0%A6%89%E0%A7%8E%E0%A6%AA%E0%A6%BE%E0%A6%A6%E0%A6%A8-%E0%A6%AC%E0%A7%8D%E0%A6%AF%E0%A6%BE%E0%A6%B9%E0%A6%A4-%E0%A6%A4%E0%A6%AC%E0%A7%87-%E0%A6%AC%E0%A6%A8%E0%A7%8D%E0%A6%A7-%E0%A6%B9%E0%A7%9F%E0%A6%A8%E0%A6%BF-%E0%A6%AA%E0%A7%8B%E0%A6%B6%E0%A6%BE%E0%A6%95-%E0%A6%95%E0%A6%BE%E0%A6%B0%E0%A6%96%E0%A6%BE%E0%A6%A8%E0%A6%BE:-%E0%A6%AC%E0%A6%BF%E0%A6%9C%E0%A6%BF%E0%A6%8F%E0%A6%AE%E0%A6%87%E0%A6%8F,samakal,bn,https://samakal.com/economics/article/373337/%E0%A6%9C%E0%A7%8D%E0%A6%AC%E0%A6%BE%E0%A6%B2%E0%A6%BE%E0%A6%A8%E0%A6%BF-%E0%A6%B8%E0%A6%82%E0%A6%95%E0%A6%9F%E0%A7%87-%E0%A6%89%E0%A7%8E%E0%A6%AA%E0%A6%BE%E0%A6%A6%E0%A6%A8-%E0%A6%AC%E0%A7%8D%E0%A6%AF%E0%A6%BE%E0%A6%B9%E0%A6%A4-%E0%A6%A4%E0%A6%AC%E0%A7%87-%E0%A6%AC%E0%A6%A8%E0%A7%8D%E0%A6%A7-%E0%A6%B9%E0%A7%9F%E0%A6%A8%E0%A6%BF-%E0%A6%AA%E0%A7%8B%E0%A6%B6%E0%A6%BE%E0%A6%95-%E0%A6%95%E0%A6%BE%E0%A6%B0%E0%A6%96%E0%A6%BE%E0%A6%A8%E0%A6%BE:-%E0%A6%AC%E0%A6%BF%E0%A6%9C%E0%A6%BF%E0%A6%8F%E0%A6%AE%E0%A6%87%E0%A6%8F,2026-09-17,"জ্বালানি সংকটে উৎপাদন ব্যাহত, তবে বন্ধ হয়নি পোশাক কারখানা: বিজিএমইএ",2026,5,True,True,0,0,0,0,0,0,0,0,0,0,0,0,0,0,0,0
samakal:https://samakal.com/bangladesh/article/373248/%E0%A7%A7%E0%A7%A8%E0%A7%AB%E0%A7%A9%E0%A7%AD-%E0%A6%95%E0%A7%8B%E0%A6%9F%E0%A6%BF-%E0%A6%9F%E0%A6%BE%E0%A6%95%E0%A6%BE%E0%A6%B0-%E0%A6%9C%E0%A7%8D%E0%A6%AC%E0%A6%BE%E0%A6%B2%E0%A6%BE%E0%A6%A8%E0%A6%BF-%E0%A6%A4%E0%A7%87%E0%A6%B2-%E0%A6%86%E0%A6%AE%E0%A6%A6%E0%A6%BE%E0%A6%A8%E0%A6%BF%E0%A6%B0-%E0%A6%85%E0%A6%A8%E0%A7%81%E0%A6%AE%E0%A7%8B%E0%A6%A6%E0%A6%A8,samakal,bn,https://samakal.com/bangladesh/article/373248/%E0%A7%A7%E0%A7%A8%E0%A7%AB%E0%A7%A9%E0%A7%AD-%E0%A6%95%E0%A7%8B%E0%A6%9F%E0%A6%BF-%E0%A6%9F%E0%A6%BE%E0%A6%95%E0%A6%BE%E0%A6%B0-%E0%A6%9C%E0%A7%8D%E0%A6%AC%E0%A6%BE%E0%A6%B2%E0%A6%BE%E0%A6%A8%E0%A6%BF-%E0%A6%A4%E0%A7%87%E0%A6%B2-%E0%A6%86%E0%A6%AE%E0%A6%A6%E0%A6%BE%E0%A6%A8%E0%A6%BF%E0%A6%B0-%E0%A6%85%E0%A6%A8%E0%A7%81%E0%A6%AE%E0%A7%8B%E0%A6%A6%E0%A6%A8,2026-09-17,১২৫৩৭ কোটি টাকার জ্বালানি তেল আমদানির অনুমোদন,2026,4,True,True,0,1,0,0,0,0,0,0,0,0,0,0,0,1,0,0
samakal:https://samakal.com/international/article/373450/%E0%A6%AC%E0%A6%BF%E0%A6%B6%E0%A7%8D%E0%A6%AC%E0%A6%AC%E0%A6%BE%E0%A6%9C%E0%A6%BE%E0%A6%B0%E0%A7%87-%E0%A6%95%E0%A6%AE%E0%A7%87%E0%A6%9B%E0%A7%87-%E0%A6%A4%E0%A7%87%E0%A6%B2%E0%A7%87%E0%A6%B0-%E0%A6%A6%E0%A6%BE%E0%A6%AE,samakal,bn,https://samakal.com/international/article/373450/%E0%A6%AC%E0%A6%BF%E0%A6%B6%E0%A7%8D%E0%A6%AC%E0%A6%AC%E0%A6%BE%E0%A6%9C%E0%A6%BE%E0%A6%B0%E0%A7%87-%E0%A6%95%E0%A6%AE%E0%A7%87%E0%A6%9B%E0%A7%87-%E0%A6%A4%E0%A7%87%E0%A6%B2%E0%A7%87%E0%A6%B0-%E0%A6%A6%E0%A6%BE%E0%A6%AE,2026-09-18,বিশ্ববাজারে কমেছে তেলের দাম,2026,4,True,True,1,4,0,0,0,0,0,0,0,0,0,0,0,0,0,0
samakal:https://samakal.com/bangladesh/article/373855/%E0%A6%9C%E0%A7%8D%E0%A6%AC%E0%A6%BE%E0%A6%B2%E0%A6%BE%E0%A6%A8%E0%A6%BF-%E0%A6%A4%E0%A7%87%E0%A6%B2%E0%A7%87%E0%A6%B0-%E0%A6%A6%E0%A6%BE%E0%A6%AE-%E0%A6%AC%E0%A6%BE%E0%A7%9C%E0%A6%B2-%E0%A6%B2%E0%A6%BF%E0%A6%9F%E0%A6%BE%E0%A6%B0%E0%A7%87-%E0%A7%A8%E0%A7%A6-%E0%A6%9F%E0%A6%BE%E0%A6%95%E0%A6%BE,samakal,bn,https://samakal.com/bangladesh/article/373855/%E0%A6%9C%E0%A7%8D%E0%A6%AC%E0%A6%BE%E0%A6%B2%E0%A6%BE%E0%A6%A8%E0%A6%BF-%E0%A6%A4%E0%A7%87%E0%A6%B2%E0%A7%87%E0%A6%B0-%E0%A6%A6%E0%A6%BE%E0%A6%AE-%E0%A6%AC%E0%A6%BE%E0%A7%9C%E0%A6%B2-%E0%A6%B2%E0%A6%BF%E0%A6%9F%E0%A6%BE%E0%A6%B0%E0%A7%87-%E0%A7%A8%E0%A7%A6-%E0%A6%9F%E0%A6%BE%E0%A6%95%E0%A6%BE,2026-09-20,জ্বালানি তেলের দাম বাড়ল লিটারে ২০ টাকা,2026,29,True,True,1,4,0,0,0,0,0,0,0,0,0,0,1,5,0,0
samakal:https://samakal.com/bangladesh/article/373940/%E0%A6%B2%E0%A7%8B%E0%A6%95%E0%A6%B8%E0%A6%BE%E0%A6%A8%E0%A7%87%E0%A6%B0-%E0%A6%95%E0%A6%BE%E0%A6%B0%E0%A6%A3%E0%A7%87-%E0%A6%9C%E0%A7%8D%E0%A6%AC%E0%A6%BE%E0%A6%B2%E0%A6%BE%E0%A6%A8%E0%A6%BF%E0%A6%B0-%E0%A6%A6%E0%A6%BE%E0%A6%AE-%E0%A6%AC%E0%A7%83%E0%A6%A6%E0%A7%8D%E0%A6%A7%E0%A6%BF-%E0%A6%A6%E0%A6%BE%E0%A6%AC%E0%A6%BF-%E0%A6%AC%E0%A6%BF%E0%A6%AA%E0%A6%BF%E0%A6%B8%E0%A6%BF%E0%A6%B0,samakal,bn,https://samakal.com/bangladesh/article/373940/%E0%A6%B2%E0%A7%8B%E0%A6%95%E0%A6%B8%E0%A6%BE%E0%A6%A8%E0%A7%87%E0%A6%B0-%E0%A6%95%E0%A6%BE%E0%A6%B0%E0%A6%A3%E0%A7%87-%E0%A6%9C%E0%A7%8D%E0%A6%AC%E0%A6%BE%E0%A6%B2%E0%A6%BE%E0%A6%A8%E0%A6%BF%E0%A6%B0-%E0%A6%A6%E0%A6%BE%E0%A6%AE-%E0%A6%AC%E0%A7%83%E0%A6%A6%E0%A7%8D%E0%A6%A7%E0%A6%BF-%E0%A6%A6%E0%A6%BE%E0%A6%AC%E0%A6%BF-%E0%A6%AC%E0%A6%BF%E0%A6%AA%E0%A6%BF%E0%A6%B8%E0%A6%BF%E0%A6%B0,2026-09-21,"লোকসানের কারণে জ্বালানির দাম বৃদ্ধি, দাবি বিপিসির",2026,32,True,True,1,4,0,0,0,0,0,0,0,0,0,0,1,9,0,0
samakal:https://samakal.com/bangladesh/article/373879/%E0%A6%B2%E0%A7%8B%E0%A6%95%E0%A6%B8%E0%A6%BE%E0%A6%A8%E0%A7%87%E0%A6%B0-%E0%A6%95%E0%A6%BE%E0%A6%B0%E0%A6%A3%E0%A7%87-%E0%A6%9C%E0%A7%8D%E0%A6%AC%E0%A6%BE%E0%A6%B2%E0%A6%BE%E0%A6%A8%E0%A6%BF-%E0%A6%A4%E0%A7%87%E0%A6%B2%E0%A7%87%E0%A6%B0-%E0%A6%A6%E0%A6%BE%E0%A6%AE-%E0%A6%AC%E0%A7%83%E0%A6%A6%E0%A7%8D%E0%A6%A7%E0%A6%BF-%E0%A6%A6%E0%A6%BE%E0%A6%AC%E0%A6%BF-%E0%A6%AC%E0%A6%BF%E0%A6%AA%E0%A6%BF%E0%A6%B8%E0%A6%BF%E0%A6%B0,samakal,bn,https://samakal.com/bangladesh/article/373879/%E0%A6%B2%E0%A7%8B%E0%A6%95%E0%A6%B8%E0%A6%BE%E0%A6%A8%E0%A7%87%E0%A6%B0-%E0%A6%95%E0%A6%BE%E0%A6%B0%E0%A6%A3%E0%A7%87-%E0%A6%9C%E0%A7%8D%E0%A6%AC%E0%A6%BE%E0%A6%B2%E0%A6%BE%E0%A6%A8%E0%A6%BF-%E0%A6%A4%E0%A7%87%E0%A6%B2%E0%A7%87%E0%A6%B0-%E0%A6%A6%E0%A6%BE%E0%A6%AE-%E0%A6%AC%E0%A7%83%E0%A6%A6%E0%A7%8D%E0%A6%A7%E0%A6%BF-%E0%A6%A6%E0%A6%BE%E0%A6%AC%E0%A6%BF-%E0%A6%AC%E0%A6%BF%E0%A6%AA%E0%A6%BF%E0%A6%B8%E0%A6%BF%E0%A6%B0,2026-09-21,"লোকসানের কারণে জ্বালানি তেলের দাম বৃদ্ধি, দাবি বিপিসির",2026,19,True,True,1,4,0,0,0,0,0,0,0,0,0,0,1,9,0,0
samakal:https://samakal.com/bangladesh/article/373877/%E0%A6%AC%E0%A6%BF%E0%A6%8F%E0%A6%A8%E0%A6%AA%E0%A6%BF-%E0%A6%B8%E0%A6%B0%E0%A6%95%E0%A6%BE%E0%A6%B0%E0%A7%87%E0%A6%B0-%E0%A7%AD-%E0%A6%AE%E0%A6%BE%E0%A6%B8%E0%A7%87-%E0%A6%A4%E0%A7%87%E0%A6%B2%E0%A7%87%E0%A6%B0-%E0%A6%A6%E0%A6%BE%E0%A6%AE-%E0%A6%AC%E0%A6%BE%E0%A7%9C%E0%A6%B2-%E0%A7%A9%E0%A7%AB-%E0%A7%AA%E0%A7%AB-%E0%A6%9F%E0%A6%BE%E0%A6%95%E0%A6%BE,samakal,bn,https://samakal.com/bangladesh/article/373877/%E0%A6%AC%E0%A6%BF%E0%A6%8F%E0%A6%A8%E0%A6%AA%E0%A6%BF-%E0%A6%B8%E0%A6%B0%E0%A6%95%E0%A6%BE%E0%A6%B0%E0%A7%87%E0%A6%B0-%E0%A7%AD-%E0%A6%AE%E0%A6%BE%E0%A6%B8%E0%A7%87-%E0%A6%A4%E0%A7%87%E0%A6%B2%E0%A7%87%E0%A6%B0-%E0%A6%A6%E0%A6%BE%E0%A6%AE-%E0%A6%AC%E0%A6%BE%E0%A7%9C%E0%A6%B2-%E0%A7%A9%E0%A7%AB-%E0%A7%AA%E0%A7%AB-%E0%A6%9F%E0%A6%BE%E0%A6%95%E0%A6%BE,2026-09-21,বিএনপি সরকারের ৭ মাসে তেলের দাম বাড়ল ৩৫-৪৫ টাকা,2026,46,True,True,1,9,0,0,0,0,0,0,0,0,0,0,1,2,0,0
samakal:https://samakal.com/bangladesh/article/373876/%E0%A6%9C%E0%A7%8D%E0%A6%AC%E0%A6%BE%E0%A6%B2%E0%A6%BE%E0%A6%A8%E0%A6%BF-%E0%A6%A4%E0%A7%87%E0%A6%B2%E0%A7%87%E0%A6%B0-%E0%A6%A6%E0%A6%BE%E0%A6%AE-%E0%A6%87%E0%A6%A4%E0%A6%BF%E0%A6%B9%E0%A6%BE%E0%A6%B8%E0%A7%87-%E0%A6%B8%E0%A6%B0%E0%A7%8D%E0%A6%AC%E0%A7%8B%E0%A6%9A%E0%A7%8D%E0%A6%9A-%E0%A6%B2%E0%A6%BF%E0%A6%9F%E0%A6%BE%E0%A6%B0%E0%A7%87-%E0%A6%AC%E0%A7%83%E0%A6%A6%E0%A7%8D%E0%A6%A7%E0%A6%BF-%E0%A7%A8%E0%A7%A6-%E0%A6%9F%E0%A6%BE%E0%A6%95%E0%A6%BE,samakal,bn,https://samakal.com/bangladesh/article/373876/%E0%A6%9C%E0%A7%8D%E0%A6%AC%E0%A6%BE%E0%A6%B2%E0%A6%BE%E0%A6%A8%E0%A6%BF-%E0%A6%A4%E0%A7%87%E0%A6%B2%E0%A7%87%E0%A6%B0-%E0%A6%A6%E0%A6%BE%E0%A6%AE-%E0%A6%87%E0%A6%A4%E0%A6%BF%E0%A6%B9%E0%A6%BE%E0%A6%B8%E0%A7%87-%E0%A6%B8%E0%A6%B0%E0%A7%8D%E0%A6%AC%E0%A7%8B%E0%A6%9A%E0%A7%8D%E0%A6%9A-%E0%A6%B2%E0%A6%BF%E0%A6%9F%E0%A6%BE%E0%A6%B0%E0%A7%87-%E0%A6%AC%E0%A7%83%E0%A6%A6%E0%A7%8D%E0%A6%A7%E0%A6%BF-%E0%A7%A8%E0%A7%A6-%E0%A6%9F%E0%A6%BE%E0%A6%95%E0%A6%BE,2026-09-21,"জ্বালানি তেলের দাম ইতিহাসে সর্বোচ্চ, লিটারে বৃদ্ধি ২০ টাকা",2026,71,True,True,1,13,0,0,0,0,1,2,0,0,0,0,1,11,0,0
